tree
version=v4
num_class=1
num_tree_per_iteration=1
label_index=0
max_feature_idx=1
objective=regression
feature_names=voltage c_rate
feature_infos=[1.9640518711887227:4.2230744604560417] [-0.67813262469646896:1.009383422611559]
tree_sizes=2809 2897 2891 2880 2888 2889 2891 2893 2888 2895 2898 2895 2898 2895 2899 2899 2904 2905 2904 2900 2910 2903 2909 2912 2902 2902 2908 2904 2900 2913 2893 2909 2913 2914 2901 2904 2902 2881 2907 2884 2923 2917 2930 2884 2922 2909 2920 2908 2928 2893 2923 2893 2902 2890 2931 2930 2929 2934 2931 2937 2910 2950 2914 2942 2934 2948 2949 2921 2947 2933 2924 2912 2924 2932 2947 2969 2958 2950 2931 2904 2952 2963 2935 2925 2918 2935 2900 2934 2903 2935 2891 2900 2910 2933 2923 2895 2919 2924 2909 2927 2930 2931 2908 2921 2934 2865 2876 2882 2882 2948 2918 2909 2934 2869 2901 2886 2907 2887 2882 2863 2878 2925 2873 2901 2874 2850 2865 2843 2852 2832 2896 2894 2870 2838 2802 2932 2795 2922 2789 2948 2868 2874 2849 2915 2915 2889 2908 2940 2878 2872 2869 2834 2850 2839 2867 2820 2826 2830 2812 2834 2877 2879 2922 2842 2873 2970 2890 2886 2858 2959 2823 2827 2845 2860 2891 2812 2811 2763 2799 2844

Tree=0
num_leaves=31
num_cat=0
split_feature=0 1 1 0 1 1 0 0 0 1 1 1 1 1 0 1 1 1 0 1 0 0 1 0 0 0 0 1 0 0
split_gain=3.47099e+07 2.80917e+07 7.94161e+06 1.06995e+07 3.55151e+06 3.12408e+06 1.65137e+06 1.53798e+06 1.26422e+06 608222 484575 397115 355662 346911 343566 249442 230156 229236 228510 168540 167591 146238 145398 134194 132574 131835 123675 117453 117002 96770.6
threshold=4.2035116318896408 0.29651250649177335 -0.6616821142420839 3.4388022870276038 0.12274998313435825 0.52999857268208184 3.2339217085615384 4.1881520144172528 3.5981631387971817 0.41943572418293468 0.20351948771976511 0.075124395759681578 0.41080745890771148 0.69194094421133112 4.1108919008022484 0.82659308966095224 0.26948431542544993 -0.66926218500895385 3.017657434145895 -0.0022132866865079664 3.7276973426772373 3.3329922903862736 -0.66926218500895385 4.2080529843511281 4.2081656876842208 3.5221603261481738 4.2087076272842721 -0.66926218500895385 4.2101662756017779 4.2077310619281354
decision_type=2 2 2 2 2 2 2 2 2 2 2 2 2 2 2 2 2 2 2 2 2 2 2 2 2 2 2 2 2 2
left_child=2 4 3 6 11 12 18 14 22 16 26 -2 24 -7 19 -16 -9 -8 -1 -4 -10 -19 -5 -12 -3 -24 -6 -20 -15 -14
right_child=1 5 7 8 10 13 17 9 20 -11 23 -13 29 28 15 -17 -18 21 27 -21 -22 -23 25 -25 -26 -27 -28 -29 -30 -31
leaf_value=66.04077345934364 70.464226756239484 68.368335802737477 66.752556741013734 69.424003927733139 69.506775207009952 67.633729973328784 68.30642594067929 70.611883336421116 69.684574617211467 66.908543869322003 68.948831571377042 70.144868961619721 67.884469778882476 67.098484834481269 70.611904888908342 66.472186576343688 68.429438538900484 67.087870042055982 67.278154592939359 65.718937402792051 70.299788226192035 67.722375321345694 68.374103165995976 69.395756935742085 68.914752033786968 68.977714711551997 69.849653384328207 66.50344877929237 66.012910067806118 68.373308882457977
leaf_weight=2622 27279 1423 429 726 3588 4909 1052 168 2341 756 2267 15135 1439 4715 37 2203 430 1498 664 4888 2100 2306 1985 6482 5048 1662 9849 1859 262 3415
leaf_count=2622 27279 1423 429 726 3588 4909 1052 168 2341 756 2267 15135 1439 4715 37 2203 430 1498 664 4888 2100 2306 1985 6482 5048 1662 9849 1859 262 3415
internal_value=69.0668 69.5638 67.5288 68.1112 70.0821 67.985 66.9918 66.2992 69.3813 67.851 69.5695 70.3503 68.5519 67.3355 66.0212 66.5406 69.0426 67.6532 66.3676 65.8023 69.9755 67.4725 68.7778 69.28 68.7946 68.6492 69.7581 66.7073 67.0413 68.2284
internal_weight=113537 85811 27726 18815 64600 21211 10001 8911 8814 1354 22186 42414 11325 9886 7557 2240 598 4856 5145 5317 4441 3804 4373 8749 6471 3647 13437 2523 4977 4854
internal_count=113537 85811 27726 18815 64600 21211 10001 8911 8814 1354 22186 42414 11325 9886 7557 2240 598 4856 5145 5317 4441 3804 4373 8749 6471 3647 13437 2523 4977 4854
is_linear=0
shrinkage=1


Tree=1
num_leaves=31
num_cat=0
split_feature=0 1 1 0 1 1 0 0 0 1 1 1 1 0 1 1 0 0 0 1 0 0 0 1 0 1 0 1 1 0
split_gain=3.13257e+07 2.53633e+07 7.1673e+06 9.65633e+06 3.07167e+06 2.9673e+06 1.49586e+06 1.39541e+06 1.14096e+06 898898 403582 357310 340491 324422 251196 220228 173566 157275 152530 144670 134689 134047 131930 162063 105595 99967.7 90900.9 86026.1 68792.3 67933.9
threshold=4.2035116318896408 0.28594241921769475 -0.6616821142420839 3.4388022870276038 0.51724704080845141 0.12189421406015719 3.2090593733856294 4.163209113926416 3.5981631387971817 0.44135527888097464 0.1867254703448655 0.69194094421133112 0.074573776278504686 4.2085508141781736 0.26948431542544993 -0.66926218500895385 3.3329922903862736 2.955481300684514 3.7107793083163441 0.4013054117227623 4.2086262929321903 3.5079858025000532 4.0844980415780485 -0.0022132866865079664 4.2101662756017779 -0.66926218500895385 4.2089699472680069 0.94133524972883265 -0.66926218500895385 4.2067386580003294
decision_type=2 2 2 2 2 2 2 2 2 2 2 2 2 2 2 2 2 2 2 2 2 2 2 2 2 2 2 2 2 2
left_child=2 5 3 6 13 12 17 22 21 14 26 -6 -2 -3 -9 -8 -17 -1 -10 -15 -12 28 23 -4 -13 -19 -7 -11 -5 -14
right_child=1 4 7 8 11 10 15 9 18 27 20 24 29 19 -16 16 -18 25 -20 -21 -22 -23 -24 -25 -26 -27 -28 -29 -30 -31
leaf_value=-2.9279968829642073 1.3314862941832453 -0.80352933436283291 -2.1970424321703699 0.093006411800888603 -1.3339160802005612 0.47772654437377488 -0.78468386081713049 1.4693217128964526 0.5561959713025254 -1.8234285264233359 -0.010882875521849938 -1.8684107621477115 0.86728762518230695 -0.094658518673643319 -0.64742221578578407 -1.9294518090135602 -1.2757147993094387 -1.8262056264139357 1.1430295090348614 -0.55290799742919228 0.39108791962796313 -0.021819230157668758 -2.621308868934666 -3.2144919614473482 -2.8997067859154626 -2.5376297463151745 0.7919443528613892 -2.5621193869380789 -0.70784041837262968 1.1018645762735861
leaf_weight=2183 26848 3952 429 320 5343 3160 1164 199 2106 765 2927 4715 4319 5181 474 1814 2306 672 2335 2580 7235 2398 1768 4463 262 1862 8474 813 1655 10815
leaf_count=2183 26848 3952 429 320 5343 3160 1164 199 2106 765 2927 4715 4319 5181 474 1814 2306 672 2335 2580 7235 2398 1768 4463 262 1862 8474 813 1655 10815
internal_value=0.00150505 0.473594 -1.45959 -0.906352 -0.98892 0.97884 -1.96973 -2.62773 0.300237 -1.55149 0.505516 -1.61787 1.22458 -0.434771 -0.0215202 -1.39198 -1.56355 -2.61694 0.864743 -0.246995 0.275307 -0.273047 -2.99148 -3.12527 -1.9227 -2.34896 0.706597 -2.20401 -0.578083 1.03492
internal_weight=113537 85811 27726 18815 22033 63778 10001 8911 8814 2251 21796 10320 41982 11713 673 5284 4120 4717 4441 7761 10162 4373 6660 4892 4977 2534 11634 1578 1975 15134
internal_count=113537 85811 27726 18815 22033 63778 10001 8911 8814 2251 21796 10320 41982 11713 673 5284 4120 4717 4441 7761 10162 4373 6660 4892 4977 2534 11634 1578 1975 15134
is_linear=0
shrinkage=0.05


Tree=2
num_leaves=31
num_cat=0
split_feature=0 1 1 0 1 1 0 0 0 1 1 1 1 1 1 1 0 0 1 0 0 0 1 0 0 0 0 0 1 1
split_gain=2.82714e+07 2.29173e+07 6.46849e+06 8.72101e+06 3.39624e+06 2.07015e+06 1.25936e+06 1.2051e+06 1.17215e+06 811922 490270 345137 264011 231052 211361 194157 177780 142489 139388 123249 121120 119067 146262 108947 99816.1 95913.5 81167.5 79675.7 77551.1 74325.5
threshold=4.2035116318896408 0.32073511501343061 -0.6616821142420839 3.425455265970681 0.14214410725072932 0.55552898264406514 4.163209113926416 3.2090593733856294 3.5822972156049366 0.47337442032806615 0.076253456689842306 0.21968849704797191 0.44135527888097464 0.26948431542544993 0.76175444319795671 -0.66926218500895385 3.7022896494328408 3.017657434145895 -0.66926218500895385 3.3329922903862736 4.2080529843511281 4.0844980415780485 -0.0022132866865079664 4.2080529843511281 3.5079858025000532 4.2087076272842721 4.2069679798942632 4.2094031629545396 -0.66926218500895385 0.94133524972883265
decision_type=2 2 2 2 2 2 2 2 2 2 2 2 2 2 2 2 2 2 2 2 2 2 2 2 2 2 2 2 2 2
left_child=2 4 3 7 10 12 21 17 18 13 -2 25 20 -8 -7 -9 -10 -1 -5 -17 -3 22 -4 -13 -20 -6 -12 -16 -19 -11
right_child=1 5 6 8 11 14 9 15 16 29 26 23 -14 -15 27 19 -18 28 24 -21 -22 -23 -24 -25 -26 -27 -28 -29 -30 -31
leaf_value=-2.7317326417685828 1.2579982134297161 -0.75923203868582434 -2.0871903122582913 0.27755871929161596 0.2862294239784004 -1.4348818819598972 1.3958556026669604 -0.78268012834012268 0.46255083776712386 -1.7443423603443389 0.76178299483021006 -0.20395756857602598 -0.87274934548446648 -0.6262124602248782 -1.8659936577942546 -1.8329791713050079 1.0689469043162443 -1.670046231021052 -0.71826280362595341 -1.2609448980018725 -0.23925615610940529 -2.4902434079355782 -3.0537673556160936 0.20957114780623734 -0.19333866580541001 0.61759171638664734 0.99331986109415693 -2.7638997699596266 -2.3606096392549332 -2.4340134318024473
leaf_weight=2622 28177 1482 429 726 2974 5795 199 1106 2356 752 5357 2102 4469 487 2908 1814 2482 552 2003 1958 4584 1768 4463 6574 1653 8219 12900 270 1543 813
leaf_count=2622 28177 1482 429 726 2974 5795 199 1106 2356 752 5357 2102 4469 487 2908 1814 2482 552 2003 1958 4584 1768 4463 6574 1653 8219 12900 270 1543 813
internal_value=0.0014298 0.449914 -1.38661 -0.861034 0.893135 -1.05649 -2.49634 -1.91626 0.237108 -1.47392 1.12722 0.346079 -0.581134 -0.0396359 -1.61459 -1.36523 0.773645 -2.48609 -0.355263 -1.53604 -0.366293 -2.84191 -2.969 0.109382 -0.480927 0.529548 0.925382 -1.94228 -2.17866 -2.10262
internal_weight=113537 85811 27726 18815 66303 19508 8911 9595 9220 2251 46434 19869 10535 686 8973 4878 4838 4717 4382 3772 6066 6660 4892 8676 3656 11193 18257 3178 2095 1565
internal_count=113537 85811 27726 18815 66303 19508 8911 9595 9220 2251 46434 19869 10535 686 8973 4878 4838 4717 4382 3772 6066 6660 4892 8676 3656 11193 18257 3178 2095 1565
is_linear=0
shrinkage=0.05


Tree=3
num_leaves=31
num_cat=0
split_feature=0 1 1 0 1 1 0 0 0 1 1 1 1 0 0 0 1 1 1 1 1 0 0 0 0 0 1 0 1 1
split_gain=2.5515e+07 2.06956e+07 5.83781e+06 7.87558e+06 2.73598e+06 2.18412e+06 1.36208e+06 1.13834e+06 812730 449305 367984 301455 260155 254838 244277 215036 177019 168705 147192 118216 115567 107863 103853 102659 97536 90200.5 88017.8 79366.9 68867.9 68026.7
threshold=4.2035116318896408 0.30238758275585748 -0.6616821142420839 3.4521320138615228 0.13568807367758204 0.52999857268208184 3.2562269708225906 4.1881520144172528 3.6144161971290862 0.38248090967220355 0.075689531124609646 0.20351948771976511 0.67611158993753573 4.1317818897369714 4.2083814024886363 3.0674868398523891 0.82659308966095224 -0.66926218500895385 0.26948431542544993 0.42905479745205016 -0.0022132866865079664 4.2080529843511281 3.5367771867072357 3.367097349452131 3.7587056847616118 4.2101662756017779 -0.66926218500895385 4.2087076272842721 -0.66926218500895385 0.94133524972883265
decision_type=2 2 2 2 2 2 2 2 2 2 2 2 2 2 2 2 2 2 2 2 2 2 2 2 2 2 2 2 2 2
left_child=2 4 3 6 10 14 15 13 22 18 -2 27 -7 20 -3 -1 -15 -8 -9 -16 -4 -13 28 -19 -10 -14 -17 -6 -5 -11
right_child=1 5 7 8 11 12 17 9 24 29 -12 21 25 16 19 26 -18 23 -20 -21 -22 -23 -24 -25 -26 -27 -28 -29 -30 -31
leaf_value=-2.5553856095975291 1.1975670334941995 -0.80139554680056213 -1.9828308089115247 0.20962901155888092 0.3393597288270897 -1.2009407175803544 -0.54729442007257834 1.3260589940207346 0.62214720183668204 -1.3604505966236067 0.90175270855419754 -0.1155079563939397 -1.670665008864165 1.3814716127183704 -0.16303812685172114 -1.4404928658689773 -2.1605021662363724 -1.5503385407848085 -0.46708775294690413 -0.59880616164542821 -2.8358091902286375 0.27535417136954493 0.11326772462824197 -1.0331486650339032 1.1189182186296704 -2.6215990372286502 -2.1085690458164801 0.64058884392500526 -0.50216940108868957 -2.2737120291304915
leaf_weight=3033 27721 3509 429 411 2980 4450 1002 168 2393 462 16936 2384 5174 36 5152 672 1752 1806 359 2230 5340 6799 1955 2047 1683 262 1851 8214 1962 365
leaf_count=3033 27721 3509 429 411 2980 4450 1002 168 2393 462 16936 2384 5174 36 5152 672 1752 1806 359 2230 5340 6799 1955 2047 1683 262 1851 8214 1962 365
internal_value=0.00135832 0.427419 -1.31728 -0.817982 0.866311 -0.946358 -1.73707 -2.37153 0.320595 -1.03644 1.08538 0.386212 -1.48443 -2.61073 -0.457938 -2.27168 -2.08919 -1.12526 0.104542 -0.294678 -2.77238 0.173882 -0.156576 -1.27557 0.827266 -1.7165 -1.93063 0.560397 -0.378887 -1.76352
internal_weight=113537 85811 27726 18815 65034 20777 10411 8911 8404 1354 44657 20377 9886 7557 10891 5556 1788 4855 527 7382 5769 9183 4328 3853 4076 5436 2523 11194 2373 827
internal_count=113537 85811 27726 18815 65034 20777 10411 8911 8404 1354 44657 20377 9886 7557 10891 5556 1788 4855 527 7382 5769 9183 4328 3853 4076 5436 2523 11194 2373 827
is_linear=0
shrinkage=0.05


Tree=4
num_leaves=31
num_cat=0
split_feature=0 1 1 0 1 1 0 0 0 1 1 1 0 1 1 1 0 0 0 0 1 0 1 0 0 1 0 1 1 1
split_gain=2.30273e+07 1.86874e+07 5.26862e+06 7.11637e+06 2.26334e+06 2.20034e+06 1.02969e+06 988155 955814 663654 364767 304754 227788 206896 189698 169305 130278 128545 115692 114634 101592 101047 120024 89656.4 85056.8 76686.6 68459.7 63203.3 60901.1 59508.1
threshold=4.2035116318896408 0.28594241921769475 -0.6616821142420839 3.425455265970681 0.50662256577213383 0.11374937157749035 4.163209113926416 3.1798972002998278 3.5981631387971817 0.48363323162759736 0.17368075333817284 0.66046176821179381 4.2083814024886363 0.061351089184763445 0.26948431542544993 -0.66926218500895385 3.3150374316227009 3.5079858025000532 4.2087076272842721 3.7276973426772373 0.38248090967220355 4.0844980415780485 -0.0022132866865079664 2.8775961260131271 4.2101662756017779 -0.66926218500895385 4.2093540619516814 -0.66926218500895385 0.94133524972883265 0.8682140037659869
decision_type=2 2 2 2 2 2 2 2 2 2 2 2 2 2 2 2 2 2 2 2 2 2 2 2 2 2 2 2 2 2
left_child=2 5 3 7 12 13 21 23 17 14 26 -6 -3 -2 -8 -9 -17 27 -12 -10 -14 22 -4 -1 29 -25 -7 -5 -11 -13
right_child=1 4 6 8 11 10 9 15 19 28 18 24 20 -15 -16 16 -18 -19 -20 -21 -22 -23 -24 25 -26 -27 -28 -29 -30 -31
leaf_value=-2.5698673818641695 1.1711117873476171 -0.69920350219111227 -1.8836892641507665 0.056906331893766218 -1.0753795675259716 0.47290189295377294 1.2593282848147291 -0.75642060716560022 0.50240400260026319 -1.5752759164877015 0.02351588137959754 -1.4944227192502852 -0.056930530152462189 0.94180351245155114 -0.56751608522927444 -1.7399705526621447 -1.1724461575234122 -0.017458262088090287 0.36587908935011132 1.0112150181986037 -0.42059586635748886 -2.2414580068976631 -2.7592885304800792 -1.6498628284864467 -2.4905190802712478 -2.2705105794345872 0.73323289488661403 -0.64800272991855667 -2.2017463323961475 -1.9238508662728013
leaf_weight=1749 21885 3357 429 378 4873 3596 199 1218 2341 742 3483 4652 4633 17868 497 1840 2245 2398 8464 2100 3280 1768 4463 679 262 1864 8482 2003 813 976
leaf_count=1749 21885 3357 429 378 4873 3596 199 1218 2341 742 3483 4652 4633 17868 497 1840 2245 2398 8464 2100 3280 1768 4463 679 262 1864 8482 2003 813 976
internal_value=0.0012904 0.406048 -1.25142 -0.777083 -0.849322 0.839733 -2.25295 -1.7303 0.2149 -1.32844 0.461958 -1.36789 -0.354085 1.06804 -0.0451856 -1.27381 -1.42808 -0.275853 0.266067 0.743004 -0.207673 -2.56542 -2.6825 -2.29431 -1.60989 -2.10479 0.655724 -0.536094 -1.90281 -1.56889
internal_weight=113537 85811 27726 18815 22033 63778 8911 9595 9220 2251 24025 10763 11270 39753 696 5303 4085 4779 11947 4441 7913 6660 4892 4292 5890 2543 12078 2381 1555 5628
internal_count=113537 85811 27726 18815 22033 63778 8911 9595 9220 2251 24025 10763 11270 39753 696 5303 4085 4779 11947 4441 7913 6660 4892 4292 5890 2543 12078 2381 1555 5628
is_linear=0
shrinkage=0.05


Tree=5
num_leaves=31
num_cat=0
split_feature=0 1 1 0 1 1 0 0 0 1 1 1 1 0 1 1 1 1 0 1 0 0 0 0 1 0 0 0 1 1
split_gain=2.08238e+07 1.69615e+07 4.85066e+06 6.45324e+06 2.50958e+06 1.55113e+06 976564 896406 794225 590345 363932 266685 222332 169865 152502 147081 140323 116555 99737.7 104263 91339 84541.8 83369.9 79908.9 74254.7 73070.7 72570.8 71368.8 60720.3 55214.4
threshold=4.2035116318896408 0.32073511501343061 -0.6616821142420839 3.4119034434975446 0.14214410725072932 0.56918043419434328 3.5668801272128876 4.163209113926416 3.1798972002998278 0.39186529923390212 0.08336917217557635 0.23346936377827318 0.44135527888097464 3.6838237122462423 -0.66926218500895385 0.82659308966095224 0.26948431542544993 -0.66926218500895385 4.0511569599221975 -0.0022132866865079664 3.2962372605943853 4.2080529843511281 2.955481300684514 4.2086262929321903 0.94133524972883265 3.4798280264228474 4.2091428143259337 4.2080529843511281 0.060706366511186473 -0.66926218500895385
decision_type=2 2 2 2 2 2 2 2 2 2 2 2 2 2 2 2 2 2 2 2 2 2 2 2 2 2 2 2 2 2
left_child=2 4 3 8 10 12 17 18 22 16 28 23 21 -8 -10 -7 -9 -5 19 -4 -16 -3 -1 -6 -11 -19 -12 -13 -2 -24
right_child=1 5 7 6 11 15 13 9 14 24 26 27 -14 -15 20 -17 -18 25 -20 -21 -22 -23 29 -25 -26 -27 -28 -29 -30 -31
leaf_value=-2.3956930843577053 1.1142271897078804 -0.6439508055658445 -1.8365843423260249 0.19199331849500278 0.22608625402644408 -1.3036945296486055 0.32464943761271869 1.1963196077495042 -0.73643999076759659 -1.4320437809383428 0.60327757316006747 -0.21695757150259387 -0.76820349293022383 0.89315132742415515 -1.6989091108353411 -1.8005328858713341 -0.457766296382974 -0.74029762874324723 -2.164039140987652 -2.6521892667230422 -1.196366490726265 -0.20747920649605078 -1.5299750261647362 0.51193055036741353 -2.0940457977542812 -0.29327701801327738 0.84030688497151296 0.14525265799360373 0.95920055697535767 -2.1099407604585094
leaf_weight=2199 21424 1465 434 736 3331 6681 2486 193 1122 864 4472 1800 4844 2787 1525 1917 382 1681 2238 4034 2221 4571 560 9192 831 2004 11620 5563 8957 1536
leaf_count=2199 21424 1465 434 736 3331 6681 2486 193 1122 864 4472 1800 4844 2787 1525 1917 382 1681 2238 4034 2221 4571 560 9192 831 2004 11620 5563 8957 1536
internal_value=-0.000602136 0.384761 -1.18906 -0.733659 0.765552 -0.912545 0.165611 -2.14578 -1.68504 -1.28697 0.96669 0.295498 -0.515896 0.625126 -1.24779 -1.41447 0.0974312 -0.382461 -2.43649 -2.57297 -1.40095 -0.313415 -2.18062 0.435899 -1.7566 -0.497196 0.774436 0.0567047 1.06852 -1.95499
internal_weight=113670 85837 27833 18857 66359 19478 9694 8976 9163 2270 46473 19886 10880 5273 4868 8598 575 4421 6706 4468 3746 6036 4295 12523 1695 3685 16092 7363 30381 2096
internal_count=113670 85837 27833 18857 66359 19478 9694 8976 9163 2270 46473 19886 10880 5273 4868 8598 575 4421 6706 4468 3746 6036 4295 12523 1695 3685 16092 7363 30381 2096
is_linear=0
shrinkage=0.05


Tree=6
num_leaves=31
num_cat=0
split_feature=0 1 1 0 1 1 0 0 0 1 1 1 0 1 0 1 1 1 0 0 1 1 1 0 0 1 0 0 1 0
split_gain=1.87935e+07 1.53196e+07 4.37772e+06 5.82405e+06 1.86327e+06 1.80332e+06 881349 809007 717339 532786 298684 261902 183523 164489 153336 128448 126642 105191 99521 90696.4 88398.4 85595.8 82767 80319.9 67550.8 67014.8 65946.3 62195.9 60326.1 52438.5
threshold=4.2035116318896408 0.28594241921769475 -0.6616821142420839 3.4119034434975446 0.50662256577213383 0.11374937157749035 3.5668801272128876 4.163209113926416 3.2090593733856294 0.39186529923390212 0.1867254703448655 0.63060179185295528 4.2083814024886363 0.061351089184763445 3.6940139724464429 -0.66926218500895385 0.26948431542544993 -0.66926218500895385 2.955481300684514 4.0844980415780485 -0.0022132866865079664 0.8682140037659869 0.36656638181485618 4.2060821430719466 4.2090870767876725 0.94133524972883265 3.4798280264228474 3.3150374316227009 -0.66926218500895385 4.2083814024886363
decision_type=2 2 2 2 2 2 2 2 2 2 2 2 2 2 2 2 2 2 2 2 2 2 2 2 2 2 2 2 2 2
left_child=2 5 3 8 12 13 17 19 18 16 24 -6 -3 -2 -8 -10 -9 -5 -1 20 -4 -13 -14 -12 -7 -11 -19 -17 -20 -15
right_child=1 4 7 6 11 10 14 9 15 25 23 21 22 29 -16 27 -18 26 28 -21 -22 -23 -24 -25 -26 -27 -28 -29 -30 -31
leaf_value=-2.2759084168972348 1.0568400405861098 -0.62908331375164095 -1.7447551180050636 0.18239364850527162 -0.9194248682778785 0.38832890999080411 0.32511076099764813 1.1365036287455978 -0.65114404258628078 -1.3604415822912146 -0.028046881368593929 -1.3497746360302267 -0.02871501893887762 0.72460930077323793 0.86436782869406881 -1.5300081191210468 -0.43487799088787588 -0.70328274558939308 -1.4074410608938865 -2.0110979981952246 -2.4921673046241719 -1.8248418136685434 -0.353396919152828 0.29332409841822454 0.63511747857740675 -1.9893434937680241 -0.27861316714599865 -1.1012727612394384 -1.962233869234721 0.90974755307267297
leaf_weight=2199 21855 3371 434 736 3999 3826 2645 193 1016 864 2617 5659 4000 5543 2628 1519 382 1681 666 1800 4472 1139 3854 7563 10073 831 2004 1909 1854 12338
leaf_count=2199 21855 3371 434 736 3999 3826 2645 193 1016 864 2617 5659 4000 5543 2628 1519 382 1681 666 1800 4472 1139 3854 7563 10073 831 2004 1909 1854 12338
internal_value=-0.000572031 0.365523 -1.12961 -0.696976 -0.771553 0.757918 0.15733 -2.03849 -1.60079 -1.22262 0.416475 -1.2405 -0.320489 0.964823 0.59387 -1.14491 0.0925597 -0.363338 -2.0301 -2.31467 -2.42605 -1.42937 -0.188038 0.210708 0.567184 -1.66877 -0.472336 -1.29125 -1.81561 0.852356
internal_weight=113670 85837 27833 18857 22022 63815 9694 8976 9163 2270 24079 10797 11225 39736 5273 4444 575 4421 4719 6706 4906 6798 7854 10180 13899 1695 3685 3428 2520 17881
internal_count=113670 85837 27833 18857 22022 63815 9694 8976 9163 2270 24079 10797 11225 39736 5273 4444 575 4421 4719 6706 4906 6798 7854 10180 13899 1695 3685 3428 2520 17881
is_linear=0
shrinkage=0.05


Tree=7
num_leaves=31
num_cat=0
split_feature=0 1 1 0 1 1 0 0 0 1 1 1 1 0 0 1 1 1 1 0 1 0 0 0 0 0 1 0 0 1
split_gain=1.69611e+07 1.38335e+07 3.95089e+06 5.25929e+06 2.05458e+06 1.26499e+06 922231 731331 553715 288679 263531 246792 184411 181567 144163 135599 125219 123279 93162.1 89355.9 74715.9 71001.8 69017.8 65171.4 63956.7 55236.5 52843.7 52382.2 52065.2 47378.9
threshold=4.2035116318896408 0.32073511501343061 -0.6616821142420839 3.4521320138615228 0.13568807367758204 0.56918043419434328 3.2562269708225906 4.1881520144172528 3.6304826699867676 0.38248090967220355 0.21968849704797191 0.076851311962273003 0.44135527888097464 4.1108919008022484 3.0674868398523891 0.82659308966095224 0.78217850835714009 -0.66926218500895385 0.26948431542544993 3.5367771867072357 -0.0022132866865079664 3.367097349452131 4.2079410597434483 4.2080529843511281 4.2087076272842721 3.7587056847616118 -0.66926218500895385 4.2070967715774277 4.2090870767876725 -0.66926218500895385
decision_type=2 2 2 2 2 2 2 2 2 2 2 2 2 2 2 2 2 2 2 2 2 2 2 2 2 2 2 2 2 2
left_child=2 4 3 6 11 12 14 13 19 18 24 -2 22 20 -1 -15 -7 -8 -9 29 -4 -19 -3 -12 -6 -10 -16 -13 -18 -5
right_child=1 5 7 8 10 16 17 9 25 -11 23 27 -14 15 26 -17 28 21 -20 -21 -22 -23 -24 -25 -26 -27 -28 -29 -30 -31
leaf_value=-2.0904068505421609 0.97321794237428405 -0.58671342768431378 -1.6575173704526582 0.17374633403949369 0.25146573271592682 -1.145575630201533 -0.41821069263065525 1.0801470565795899 0.53922538225196692 -1.4306629828003605 -0.16105338185788096 0.58892979478685326 -0.69592918756948674 1.2068374207145292 -1.1901002028387631 -1.8048689818266681 -1.4822092104347269 -1.2663776168334211 -0.37889142520510394 0.12253333372970948 -2.3420361855657172 -0.83608718905467816 -0.18800639387412332 0.15701370217831534 0.50198176988817889 0.92373077386617664 -1.7138044767451852 0.78673878333357161 -2.2104652222465067 -0.41397573696571088
leaf_weight=3029 28569 1419 434 414 3483 5814 998 160 2073 836 2132 4745 4844 38 651 2269 2512 1838 346 2301 4893 2004 4617 6584 9488 1700 1852 11358 272 1997
leaf_count=3029 28569 1419 434 414 3483 5814 998 160 2073 836 2132 4745 4844 38 651 2269 2512 1838 346 2301 4893 2004 4617 6584 9488 1700 1852 11358 272 1997
internal_value=-0.000543439 0.347247 -1.07313 -0.662127 0.691137 -0.824345 -1.41738 -1.93657 0.261087 -0.860139 0.291837 0.884986 -0.466145 -2.1258 -1.85838 -1.75526 -1.27761 -0.913325 0.0824646 -0.100346 -2.28627 -1.04194 -0.281738 0.0792121 0.434713 0.712472 -1.5776 0.728451 -1.55336 -0.313056
internal_weight=113670 85837 27833 18857 66359 19478 10372 8976 8485 1342 21687 44672 10880 7634 5532 2307 8598 4840 506 4712 5327 3842 6036 8716 12971 3773 2503 16103 2784 2411
internal_count=113670 85837 27833 18857 66359 19478 10372 8976 8485 1342 21687 44672 10880 7634 5532 2307 8598 4840 506 4712 5327 3842 6036 8716 12971 3773 2503 16103 2784 2411
is_linear=0
shrinkage=0.05


Tree=8
num_leaves=31
num_cat=0
split_feature=0 1 1 0 1 1 0 0 0 1 1 1 1 1 0 1 1 1 0 0 1 0 0 0 0 0 0 0 1 1
split_gain=1.53074e+07 1.25047e+07 3.56568e+06 4.75471e+06 1.71173e+06 1.3103e+06 804298 662623 518202 440508 217787 207484 183212 130266 126485 120577 111340 101381 82371.1 76957.1 77511.3 67320.9 65664.1 64316 62185.4 57111.3 48895.2 48665 48029 44415.1
threshold=4.2035116318896408 0.26948431542544993 -0.6616821142420839 3.3976557356948374 0.50662256577213383 0.11006202520343815 3.5668801272128876 4.163209113926416 3.1486491245954151 0.48363323162759736 0.69194094421133112 0.17368075333817284 0.39186529923390212 0.061351089184763445 3.6723921289788319 0.26948431542544993 -0.66926218500895385 -0.66926218500895385 4.2074246467047258 4.0511569599221975 -0.0022132866865079664 3.4798280264228474 4.2089088136697255 3.2962372605943853 4.2099997046384123 4.2077310619281354 4.2094499233704212 2.8775961260131271 -0.66926218500895385 0.94133524972883265
decision_type=2 2 2 2 2 2 2 2 2 2 2 2 2 2 2 2 2 2 2 2 2 2 2 2 2 2 2 2 2 2
left_child=2 5 3 8 12 13 17 19 27 15 -6 26 25 -2 -8 -9 -10 -5 -14 20 -4 -19 -13 -18 -12 -3 -7 -1 -29 -11
right_child=1 4 7 6 10 11 14 9 16 29 24 22 18 -15 -16 -17 23 21 -20 -21 -22 -23 -24 -25 -26 -27 -28 28 -30 -31
leaf_value=-2.1077185257384765 0.95533714509343037 -0.36038183864432893 -1.5746414973645166 0.15689017342738135 -0.91067658083302205 0.39223471356045669 0.25647899644126648 1.0245880117070489 -0.71112526684018462 -1.2795072685531679 -1.3183351595322559 0.055807500748009525 -0.86601452267899814 0.77212358236572509 0.75076080589669758 -0.45391770761699163 -1.48350047425048 -0.66177556968621742 -0.3847453167259427 -1.8503588461258031 -2.2778696276258583 -0.25295231337233504 0.32260285784514597 -1.0667009588315115 -2.0876960646334313 -0.034585120833230808 0.60512171639741974 -1.361539895762568 -1.8960881893028441 -1.8078510137528145
leaf_weight=1752 21855 1741 434 803 5764 3925 2281 193 1162 763 4755 3360 1176 17447 2992 483 1825 2024 3644 2238 4034 2004 7354 1878 278 5916 8622 575 1561 831
leaf_count=1752 21855 1741 434 803 5764 3925 2281 193 1162 763 4755 3360 1176 17447 2992 483 1825 2024 3644 2238 4034 2004 7354 1878 278 5916 8622 575 1561 831
internal_value=-0.000516257 0.329884 -1.01947 -0.629021 -0.659563 0.697968 0.10995 -1.83974 -1.48205 -1.10136 -1.12052 0.400534 -0.260678 0.874005 0.536944 -0.0318 -1.13813 -0.35611 -0.502167 -2.08968 -2.20956 -0.458379 0.238934 -1.27212 -1.36083 -0.108663 0.538526 -1.9124 -1.75219 -1.55495
internal_weight=113670 85837 27833 18857 23274 62563 10104 8976 8753 2270 10797 23261 12477 39302 5273 676 4865 4831 4820 6706 4468 4028 10714 3703 5033 7657 12547 3888 2136 1594
internal_count=113670 85837 27833 18857 23274 62563 10104 8976 8753 2270 10797 23261 12477 39302 5273 676 4865 4831 4820 6706 4468 4028 10714 3703 5033 7657 12547 3888 2136 1594
is_linear=0
shrinkage=0.05


Tree=9
num_leaves=31
num_cat=0
split_feature=0 1 1 0 1 1 0 0 0 1 1 1 1 1 1 1 0 0 0 1 0 0 0 0 0 0 1 0 1 1
split_gain=1.38149e+07 1.12883e+07 3.21803e+06 4.29465e+06 1.49283e+06 1.20758e+06 603237 598017 584057 397558 187081 187016 180746 118262 108821 96737 95716.4 92315 69453.8 69953.9 60845.1 58594.7 58565.5 57676.8 53216.6 47152 46132.3 46073.2 43614.3 42744.1
threshold=4.2035116318896408 0.30238758275585748 -0.6616821142420839 3.425455265970681 0.1300622843575869 0.55552898264406514 3.2339217085615384 4.163209113926416 3.6144161971290862 0.48363323162759736 0.20351948771976511 0.06212084033012464 0.41080745890771148 0.72537656303778963 0.26948431542544993 -0.66926218500895385 3.5221603261481738 3.017657434145895 4.0511569599221975 -0.0022132866865079664 3.7587056847616118 4.2080529843511281 4.2090870767876725 4.2083814024886363 4.2078315369189232 4.2087076272842721 -0.66926218500895385 3.3505180837725921 -0.66926218500895385 -0.66926218500895385
decision_type=2 2 2 2 2 2 2 2 2 2 2 2 2 2 2 2 2 2 2 2 2 2 2 2 2 2 2 2 2 2
left_child=2 4 3 6 11 12 17 18 16 14 25 -2 -3 -7 -9 -8 26 -1 19 -4 -10 -12 -15 -13 -14 -6 -5 -17 -18 -19
right_child=1 5 7 8 10 13 15 9 20 -11 21 23 24 22 -16 27 28 29 -20 -21 -22 -23 -24 -25 -26 -27 -28 -29 -30 -31
leaf_value=-1.9189630626451852 0.90575891525553964 -0.17633209017251442 -1.4959094247579028 0.068426933793683559 0.25668831248328566 -0.97008428059674101 -0.47504104040230494 0.97335863014576973 0.45003706532511328 -1.4772012696960193 -0.087753984029482202 0.57512467690918256 -0.80006463050206011 -1.2790510866352576 -0.43122181926794179 -1.2102197786506244 0.53769832338152834 -1.1462041067930817 -1.7578409041114107 -2.1639761456890034 0.84000624630424903 0.19925736466280886 -1.9863425611321484 0.75323853876652291 -0.46805452385409485 0.48193838241510201 -0.47373605756000947 -0.84487513058833807 -0.046090896034680889 -1.6174105101233598
leaf_weight=2626 22307 6032 434 471 3139 4897 973 193 2430 1594 2407 6534 1733 3814 483 1844 382 652 2238 4034 1700 6808 317 14932 3976 8941 2350 1622 1969 1838
leaf_count=2626 22307 6032 434 471 3139 4897 973 193 2430 1594 2407 6534 1733 3814 483 1844 382 652 2238 4034 1700 6808 317 14932 3976 8941 2350 1622 1969 1838
internal_value=-0.000490447 0.31339 -0.968498 -0.59757 0.637334 -0.701507 -1.34208 -1.74775 0.16719 -1.04629 0.293969 0.804377 -0.367186 -1.1363 -0.0302099 -0.915577 -0.186853 -1.71214 -1.9852 -2.09908 0.610557 0.124289 -1.33333 0.699023 -0.568838 0.423407 -0.383215 -1.03925 0.0487655 -1.49403
internal_weight=113670 85837 27833 18857 65068 20769 9555 8976 9302 2270 21295 43773 11741 9028 676 4439 5172 5116 6706 4468 4130 9215 4131 21466 5709 12080 2821 3466 2351 2490
internal_count=113670 85837 27833 18857 65068 20769 9555 8976 9302 2270 21295 43773 11741 9028 676 4439 5172 5116 6706 4468 4130 9215 4131 21466 5709 12080 2821 3466 2351 2490
is_linear=0
shrinkage=0.05


Tree=10
num_leaves=31
num_cat=0
split_feature=0 1 1 0 1 1 0 0 0 1 1 1 1 0 0 1 1 1 0 1 1 0 0 0 0 1 0 0 0 1
split_gain=1.23813e+07 1.0303e+07 2.89664e+06 3.87993e+06 1.41658e+06 1.07541e+06 674397 570030 407625 223843 186607 178779 144651 131481 106993 98959.8 93418.5 88168.7 74514 67620.5 60885.9 56050.2 55129.4 54977 50232.2 48147.8 47776.6 45073 45019.5 44412.5
threshold=4.2035116318896408 0.26948431542544993 -0.6616821142420839 3.4521320138615228 0.50662256577213383 0.10646245618626936 3.2562269708225906 4.1881520144172528 3.6304826699867676 0.35835823550598178 0.17368075333817284 0.67611158993753573 0.38248090967220355 4.1108919008022484 3.0674868398523891 0.82659308966095224 -0.66926218500895385 0.060706366511186473 4.2076228545418601 -0.66926218500895385 0.26948431542544993 3.5517692714646878 4.208849531058557 4.209794181981672 3.3829345773626645 -0.0022132866865079664 4.2079410597434483 3.7899177110824094 4.2096520377771407 0.94133524972883265
decision_type=2 2 2 2 2 2 2 2 2 2 2 2 2 2 2 2 2 2 2 2 2 2 2 2 2 2 2 2 2 2
left_child=2 5 3 6 12 17 14 13 19 20 28 -6 26 25 -1 -15 -8 -2 -14 -5 -9 -21 -12 -13 -18 -4 -3 -10 -7 -11
right_child=1 4 7 8 11 10 16 9 27 29 22 23 18 15 -16 -17 24 -19 -20 21 -22 -23 -24 -25 -26 -27 -28 -29 -30 -31
leaf_value=-1.7960724304680811 0.8642516986383928 -0.32423201745166935 -1.4552155722931273 0.34017602909443295 -0.80778579331243749 0.36760281939723299 -0.35869462105492089 0.92624564059945047 0.49061816709060546 -0.88216767496007353 0.046153709066258652 -1.1738094437182534 -0.75585030745742754 1.0927131149503919 -1.3534657396379115 -1.5499839348805942 -1.0558383637613582 0.71072955397003323 -0.32405522682938931 -0.32705774231151458 -0.26188874524747341 0.056866812946172296 0.29161579400803389 -1.8632065459014546 -0.68956536299442028 -2.0075442960923819 -0.018958426214884569 0.85692831388278712 0.55860827891968634 -1.6020063347724518
leaf_weight=3010 21360 1665 429 782 5392 4658 1011 172 2506 523 3302 5264 1338 36 2499 2216 2188 16636 3945 2309 289 1616 7445 306 1636 4916 5567 1263 9135 363
leaf_count=3010 21360 1665 429 782 5392 4658 1011 172 2506 523 3302 5264 1338 36 2499 2216 2188 16636 3945 2309 289 1616 7445 306 1636 4916 5567 1263 9135 363
internal_value=-0.00123027 0.295107 -0.919283 -0.567211 -0.598022 0.630401 -1.21708 -1.66012 0.225876 -0.712156 0.372399 -1.01301 -0.234528 -1.8282 -1.5953 -1.50774 -0.786131 0.797034 -0.433414 -0.0843981 0.181407 -0.168988 0.216198 -1.21168 -0.899138 -1.96321 -0.0892406 0.613369 0.494104 -1.17709
internal_weight=113777 86013 27764 18820 23477 62536 10344 8944 8476 1347 24540 10962 12515 7597 5509 2252 4835 37996 5283 4707 461 3925 10747 5570 3824 5345 7232 3769 13793 886
internal_count=113777 86013 27764 18820 23477 62536 10344 8944 8476 1347 24540 10962 12515 7597 5509 2252 4835 37996 5283 4707 461 3925 10747 5570 3824 5345 7232 3769 13793 886
is_linear=0
shrinkage=0.05


Tree=11
num_leaves=31
num_cat=0
split_feature=0 1 1 0 1 1 0 0 0 1 1 0 0 1 0 1 1 1 1 0 1 1 0 1 0 0 1 1 0 0
split_gain=1.11742e+07 9.306e+06 2.61422e+06 3.50164e+06 1.37368e+06 860139 608643 514452 367882 272049 202637 124391 118927 104796 96561.3 86848.5 84310.2 76461.2 61027.5 50585.3 49383.8 48906.5 45453.5 42693.8 41074.7 40678.4 40009.9 39956.1 39577.9 39204.7
threshold=4.2035116318896408 0.32073511501343061 -0.6616821142420839 3.4521320138615228 0.15781018333179295 0.56918043419434328 3.2562269708225906 4.1881520144172528 3.6304826699867676 0.091029350426950636 0.32073511501343061 4.2089088136697255 4.1317818897369714 0.23797488331352729 3.0674868398523891 0.76175444319795671 -0.66926218500895385 0.82659308966095224 -0.66926218500895385 3.5517692714646878 0.046612744195873447 0.94133524972883265 3.367097349452131 0.26948431542544993 4.2090870767876725 3.7899177110824094 -0.0022132866865079664 0.47337442032806615 4.2095747613513685 4.2085508141781736
decision_type=2 2 2 2 2 2 2 2 2 2 2 2 2 2 2 2 2 2 2 2 2 2 2 2 2 2 2 2 2 2
left_child=2 4 3 6 9 11 14 12 18 20 23 27 26 29 -1 -7 -8 -14 -5 -20 -2 -12 -18 -9 -17 -10 -4 -3 -11 -6
right_child=1 5 7 8 13 15 16 10 25 28 21 -13 17 -15 -16 24 22 -19 19 -21 -22 -23 -24 -25 -26 -27 -28 -29 -30 -31
leaf_value=-1.7062688143784026 0.86503650829946377 -0.42517239535510126 -1.382454791317731 0.32316723132763259 0.12410125642254904 -0.92140996233090466 -0.3407598837089364 0.87993340381356178 0.46608725709309962 0.40534070078382145 -0.78665158851693073 -0.21426466902901167 0.96660947799682617 0.028639670295526099 -1.2857924474435314 -1.1909838427228479 -1.032154434444388 -1.4271883953076143 -0.31070485337221521 0.054023472136485923 0.73610375862013688 -1.5219059899490399 -0.68721247864325408 -0.18026230475636867 -1.8055453104318984 0.81408190612083198 -1.8842497904177173 -0.69881784570584693 0.57862873349946742 0.34119479036696287
leaf_weight=3010 11120 2899 429 782 2889 5432 1011 172 2506 4723 600 5599 34 6901 2499 2998 1851 1768 2309 1616 22361 363 1973 212 299 1263 5366 2471 10898 7423
leaf_count=3010 11120 2899 429 782 2889 5432 1011 172 2506 4723 600 5599 34 6901 2499 2998 1851 1768 2309 1616 22361 363 1973 212 299 1263 5366 2471 10898 7423
internal_value=-0.00116875 0.280351 -0.873319 -0.53885 0.5638 -0.673903 -1.15622 -1.57711 0.214583 0.698537 -0.676548 -0.379161 -1.73679 0.179449 -1.51553 -1.04428 -0.746824 -1.38202 -0.0801782 -0.160539 0.778926 -1.0638 -0.854181 0.294617 -1.24672 0.582701 -1.8471 -0.55109 0.526235 0.280374
internal_weight=113777 86013 27764 18820 66315 19698 10344 8944 8476 49102 1347 10969 7597 17213 5509 8729 4835 1802 4707 3925 33481 963 3824 384 3297 3769 5795 5370 15621 10312
internal_count=113777 86013 27764 18820 66315 19698 10344 8944 8476 49102 1347 10969 7597 17213 5509 8729 4835 1802 4707 3925 33481 963 3824 384 3297 3769 5795 5370 15621 10312
is_linear=0
shrinkage=0.05


Tree=12
num_leaves=31
num_cat=0
split_feature=0 1 1 0 1 1 0 0 0 1 1 1 0 1 0 1 0 1 1 1 1 1 0 0 0 0 0 1 1 1
split_gain=1.00847e+07 8.40042e+06 2.35933e+06 3.16548e+06 1.30118e+06 774066 476956 464293 395050 207197 183688 142510 108953 92753 82041.5 81222.1 69588 68058.9 62125.1 56868.2 53039.6 50594.6 47624.2 46063.3 44845.3 42536.6 40175.8 40020.4 39397.2 38154.9
threshold=4.2035116318896408 0.25523443630091941 -0.6616821142420839 3.4119034434975446 0.47337442032806615 0.099292957765020493 3.5822972156049366 4.1881520144172528 3.1486491245954151 0.63060179185295528 0.36656638181485618 0.15781018333179295 4.1108919008022484 0.35835823550598178 3.2962372605943853 0.82659308966095224 3.7022896494328408 -0.66926218500895385 -0.66926218500895385 0.88866561193202009 0.046612744195873447 0.26948431542544993 4.2078315369189232 3.4939319065458361 4.2087076272842721 4.2083814024886363 4.2081656876842208 0.95832438602939451 -0.0022132866865079664 -0.66926218500895385
decision_type=2 2 2 2 2 2 2 2 2 2 2 2 2 2 2 2 2 2 2 2 2 2 2 2 2 2 2 2 2 2
left_child=2 5 3 8 13 20 17 12 29 -6 21 -7 28 26 -10 -14 -8 -5 -16 -11 -2 -9 -15 -19 -13 -22 -3 -17 -4 -1
right_child=1 4 7 6 9 11 16 10 14 19 -12 24 15 22 18 27 -18 23 -20 -21 25 -23 -24 -25 -26 -27 -28 -29 -30 -31
leaf_value=-1.3471157862658292 0.82178469509529561 -0.2476101913343389 -1.3133320560696209 0.18037551089191081 -0.64182876637610209 0.48284845504007512 0.27418885792536857 0.83593668826790746 -1.1079652951336139 -1.0023912689024139 -1.0715582280458351 0.095768760799397293 0.99766604370541045 -0.58038210779504362 -0.26264889006938369 -1.1487123949459186 0.65282664001464852 -0.48874217468447656 -0.83539653286949 -1.4410628319920598 0.58919038024532921 -0.23970688737432161 -0.22694031493318653 -0.14836530019430288 0.30768901125785653 0.73296345444350397 0.029318048467168286 -1.5787114774424673 -1.8129545923361847 -1.6773105034053348
leaf_weight=1341 11120 1711 429 822 5371 13356 2358 172 2474 6080 875 3525 36 1252 601 939 2500 1998 2231 841 7321 300 3992 1978 8555 17305 5584 1277 4916 2517
leaf_count=1341 11120 1711 429 822 5371 13356 2358 172 2474 6080 875 3525 36 1252 601 939 2500 1998 2231 841 7321 300 3992 1978 8555 17305 5584 1277 4916 2517
internal_value=-0.00111032 0.266334 -0.829653 -0.511908 -0.509294 0.581126 0.119811 -1.49825 -1.17754 -0.874856 -0.64272 0.370294 -1.64995 -0.150932 -0.897612 -1.35823 0.469042 -0.233786 -0.713849 -1.0557 0.731149 0.152265 -0.311324 -0.31941 0.24585 0.690222 -0.0356339 -1.39651 -1.77285 -1.56254
internal_weight=113777 86013 27764 18820 24831 61182 9656 8944 9164 12292 1347 25436 7597 12539 5306 2252 4858 4798 2832 6921 35746 472 5244 3976 12080 24626 7295 2216 5345 3858
internal_count=113777 86013 27764 18820 24831 61182 9656 8944 9164 12292 1347 25436 7597 12539 5306 2252 4858 4798 2832 6921 35746 472 5244 3976 12080 24626 7295 2216 5345 3858
is_linear=0
shrinkage=0.05


Tree=13
num_leaves=31
num_cat=0
split_feature=0 1 1 0 1 1 0 0 0 1 1 1 1 0 0 1 1 1 1 1 0 0 0 1 1 0 0 0 0 0
split_gain=9.10143e+06 7.58698e+06 2.1293e+06 2.86299e+06 933314 893445 548035 419024 262268 169618 148688 118292 107106 99784.1 97569.9 87374.1 83605.8 71540.5 64065.6 50266.2 48584.3 44353.2 43779.8 41137.9 38897 37442.2 35984.5 35305.4 34896.8 34767.5
threshold=4.2035116318896408 0.28594241921769475 -0.6616821142420839 3.4656563857364762 0.52999857268208184 0.11374937157749035 3.2769015374171824 4.1881520144172528 3.645893636145678 0.48363323162759736 0.1867254703448655 0.4013054117227623 0.70837183041219554 4.0844980415780485 3.1121988692531684 0.82659308966095224 0.061351089184763445 -0.66926218500895385 0.26948431542544993 -0.66926218500895385 4.2074246467047258 4.2059193562354444 4.2096908238533937 0.95832438602939451 -0.0022132866865079664 3.5517692714646878 3.3829345773626645 4.2078315369189232 4.2080529843511281 4.2090870767876725
decision_type=2 2 2 2 2 2 2 2 2 2 2 2 2 2 2 2 2 2 2 2 2 2 2 2 2 2 2 2 2 2
left_child=2 5 3 6 11 16 14 13 19 18 29 28 -6 24 -1 -15 -2 -8 -9 -5 -13 -12 -14 -17 -4 -21 -19 -18 -3 -7
right_child=1 4 7 8 12 10 17 9 -10 -11 21 20 22 15 -16 23 27 26 -20 25 -22 -23 -24 -25 -26 -27 -28 -29 -30 -31
leaf_value=-1.5173286974881899 0.74141517667665902 -0.32244068325120723 -1.2476654579936763 0.35007402635121715 -0.74751786207007298 0.26677276024575275 -0.24159458591489461 0.79413990863533912 0.55319235502619291 -1.1572663242323527 -0.032511358328723004 -0.69873114147294313 -1.0345785136130565 1.0565834032861809 -1.1054662246976246 -1.0953322389781039 0.49094861175441623 -0.8777739033275529 -0.32929383538632601 -0.24671986856374076 -0.3411894054650495 0.20604042658615357 -1.661997308644783 -1.5045184640634164 -1.746148751486893 0.064515247388586841 -0.57241075933700347 0.64265391004900296 -0.049655458707354189 0.44496660602537097
leaf_weight=3430 21813 1504 429 758 5416 3762 966 172 3462 691 2621 1237 4354 38 2476 957 5553 1900 484 1985 4097 7594 297 1715 4458 1883 1960 12397 5318 10050
leaf_count=3430 21813 1504 429 758 5416 3762 966 172 3462 691 2621 1237 4354 38 2476 957 5553 1900 484 1985 4097 7594 297 1715 4458 1883 1960 12397 5318 10050
internal_value=-0.0010548 0.253017 -0.78817 -0.486312 -0.542588 0.530188 -1.02168 -1.42334 0.224067 -0.610584 0.289465 -0.247713 -0.898652 -1.56745 -1.34466 -1.32411 0.675646 -0.626414 -0.034735 -0.022244 -0.424106 0.144832 -1.07464 -1.35796 -1.70239 -0.095206 -0.722719 0.595722 -0.109795 0.396432
internal_weight=113777 86013 27764 18820 22223 63790 10732 8944 8088 1347 24027 12156 10067 7597 5906 2710 39763 4826 656 4626 5334 10215 4651 2672 4887 3868 3860 17950 6822 13812
internal_count=113777 86013 27764 18820 22223 63790 10732 8944 8088 1347 24027 12156 10067 7597 5906 2710 39763 4826 656 4626 5334 10215 4651 2672 4887 3868 3860 17950 6822 13812
is_linear=0
shrinkage=0.05


Tree=14
num_leaves=31
num_cat=0
split_feature=0 1 1 0 1 1 0 0 0 1 1 1 0 0 0 1 1 1 1 1 1 1 1 1 0 0 0 0 1 0
split_gain=8.21404e+06 6.85763e+06 1.92169e+06 2.58385e+06 1.09454e+06 573602 494601 378169 236697 163499 153080 120481 97602.9 91251 90706.4 80518.4 64565.3 57819.2 55407.8 53701.7 45365.3 40663.8 38338.3 37337.3 35535.4 34487.8 33791.6 33470.7 32861.2 32476
threshold=4.2035116318896408 0.33493972129302357 -0.6616821142420839 3.4656563857364762 0.14591470792853242 0.59821005442195807 3.2769015374171824 4.1881520144172528 3.645893636145678 0.091029350426950636 0.48363323162759736 0.23797488331352729 4.2089088136697255 2.955481300684514 4.0511569599221975 0.82659308966095224 -0.66926218500895385 0.26948431542544993 0.88866561193202009 -0.66926218500895385 -0.66926218500895385 0.95832438602939451 -0.0022132866865079664 0.046612744195873447 4.2086262929321903 4.2080529843511281 3.5517692714646878 3.2562269708225906 0.47337442032806615 3.3829345773626645
decision_type=2 2 2 2 2 2 2 2 2 2 2 2 2 2 2 2 2 2 2 2 2 2 2 2 2 2 2 2 2 2
left_child=2 4 3 6 9 12 13 14 20 23 17 24 28 -1 22 -16 -8 -9 -7 -15 -5 -17 27 -2 -6 -13 -22 -4 -3 -18
right_child=1 5 7 8 11 18 16 10 -10 -11 -12 25 -14 19 15 21 29 -19 -20 -21 26 -23 -24 -25 -26 -27 -28 -29 -30 -31
leaf_value=-1.533718087698261 0.74362466802271154 -0.38066987143446263 -1.9282916954585485 0.33257032883590665 0.12496396188603449 -0.88340413505652937 -0.22951485265497562 0.75443291553231173 0.52553274227652735 0.46211991876879122 -1.0994029937384788 -0.17491133132124062 -0.21233111945305755 -0.81320384558256686 1.0037542330591303 -1.0405656295012033 -0.83388520723287218 -0.31282914842763715 -1.3129910436169856 -1.2418607274705873 -0.23438387464442215 -1.4321743936189415 -1.6825575498945686 0.6315150575245142 0.31612566269938219 0.073536768580813455 0.06128948645830571 -0.92276778329833642 -0.6188637539710351 -0.54379021726122212
leaf_weight=2187 11120 2662 112 758 3301 6983 966 172 3462 13407 691 1829 5198 999 38 957 1900 484 841 2720 1985 2157 4016 22361 9225 5911 1883 317 3175 1960
leaf_count=2187 11120 2662 112 758 3301 6983 966 172 3462 13407 691 1829 5198 999 38 957 1900 484 841 2720 1985 2157 4016 22361 9225 5911 1883 317 3175 1960
internal_value=-0.00100206 0.240366 -0.748762 -0.461997 0.476957 -0.602098 -0.970594 -1.35217 0.212863 0.609667 -0.580055 0.169917 -0.369908 -1.27743 -1.48908 -1.28391 -0.595094 -0.0329982 -0.92958 -1.12671 -0.0211318 -1.31182 -1.63456 0.66875 0.265748 0.0148273 -0.0904457 -1.18528 -0.510234 -0.686583
internal_weight=113777 86013 27764 18820 67154 18859 10732 8944 8088 46888 1347 20266 11035 5906 7597 3152 4826 656 7824 3719 4626 3114 4445 33481 12526 7740 3868 429 5837 3860
internal_count=113777 86013 27764 18820 67154 18859 10732 8944 8088 46888 1347 20266 11035 5906 7597 3152 4826 656 7824 3719 4626 3114 4445 33481 12526 7740 3868 429 5837 3860
is_linear=0
shrinkage=0.05


Tree=15
num_leaves=31
num_cat=0
split_feature=0 1 1 0 1 1 0 0 0 1 1 1 0 0 1 1 0 1 1 1 0 1 1 1 0 1 0 0 0 1
split_gain=7.41433e+06 6.09247e+06 1.72e+06 2.35421e+06 951870 576244 398351 332598 257098 152993 140163 107140 80211.2 72333.3 66727.9 57076.8 56981.9 56034.6 50389.2 48982.8 42201.3 41056.8 38569.2 38518.6 38419.7 52264.2 36254.2 32611.6 29008.8 28441.1
threshold=4.2035116318896408 0.25523443630091941 -0.6616821142420839 3.3976557356948374 0.47337442032806615 0.099292957765020493 3.5822972156049366 4.1881520144172528 3.1798972002998278 0.63060179185295528 0.82659308966095224 0.15781018333179295 4.1108919008022484 4.2082787309598624 0.82659308966095224 -0.66926218500895385 3.7587056847616118 -0.66926218500895385 0.26948431542544993 0.8471138667079785 3.4939319065458361 0.060082260023257943 -0.0022132866865079664 0.34213339639349516 2.7880469424112762 -0.66926218500895385 3.3505180837725921 4.2087076272842721 4.2096154240925623 0.97366692785173814
decision_type=2 2 2 2 2 2 2 2 2 2 2 2 2 2 2 2 2 2 2 2 2 2 2 2 2 2 2 2 2 2
left_child=2 5 3 8 13 21 17 12 24 -6 18 28 22 -3 -14 -10 -8 -5 -9 -11 -19 -2 26 -15 -1 -26 -4 -13 -7 -16
right_child=1 4 7 6 9 11 16 10 15 19 -12 27 14 23 29 -17 -18 20 -20 -21 -22 -23 -24 -25 25 -27 -28 -29 -30 -31
leaf_value=-1.5372946053245904 0.67261856452875346 -0.3287760348804567 -1.6907838024591144 0.14469504737019165 -0.54869390613578362 0.30215819424990648 0.28201785271962748 0.71671045534538502 -0.4582730141817698 -0.83444531503897934 -1.0620135614708812 0.081508497153290366 0.8911516189575196 0.041541902325428481 -1.0281946416231986 -0.87283147703065367 0.63992633956239764 -0.44198631773751079 -0.29071937774655648 -1.1585882268046157 -0.12756913803263822 0.56368355814999227 -1.5556719844534894 -0.16320964200300334 -0.86145083513015364 -1.3379376994993259 -0.73575068558744761 0.26169161287139081 0.46262312887293211 -1.3882762346799074
leaf_weight=1318 20998 3261 152 862 5372 4034 3212 165 1097 5288 679 3550 39 4882 1182 3415 1701 2315 501 1495 1980 14708 4889 4338 780 2195 287 8582 9332 1023
leaf_count=1318 20998 3261 152 862 5372 4034 3212 165 1097 5288 679 3550 39 4882 1182 3415 1701 2315 501 1495 1980 14708 4889 4338 780 2195 287 8582 9332 1023
internal_value=0.00103775 0.230849 -0.70877 -0.438411 -0.433088 0.498098 0.0837436 -1.28105 -1.03558 -0.748023 -0.556506 0.316546 -1.40975 -0.126379 -1.15899 -0.77204 0.405934 -0.223203 -0.0411309 -0.905888 -0.29704 0.627746 -1.51536 -0.0547935 -1.31257 -1.21301 -1.06642 0.208967 0.414193 -1.19525
internal_weight=113632 85840 27792 18875 24636 61204 10070 8917 8805 12155 1345 25498 7572 12481 2244 4512 4913 5157 666 6783 4295 35706 5328 9220 4293 2975 439 12132 13366 2205
internal_count=113632 85840 27792 18875 24636 61204 10070 8917 8805 12155 1345 25498 7572 12481 2244 4512 4913 5157 666 6783 4295 35706 5328 9220 4293 2975 439 12132 13366 2205
is_linear=0
shrinkage=0.05


Tree=16
num_leaves=31
num_cat=0
split_feature=0 1 1 0 1 1 0 0 0 1 1 1 0 1 0 1 1 1 0 0 0 1 1 0 0 1 1 0 1 0
split_gain=6.69143e+06 5.5026e+06 1.5523e+06 2.12467e+06 897067 456610 359512 300684 232031 227162 133236 99216.1 87936.5 53081.1 52188.6 51859.5 51511.8 50571.2 38569.2 34697.7 34673.8 47168.4 31320.5 30241.1 29511.8 63409.2 31427.5 27725.4 25653.8 27178.1
threshold=4.2035116318896408 0.33493972129302357 -0.6616821142420839 3.3976557356948374 0.14591470792853242 0.59821005442195807 3.5822972156049366 4.1481006113486876 3.1798972002998278 0.82659308966095224 0.08336917217557635 0.22666625183359088 4.2087814111788378 0.26948431542544993 3.7276973426772373 0.8471138667079785 -0.66926218500895385 -0.66926218500895385 3.4798280264228474 4.2092001896398363 2.7880469424112762 -0.66926218500895385 0.95832438602939451 4.2080529843511281 3.7587056847616118 0.90581773459918347 -0.0022132866865079664 3.2962372605943853 0.046612744195873447 4.2083814024886363
decision_type=2 2 2 2 2 2 2 2 2 2 2 2 2 2 2 2 2 2 2 2 2 2 2 2 2 2 2 2 2 2
left_child=2 4 3 8 10 12 17 24 20 13 28 -6 -3 -9 -8 -7 -10 -5 -19 -12 -1 -22 -11 -13 26 -26 -4 -18 -2 -30
right_child=1 5 7 6 11 15 14 9 16 22 19 23 -14 -15 -16 -17 27 18 -20 -21 21 -23 -24 -25 25 -27 -28 -29 29 -31
leaf_value=-1.460429864732919 0.67298036098094094 -0.47513694928473654 -1.1036142640651387 0.13746029824389064 0.25257797249347741 -0.77256920032244047 0.24283479215482068 0.68734595870971682 -0.43535936309893614 -0.86892170531880863 0.32008897731727204 -0.1330668859841925 -0.19153097921587547 -0.2761834065113849 0.57160279413487947 -1.100658808851702 -0.98704283130534398 -0.4438979421918644 -0.14335890907204682 0.48136748176796379 -0.81837830953108959 -1.2710408128719939 -1.267827813275584 0.081137601338786725 1.2210326385498047 -1.3085883519588375 -1.5611983186468659 -0.70060939339249861 0.48822599606609318 0.61703993446813243
leaf_weight=1318 11114 5474 428 862 11206 6197 2779 200 1097 1096 4644 2156 5459 501 2134 1495 1533 1984 2311 11831 780 2195 893 6989 25 2730 3044 1882 5902 13373
leaf_count=1318 11114 5474 428 862 11206 6197 2779 200 1097 1096 4644 2156 5459 501 2134 1495 1533 1984 2311 11831 780 2195 893 6989 25 2730 3044 1882 5902 13373
internal_value=0.000985868 0.219306 -0.673331 -0.41649 0.430035 -0.541185 0.0795564 -1.217 -0.983803 -0.775244 0.550406 0.152846 -0.333529 -0.00128202 0.385638 -0.836336 -0.733438 -0.212043 -0.282188 0.435906 -1.24694 -1.15236 -1.04802 0.0306373 -1.40783 -1.28563 -1.50479 -0.82919 0.612481 0.577597
internal_weight=113632 85840 27792 18875 67215 18625 10070 8917 8805 2690 46864 20351 10933 701 4913 7692 4512 5157 4295 16475 4293 2975 1989 9145 6227 2755 3472 3415 30389 19275
internal_count=113632 85840 27792 18875 67215 18625 10070 8917 8805 2690 46864 20351 10933 701 4913 7692 4512 5157 4295 16475 4293 2975 1989 9145 6227 2755 3472 3415 30389 19275
is_linear=0
shrinkage=0.05


Tree=17
num_leaves=31
num_cat=0
split_feature=0 1 1 0 1 1 0 0 1 0 1 0 1 1 0 1 1 1 0 1 1 0 1 0 0 1 0 0 0 0
split_gain=6.03902e+06 4.97168e+06 1.40095e+06 1.92003e+06 672512 539306 372484 271367 205038 178557 108928 80372.7 68552.1 65355.1 63143.8 49127.1 46973.2 39471.3 36650.5 35948.2 34797.3 32903.5 28948.1 28755.3 28239.8 26794.6 39585.2 32398.9 24637.3 24198.3
threshold=4.2035116318896408 0.30238758275585748 -0.6616821142420839 3.4656563857364762 0.12092273166393423 0.54357157459813754 3.2769015374171824 4.1481006113486876 0.48363323162759736 3.645893636145678 0.19560049498397875 4.2082787309598624 0.06212084033012464 0.72537656303778963 2.955481300684514 -0.66926218500895385 0.26948431542544993 -0.66926218500895385 4.2090870767876725 -0.66926218500895385 0.42905479745205016 4.2081656876842208 0.94133524972883265 4.2083814024886363 4.2087076272842721 -0.0022132866865079664 3.9345095588988146 3.3505180837725921 3.8240175911680279 3.5517692714646878
decision_type=2 2 2 2 2 2 2 2 2 2 2 2 2 2 2 2 2 2 2 2 2 2 2 2 2 2 2 2 2 2
left_child=2 4 3 6 12 11 14 25 16 19 24 -3 -2 -7 -1 -8 -9 -16 -15 -5 -13 -12 -10 -14 -6 27 -27 -4 -11 -21
right_child=1 5 7 9 10 13 15 8 22 28 21 20 23 18 17 -17 -18 -19 -20 29 -22 -23 -24 -25 -26 26 -28 -29 -30 -31
leaf_value=-1.3109435074286862 0.60406729885165977 -0.43190470238067258 -1.5510638922109807 0.29813280799967246 0.18946350348148441 -0.62911805810164356 -0.18651026051836272 0.65297867727279668 -0.78482068393444804 0.37962369472198132 -0.059378467742628616 -0.069051024594906182 0.3817862967057632 -0.85141670678328785 -0.70211957131973424 -0.5857544376813395 -0.25658940698085869 -1.0697581102291283 -1.4135311083239355 -0.2024997124158654 -0.29324568819708607 0.14286597433165876 -1.1666701919557416 0.51535778760774453 0.35347580301129433 -1.4793800960730121 -1.2151970930337521 -0.64823733864786948 0.68693642651938736 0.047820106315129909
leaf_weight=2187 22322 3493 152 753 3649 5343 963 200 912 2614 2693 5221 5768 3791 990 3855 489 2781 314 1965 2589 7942 1089 13367 9348 3304 2484 287 869 1898
leaf_count=2187 22322 3493 152 753 3649 5343 963 200 912 2614 2693 5221 5768 3791 990 3855 489 2781 314 1965 2589 7942 1089 13367 9348 3304 2484 287 869 1898
internal_value=0.000936572 0.208341 -0.639665 -0.395666 0.423194 -0.465583 -0.832853 -1.15615 -0.736482 0.186027 0.210324 -0.232538 0.544538 -0.744385 -1.0972 -0.505955 0.00743616 -0.973242 -0.894414 -0.0179063 -0.143371 0.0916535 -0.992634 0.475094 0.307428 -1.33744 -1.366 -0.960833 0.456297 -0.0795106
internal_weight=113632 85840 27792 18875 65089 20751 10776 8917 2690 8099 23632 11303 41457 9448 5958 4818 689 3771 4105 4616 7810 10635 2001 19135 12997 6227 5788 439 3483 3863
internal_count=113632 85840 27792 18875 65089 20751 10776 8917 2690 8099 23632 11303 41457 9448 5958 4818 689 3771 4105 4616 7810 10635 2001 19135 12997 6227 5788 439 3483 3863
is_linear=0
shrinkage=0.05


Tree=18
num_leaves=31
num_cat=0
split_feature=0 1 1 0 1 1 0 0 0 1 1 1 0 1 0 0 1 1 1 1 1 1 0 0 1 0 0 1 1 0
split_gain=5.45021e+06 4.49631e+06 1.26436e+06 1.74413e+06 708831 428197 320706 245485 166011 112073 103507 77591.7 61831.7 57302.1 52562.5 51550.5 43970 40798.4 39715.6 35604 33748.3 31713.9 30226 29386.8 29360.2 34651.6 29157.9 26724.7 26573 25887.7
threshold=4.2035116318896408 0.25523443630091941 -0.6616821142420839 3.3829345773626645 0.47337442032806615 0.099292957765020493 3.5668801272128876 4.1881520144172528 3.1486491245954151 0.64469578816960282 0.8682140037659869 0.15781018333179295 4.0511569599221975 0.82659308966095224 4.2082787309598624 3.7107793083163441 -0.66926218500895385 -0.66926218500895385 0.26948431542544993 0.88866561193202009 -0.0022132866865079664 0.053720187273594504 3.4656563857364762 3.2962372605943853 -0.66476311403078769 2.5172558643058736 4.2083814024886363 0.34213339639349516 0.97366692785173814 4.2087076272842721
decision_type=2 2 2 2 2 2 2 2 2 2 2 2 2 2 2 2 2 2 2 2 2 2 2 2 2 2 2 2 2 2
left_child=2 5 3 8 14 21 16 12 24 -6 18 -7 20 -14 -3 -8 -5 -10 -9 -11 23 -2 -18 -4 25 -1 -23 -16 -15 -13
right_child=1 4 7 6 9 11 15 10 17 19 -12 29 13 28 27 -17 22 -19 -20 -21 -22 26 -24 -25 -26 -27 -28 -29 -30 -31
leaf_value=-1.3773912283465686 0.59553242380160243 -0.28030896431002345 -1.5684910866303172 0.098709056949402643 -0.48592389102792605 0.35410749018715576 0.18860119805087464 0.61385868303703539 -0.44421972923225389 -0.74381257161032244 -0.94665289824664589 0.065898143043052929 0.8414977073669434 -0.88436001973703948 0.033490382225511844 0.50214736701904117 -0.43536509214437857 -0.79135216432097644 -0.26968605091270936 -1.0953064603679359 -1.3746151873707773 0.40480138956682837 -0.16856930512379617 -0.65756688288448362 -1.2568148555237151 -0.82825769977446306 0.53636754567117051 -0.13705816755761965 -1.1832825939848617 0.22643485248675602
leaf_weight=391 14721 3261 123 869 5824 13366 2935 165 1127 5502 625 3550 40 1243 4882 2369 1968 3400 555 829 4000 5832 2305 316 2428 1083 15153 4338 1850 8582
leaf_count=391 14721 3261 123 869 5824 13366 2935 165 1127 5502 625 3550 40 1243 4882 2369 1968 3400 555 829 4000 5832 2305 316 2428 1083 15153 4338 1850 8582
internal_value=0.000889743 0.197924 -0.607681 -0.375883 -0.372448 0.427512 0.0558644 -1.09834 -0.910943 -0.644219 -0.475871 0.27101 -1.20891 -1.03884 -0.107775 0.328645 -0.22551 -0.704933 -0.067207 -0.789838 -1.32894 0.539271 -0.291446 -0.912792 -1.14995 -0.973923 0.499804 -0.0467525 -1.06315 0.179459
internal_weight=113632 85840 27792 18875 24636 61204 10446 8917 8429 12155 1345 25498 7572 3133 12481 5304 5142 4527 720 6331 4439 35706 4273 439 3902 1474 20985 9220 3093 12132
internal_count=113632 85840 27792 18875 24636 61204 10446 8917 8429 12155 1345 25498 7572 3133 12481 5304 5142 4527 720 6331 4439 35706 4273 439 3902 1474 20985 9220 3093 12132
is_linear=0
shrinkage=0.05


Tree=19
num_leaves=31
num_cat=0
split_feature=0 1 1 0 1 1 0 0 1 0 1 1 0 0 1 1 0 1 1 1 0 0 1 0 1 1 0 1 0 1
split_gain=4.91882e+06 4.05792e+06 1.14108e+06 1.57408e+06 639720 386448 290672 221894 167640 150376 101177 70633.5 56221.4 47437.7 40863.8 36040 35227.8 33493 29013.2 28279 27595.2 25798.1 25595.7 25407 25283.4 25096.7 28353.3 24298.7 22918.8 54852.9
threshold=4.2035116318896408 0.25523443630091941 -0.6616821142420839 3.3829345773626645 0.47337442032806615 0.099292957765020493 3.5517692714646878 4.1481006113486876 0.41943572418293468 3.1121988692531684 0.63060179185295528 0.17107705235235798 3.6723921289788319 4.2082787309598624 -0.66926218500895385 -0.66926218500895385 4.2105579519131142 0.26948431542544993 0.046612744195873447 0.94133524972883265 4.2083814024886363 4.2094907304715852 -0.66926218500895385 3.2962372605943853 0.88866561193202009 -0.66476311403078769 2.5172558643058736 0.34951173794613027 3.7587056847616118 0.90581773459918347
decision_type=2 2 2 2 2 2 2 2 2 2 2 2 2 2 2 2 2 2 2 2 2 2 2 2 2 2 2 2 2 2
left_child=2 5 3 9 13 18 15 28 17 25 -6 21 22 -3 -11 -5 24 -9 -2 -10 -20 -7 -8 -16 -12 26 -1 -15 -4 -30
right_child=1 4 7 6 10 11 12 8 19 14 16 -13 -14 27 23 -17 -18 -19 20 -21 -22 -23 -24 -25 -26 -27 -28 -29 29 -31
leaf_value=-1.3085216600266869 0.57935133472886768 -0.26629351424197895 -1.292804405469719 0.068718240498205602 -0.44991100150016838 0.2274258396234255 0.50418311784562375 0.5876449389457703 -0.68556055060474386 -0.44038378841719494 -0.68395029486215497 0.15290678756931214 0.44244656644643715 0.026373091089920999 -0.88330673216280564 -0.29885913403829673 -1.3327877517574089 -0.19730423612834203 0.4008936672871688 -1.0560757598710564 0.51659249328619183 0.36661698985592095 0.065472680249720402 -0.61908131337889127 -0.99841662016974486 -1.2259979558115146 -0.80311815848410384 -0.13748964119528145 1.2317466468811036 -1.1210222117455453
leaf_weight=391 11114 3261 3472 803 5372 4813 388 200 977 1239 5823 9889 2999 5237 2156 3933 242 424 7351 1089 17241 10796 2323 1574 718 2113 956 3983 25 2730
leaf_count=391 11114 3261 3472 803 5372 4813 388 200 977 1239 5823 9889 2999 5237 2156 3933 242 424 7351 1089 17241 10796 2323 1574 718 2113 956 3983 25 2730
internal_value=0.000845255 0.188028 -0.577297 -0.357088 -0.353826 0.406136 0.0530711 -1.04342 -0.663936 -0.865396 -0.612008 0.257459 0.293277 -0.102387 -0.689169 -0.236536 -0.740386 0.054282 0.512307 -0.880861 0.482008 0.323698 0.128261 -0.771808 -0.718469 -1.11848 -0.949824 -0.0444149 -1.20736 -1.09967
internal_weight=113632 85840 27792 18875 24636 61204 10446 8917 2690 8429 12155 25498 5710 12481 4969 4736 6783 624 35706 2066 24592 15609 2711 3730 6541 3460 1347 9220 6227 2755
internal_count=113632 85840 27792 18875 24636 61204 10446 8917 2690 8429 12155 25498 5710 12481 4969 4736 6783 624 35706 2066 24592 15609 2711 3730 6541 3460 1347 9220 6227 2755
is_linear=0
shrinkage=0.05


Tree=20
num_leaves=31
num_cat=0
split_feature=0 1 1 0 1 1 0 0 0 1 1 1 0 0 0 1 1 1 1 1 0 0 1 0 0 1 0 0 1 0
split_gain=4.44714e+06 3.69738e+06 1.05179e+06 1.4187e+06 573119 334376 230369 210909 170788 111198 91050.1 62681.4 59521.4 42917.8 37942.6 37842.3 37433.6 37286 35300.1 30913.4 27861.4 27388.1 21367.9 21895.6 21279.4 20896.3 22477.4 20599.3 20520.4 20392.7
threshold=4.2035116318896408 0.32667601956059295 -0.6616821142420839 3.4388022870276038 0.14591470792853242 0.5840315508993168 3.2339217085615384 4.1763048044315134 3.6144161971290862 0.32073511501343061 0.090298781256966984 0.22666625183359088 4.2089088136697255 4.0016850225900411 2.8775961260131271 0.82659308966095224 0.82659308966095224 -0.66926218500895385 0.94133524972883265 -0.66926218500895385 3.5221603261481738 3.7899177110824094 0.044956339808664474 4.2083814024886363 4.2090309300640696 -0.0022132866865079664 3.2562269708225906 3.3329922903862736 -0.66926218500895385 3.3505180837725921
decision_type=2 2 2 2 2 2 2 2 2 2 2 2 2 2 2 2 2 2 2 2 2 2 2 2 2 2 2 2 2 2
left_child=2 4 3 6 10 12 14 13 20 -9 22 -6 -3 25 -1 -15 -7 27 -11 -16 -5 -10 -2 -24 -12 26 -4 -8 -22 -19
right_child=1 5 7 8 11 16 17 9 21 18 24 -13 -14 15 19 -17 -18 29 -20 -21 28 -23 23 -25 -26 -27 -28 -29 -30 -31
leaf_value=-1.1741552768517534 0.55246118372012365 -0.36934031922843413 -1.4952767792991972 -0.20482944755376514 0.2066427941500153 -0.61774209461256346 -0.46275991077516593 0.22196662021694041 0.27105228849344426 -0.50722171530311488 0.24171112952727453 0.027492815972335129 -0.13526398945512449 0.92151377934675949 -0.63009888563876304 -0.99396885778602972 -0.86952062609782677 -0.69360013141002497 -1.0144404177705781 -0.97605906397369502 0.38276192606107834 0.55058980489707299 0.39144203372349012 0.49909820432446844 0.37986170777627976 -1.2637898529308182 -0.67958796802181876 -0.017006131296555923 -0.025410849324187742 -0.46222942529947669
leaf_weight=1729 10617 5520 115 2375 11124 6290 510 401 2898 810 3873 8702 5346 26 874 3113 1929 1848 595 2472 365 1256 6795 15489 9944 3614 318 527 1969 1965
leaf_count=1729 10617 5520 115 2375 11124 6290 510 401 2898 810 3873 8702 5346 26 874 3113 1929 1848 595 2472 365 1256 6795 15489 9944 3614 318 527 1969 1965
internal_value=-0.00103168 0.177306 -0.550738 -0.337897 0.353259 -0.436195 -0.74848 -0.995452 0.121884 -0.512421 0.44885 0.128011 -0.254176 -1.11685 -0.983968 -0.978103 -0.676835 -0.502067 -0.722023 -0.885692 -0.0842633 0.355573 0.494084 0.466271 0.341137 -1.22446 -0.896226 -0.236229 0.0384208 -0.574365
internal_weight=113409 85629 27780 18788 66544 19085 9925 8992 8863 1806 46718 19826 10866 7186 5075 3139 8219 4850 1405 3346 4709 4154 32901 22284 13817 4047 433 1037 2334 3813
internal_count=113409 85629 27780 18788 66544 19085 9925 8992 8863 1806 46718 19826 10866 7186 5075 3139 8219 4850 1405 3346 4709 4154 32901 22284 13817 4047 433 1037 2334 3813
is_linear=0
shrinkage=0.05


Tree=21
num_leaves=31
num_cat=0
split_feature=0 1 1 0 1 1 0 0 0 1 1 1 0 0 1 0 1 1 1 1 0 0 0 0 1 1 0 1 0 1
split_gain=4.01354e+06 3.33866e+06 949239 1.28038e+06 458084 371082 207908 190346 154136 101231 66606.5 58353.7 54374.1 38733.3 38619.3 34722.7 35931.4 34486.2 34152.7 33650.6 30077.9 26799 25144.9 24717.8 22018.9 21504.5 20542.5 18858.9 20285.9 18823
threshold=4.2035116318896408 0.27368111193524619 -0.6616821142420839 3.4388022870276038 0.50662256577213383 0.11374937157749035 3.2339217085615384 4.1763048044315134 3.6144161971290862 0.8682140037659869 0.72537656303778963 0.17368075333817284 4.2080529843511281 4.0016850225900411 0.06212084033012464 2.7880469424112762 -0.66926218500895385 0.26948431542544993 0.82659308966095224 -0.66926218500895385 4.2090870767876725 4.208849531058557 3.5221603261481738 3.7899177110824094 0.38248090967220355 0.38248090967220355 4.2091428143259337 -0.0022132866865079664 3.2562269708225906 0.9899572276429659
decision_type=2 2 2 2 2 2 2 2 2 2 2 2 2 2 2 2 2 2 2 2 2 2 2 2 2 2 2 2 2 2
left_child=2 5 3 6 12 14 15 13 22 17 26 -7 25 27 -2 -1 -17 -9 -15 -8 -12 -13 -5 -10 -14 -3 -6 28 -4 -20
right_child=1 4 7 8 10 11 19 9 23 -11 20 21 24 18 -16 16 -18 -19 29 -21 -22 -23 -24 -25 -26 -27 -28 -29 -30 -31
leaf_value=-1.1574064500137775 0.49362054034902292 -0.1815976053219891 -1.4205129353896433 -0.19458797512826709 -0.51981917159965974 0.27443193942220362 -0.22441783423132283 0.53823864319745229 0.25749967633351284 -0.8095251400491158 -0.70098721345329962 0.0012551450189131198 -0.0084534939666725852 0.87543811431297902 0.39407694404969096 -0.60064738448970545 -0.95047483758239071 -0.24209940843585653 -0.7869084062465167 -0.54564678180174375 -1.2003958567931383 0.16820133767211901 0.036499757151455196 0.52306032390274393 -0.16856545199824627 -0.44469831907386975 -0.26053938815719446 -1.2006003602011526 -0.64560857087420598 -1.0403320601241797
leaf_weight=1302 22251 1521 115 2375 5792 12018 1037 187 2898 1036 3865 3511 5319 26 17334 998 2775 583 1180 3813 327 7623 2334 1256 3601 1587 880 3614 318 1933
leaf_count=1302 22251 1521 115 2375 5792 12018 1037 187 2898 1036 3865 3511 5319 26 17334 998 2775 583 1180 3813 327 7623 2334 1256 3601 1587 880 3614 318 1933
internal_value=-0.000980093 0.16844 -0.523201 -0.321002 -0.348411 0.357033 -0.711056 -0.945679 0.115789 -0.4868 -0.583755 0.198027 -0.135843 -1.06101 0.450031 -0.93477 -0.857942 -0.0525887 -0.929198 -0.476963 -0.739944 0.115556 -0.0800501 0.337794 -0.0730906 -0.315942 -0.485622 -1.16324 -0.851415 -0.94427
internal_weight=113409 85629 27780 18788 22892 62737 9925 8992 8863 1806 10864 23152 12028 7186 39585 5075 3773 770 3139 4850 4192 11134 4709 4154 8920 3108 6672 4047 433 3113
internal_count=113409 85629 27780 18788 22892 62737 9925 8992 8863 1806 10864 23152 12028 7186 39585 5075 3773 770 3139 4850 4192 11134 4709 4154 8920 3108 6672 4047 433 3113
is_linear=0
shrinkage=0.05


Tree=22
num_leaves=31
num_cat=0
split_feature=0 1 1 0 1 1 0 0 0 1 1 0 0 1 0 1 1 1 1 1 1 0 1 0 1 0 0 1 0 1
split_gain=3.62222e+06 3.01605e+06 856688 1.15857e+06 488512 258518 233822 171787 99564.5 92245.7 91564.8 48782.8 42190.5 41537 34956.8 33890.9 30822.8 29751.1 24952.4 24820.8 23454.5 21196.1 20759.7 21827.9 20576.2 19883.1 19292.7 18719.6 19516.7 17523.1
threshold=4.2035116318896408 0.33493972129302357 -0.6616821142420839 3.367097349452131 0.15781018333179295 0.59821005442195807 3.5517692714646878 4.1763048044315134 3.1121988692531684 0.38248090967220355 0.091029350426950636 4.2089088136697255 3.6940139724464429 0.23797488331352729 4.0016850225900411 -0.66926218500895385 0.82659308966095224 0.88866561193202009 -0.66926218500895385 -0.66476311403078769 0.94133524972883265 3.4656563857364762 -0.66476311403078769 2.5172558643058736 0.26948431542544993 4.2090309300640696 4.2102998941715093 0.044956339808664474 4.2083814024886363 0.44135527888097464
decision_type=2 2 2 2 2 2 2 2 2 2 2 2 2 2 2 2 2 2 2 2 2 2 2 2 2 2 2 2 2 2
left_child=2 4 3 8 10 11 15 14 22 24 27 29 18 -6 -4 -5 -16 26 -8 -10 -11 -17 23 -1 -9 -12 -7 -2 -29 -3
right_child=1 5 7 6 13 17 12 9 19 20 25 -13 -14 -15 16 21 -18 -19 -20 -21 -22 -23 -24 -25 -26 -27 -28 28 -30 -31
leaf_value=-1.128631604778829 0.50015710655708956 -0.22202804554365241 -1.1050779850516042 0.068122088823969792 0.16047628259028493 -0.57616844318337013 0.47503840449677459 0.51132671692792109 -0.41852413231842739 -0.49279086553614271 0.20599686726541544 -0.13188710706825502 0.39852215922993439 0.0074555255200468573 0.83166619722659785 -0.37312750342793555 -0.89705689255632981 -0.90319854272198052 0.066789065956316993 -0.68151194746788202 -0.92324213347922113 -0.14962409056620116 -1.0632977803248704 -0.67978069188131307 -0.13898189330230007 0.33300621221941451 -1.1475959792831876 0.34919726754105007 0.45016665025838487 -0.40618590018539874
leaf_weight=382 10617 1946 4047 890 10274 6780 437 187 1237 676 4232 5074 2639 7803 26 2322 3113 843 2608 3266 595 1953 2123 931 348 11334 151 6850 15883 3842
leaf_count=382 10617 1946 4047 890 10274 6780 437 187 1237 676 4232 5074 2639 7803 26 2322 3113 843 2608 3266 595 1953 2123 931 348 11334 151 6850 15883 3842
internal_value=-0.000931092 0.160018 -0.497041 -0.304952 0.316528 -0.402604 0.0309234 -0.898395 -0.763941 -0.46246 0.398607 -0.245059 0.252195 0.0944243 -1.00796 -0.212583 -0.882738 -0.62273 0.125379 -0.609268 -0.6943 -0.271022 -0.966646 -0.810368 0.0883222 0.298476 -0.588618 0.445342 0.419742 -0.34427
internal_weight=113409 85629 27780 18788 66993 18636 10849 8992 7939 1806 48916 10862 5684 18077 7186 5165 3139 7774 3045 4503 1271 4275 3436 1313 535 15566 6931 33350 22733 5788
internal_count=113409 85629 27780 18788 66993 18636 10849 8992 7939 1806 48916 10862 5684 18077 7186 5165 3139 7774 3045 4503 1271 4275 3436 1313 535 15566 6931 33350 22733 5788
is_linear=0
shrinkage=0.05


Tree=23
num_leaves=31
num_cat=0
split_feature=0 1 1 0 1 0 1 0 1 1 0 0 0 1 1 0 1 1 1 1 1 0 1 0 0 1 0 0 1 0
split_gain=3.26906e+06 2.7221e+06 773161 1.04738e+06 458351 230563 219277 156251 112809 82711.9 74975.8 44883.8 41237 40071.3 32124.7 27303.3 23775 23129.7 21757.4 19811.2 18836.8 19731.9 18836.6 18452.1 17198 27888.2 16991.3 16740.9 16558.2 17290.4
threshold=4.2035116318896408 0.34213339639349516 -0.6616821142420839 3.3505180837725921 0.15781018333179295 3.5367771867072357 0.59821005442195807 4.1481006113486876 0.41080745890771148 0.090298781256966984 3.1121988692531684 3.6599288646592698 4.2087814111788378 0.23797488331352729 -0.66926218500895385 4.2102998941715093 0.95832438602939451 0.26948431542544993 -0.66926218500895385 0.88866561193202009 -0.66926218500895385 2.5172558643058736 -0.66476311403078769 4.2092001896398363 3.7587056847616118 0.92374597262104541 4.2083814024886363 4.2064204226126582 0.053051794850801269 4.2083814024886363
decision_type=2 2 2 2 2 2 2 2 2 2 2 2 2 2 2 2 2 2 2 2 2 2 2 2 2 2 2 2 2 2
left_child=2 4 3 10 9 14 12 24 17 28 20 18 -3 26 -5 19 -10 -9 -7 -8 21 -1 -12 -11 -4 -26 -6 -15 -2 -30
right_child=1 6 7 5 13 11 15 8 16 23 22 -13 -14 27 -16 -17 -18 -19 -20 -21 -22 -23 -24 -25 25 -27 -28 -29 29 -31
leaf_value=-1.0725626457943007 0.46474891802864626 -0.33942218921070416 -1.0643352387728988 0.038182657769298481 0.049099940651691952 0.40801138139279919 -0.54736001615795782 0.48308071219004117 -0.56470703685714496 0.19777848781127597 -0.42851045201218962 0.35137954051527165 -0.14053937143191547 -0.12074668503336686 -0.28848842298160343 -1.0903902476238754 -0.90407962546720455 -0.16241768789622818 0.021874132909278379 -0.82166773827340256 -1.0047367211860077 -0.62962358435180699 -0.66801606903607791 0.31832759220701723 0.33702123641967774 -0.91796999861968542 0.19245674547451541 0.045013029355005806 0.31548736683424899 0.42289856538290799
leaf_weight=356 14198 5253 3507 915 2867 429 6780 208 1182 4363 1136 3234 5173 2017 4240 265 916 417 2438 729 2224 856 2960 11652 45 2717 7407 6222 5183 13520
leaf_count=356 14198 5253 3507 915 2867 429 6780 208 1182 4363 1136 3234 5173 2017 4240 265 916 417 2438 729 2224 856 2960 11652 45 2717 7407 6222 5183 13520
internal_value=-0.000884538 0.152017 -0.472189 -0.289704 0.298479 0.0156782 -0.390607 -0.853475 -0.537227 0.378676 -0.746075 0.223689 -0.240744 0.0865782 -0.230505 -0.591594 -0.712879 0.0524042 0.0796533 -0.573991 -0.918313 -0.759728 -0.601591 0.285486 -0.990841 -0.897523 0.152452 0.00443318 0.424038 0.393133
internal_weight=113409 85629 27780 18788 67429 11256 18200 8992 2723 48916 7532 6101 10426 18513 5155 7774 2098 625 2867 7509 3436 1212 4096 16015 6269 2762 10274 8239 32901 18703
internal_count=113409 85629 27780 18788 67429 11256 18200 8992 2723 48916 7532 6101 10426 18513 5155 7774 2098 625 2867 7509 3436 1212 4096 16015 6269 2762 10274 8239 32901 18703
is_linear=0
shrinkage=0.05


Tree=24
num_leaves=31
num_cat=0
split_feature=0 1 1 0 1 1 0 0 0 1 1 1 0 1 0 1 1 0 1 0 0 0 1 1 0 0 0 0 1 1
split_gain=2.95032e+06 2.45989e+06 697778 949012 341863 275511 141017 139275 128662 102119 65382 44120.8 35269.7 28927.2 28690.2 24007.9 23742.3 23035.3 22138.1 21755.6 21196.8 19399.6 17804.2 17689.9 17167 16936.5 16652.1 15521.2 25169.1 14659.7
threshold=4.2035116318896408 0.27368111193524619 -0.6616821142420839 3.425455265970681 0.47337442032806615 0.11374937157749035 4.1481006113486876 3.2769015374171824 3.6144161971290862 0.38248090967220355 0.66046176821179381 0.19560049498397875 2.8775961260131271 0.059521606575995471 4.2079410597434483 -0.66926218500895385 0.95832438602939451 3.4939319065458361 -0.66926218500895385 4.2101662756017779 3.8240175911680279 4.2087076272842721 -0.66926218500895385 0.26948431542544993 4.2091428143259337 4.2082787309598624 4.2078315369189232 3.7587056847616118 0.92374597262104541 0.90581773459918347
decision_type=2 2 2 2 2 2 2 2 2 2 2 2 2 2 2 2 2 2 2 2 2 2 2 2 2 2 2 2 2 2
left_child=2 5 3 7 14 13 27 12 17 23 24 21 -1 -2 -3 -9 -11 -5 -14 29 -10 -7 -19 -8 -6 -13 -15 -4 -29 -12
right_child=1 4 6 8 10 11 9 15 20 16 19 25 18 26 -16 -17 -18 22 -20 -21 -22 -23 -24 -25 -26 -27 -28 28 -30 -31
leaf_value=-0.96593696807698071 0.42775881757208084 -0.24238611968952292 -1.0111184782245271 -0.21655613908781721 -0.40723319013564363 0.12763473709943307 0.4589266694509066 -0.13633114346601929 0.23389804015639207 -0.52384488491617298 -0.55339123767335197 -0.040895052476754616 -0.50148338210115684 0.26959833579498982 -0.049052352604879466 -0.4495629876321976 -0.85887565190159598 0.27096675725688329 -0.76521915654785477 -1.0360475336475408 0.51289628763576767 0.25664178721031577 -0.051344690610800194 -0.12391191407872214 -0.19399499646103713 0.12029561924258914 0.37219413796764594 0.32017019271850589 -0.87207150022071822 -0.83660861325121216
leaf_weight=1729 20458 2500 3507 1980 5009 4003 208 779 3296 1251 5191 2207 1072 5587 8256 2849 916 512 3087 272 858 10713 2626 348 1163 6229 13540 45 2717 501
leaf_count=1729 20458 2500 3507 1980 5009 4003 208 779 3296 1251 5191 2207 1072 5587 8256 2849 916 512 3087 272 858 10713 2626 348 1163 6229 13540 45 2717 501
internal_value=-0.000840308 0.144417 -0.44858 -0.275219 -0.299231 0.306298 -0.810802 -0.625991 0.0847838 -0.510365 -0.481134 0.16929 -0.776142 0.38643 -0.0939886 -0.382306 -0.665464 -0.0830163 -0.69724 -0.599195 0.291525 0.22155 0.00124405 0.0941284 -0.367052 0.0781254 0.342226 -0.941299 -0.852647 -0.57832
internal_weight=113409 85629 27780 18788 22892 62737 8992 9516 9272 2723 12136 23152 5888 39585 10756 3628 2167 5118 4159 5964 4154 14716 3138 556 6172 8436 19127 6269 2762 5692
internal_count=113409 85629 27780 18788 22892 62737 8992 9516 9272 2723 12136 23152 5888 39585 10756 3628 2167 5118 4159 5964 4154 14716 3138 556 6172 8436 19127 6269 2762 5692
is_linear=0
shrinkage=0.05


Tree=25
num_leaves=31
num_cat=0
split_feature=0 1 1 0 1 1 0 0 1 0 1 0 1 0 1 1 1 1 1 1 0 1 0 0 0 1 0 0 1 0
split_gain=2.65523e+06 2.23582e+06 621270 855698 374871 175727 160566 123296 87974 85109.2 68311.2 35038 32270.5 29466.7 25009.6 24368.2 23818.2 21303 19483.9 19038.2 17901.2 17681.5 17676.1 15559.8 14834.4 44115.1 13894.9 13504.1 13346.8 12604.7
threshold=4.2035116318896408 0.34213339639349516 -0.6616821142420839 3.3829345773626645 0.15781018333179295 0.59821005442195807 3.5668801272128876 4.1481006113486876 0.8682140037659869 3.1486491245954151 0.08336917217557635 4.2082787309598624 0.23797488331352729 3.7899177110824094 -0.66926218500895385 0.8682140037659869 0.27970993060822436 -0.66476311403078769 -0.66926218500895385 0.46250386419151496 4.2096520377771407 -0.66926218500895385 2.5172558643058736 3.4798280264228474 3.7587056847616118 0.90581773459918347 4.2064204226126582 4.2085508141781736 0.99518812659106171 2.8775961260131271
decision_type=2 2 2 2 2 2 2 2 2 2 2 2 2 2 2 2 2 2 2 2 2 2 2 2 2 2 2 2 2 2
left_child=2 4 3 9 10 11 14 24 16 21 -2 -3 27 18 -5 -7 -9 -11 -8 -13 -12 22 -1 -16 -4 -26 -14 -6 -10 -23
right_child=1 5 7 6 12 15 13 8 28 17 20 19 26 -15 23 -17 -18 -19 -20 -21 -22 29 -24 -25 25 -27 -28 -29 -30 -31
leaf_value=-0.96846406982834865 0.38840473304511897 -0.33927047640896418 -0.96173753450345711 0.086096153141853898 0.044605355023512636 -0.49838757501521186 0.44946515689824373 0.3427934285858823 -0.63962301571067215 -0.3164557845549264 0.19200651024432824 -0.083038849220616925 -0.10923815130879298 0.44032706561235851 -0.29442492222221833 -0.74887305749907329 -0.23851248598483143 -0.56035166829300243 0.12210160440169381 -0.25814096853657909 0.29882800928746672 -1.0323118333571997 -0.55364651590305447 -0.10483465627503674 1.2052304568114105 -0.82594326949431529 0.041565127674893391 0.17266022211802234 -1.1933814323153988 -0.80282783172044647
leaf_weight=351 30400 3919 3469 873 2845 6581 524 263 1756 1233 5574 4040 2025 1295 2350 1139 534 3269 3428 2521 13233 975 957 2006 27 2694 6217 7450 116 1549
leaf_count=351 30400 3919 3469 873 2845 6581 524 263 1756 1233 5574 4040 2025 1295 2350 1139 534 3269 3428 2521 13233 975 957 2006 27 2694 6217 7450 116 1549
internal_value=0.000542687 0.137693 -0.425465 -0.262869 0.269877 -0.354325 0.0379222 -0.770701 -0.486632 -0.640969 0.342068 -0.220978 0.0782448 0.233335 -0.158163 -0.535344 -0.0466888 -0.493554 0.165507 -0.15032 0.267168 -0.814158 -0.664962 -0.207116 -0.893185 -0.805788 0.00451385 0.137273 -0.673937 -0.891476
internal_weight=113613 85944 27669 18810 67744 18200 10476 8859 2669 8334 49207 10480 18537 5247 5229 7720 797 4502 3952 6561 18807 3832 1308 4356 6190 2721 8242 10295 1872 2524
internal_count=113613 85944 27669 18810 67744 18200 10476 8859 2669 8334 49207 10480 18537 5247 5229 7720 797 4502 3952 6561 18807 3832 1308 4356 6190 2721 8242 10295 1872 2524
is_linear=0
shrinkage=0.05


Tree=26
num_leaves=31
num_cat=0
split_feature=0 1 1 0 1 1 0 0 1 0 1 1 1 0 1 0 1 0 0 1 1 0 1 0 0 1 0 1 0 0
split_gain=2.39634e+06 2.01805e+06 560696 773872 274252 222084 158654 111275 79396.6 64720.8 36759.6 35668.9 35592.6 35399.6 29234.7 23485.9 21840.2 20533.4 17579.7 16253.9 15957.6 16147.3 15426.9 14534.3 13833.3 13797 13388 39813.8 13188.9 12146.5
threshold=4.2035116318896408 0.30238758275585748 -0.6616821142420839 3.367097349452131 0.1300622843575869 0.51724704080845141 3.5822972156049366 4.1481006113486876 0.8682140037659869 3.1486491245954151 0.068674339919785943 0.20817236634261524 0.78217850835714009 4.2077310619281354 -0.66926218500895385 3.7899177110824094 0.26948431542544993 3.4656563857364762 4.2089088136697255 -0.66476311403078769 -0.66926218500895385 2.6743727390994265 -0.66926218500895385 4.2080529843511281 4.2087076272842721 0.38248090967220355 3.7587056847616118 0.90581773459918347 4.2087076272842721 4.2082787309598624
decision_type=2 2 2 2 2 2 2 2 2 2 2 2 2 2 2 2 2 2 2 2 2 2 2 2 2 2 2 2 2 2
left_child=2 4 3 9 10 13 14 26 16 20 -2 28 29 25 -5 22 -9 -16 -12 -11 21 -1 -8 -13 -14 -3 -4 -28 -6 -7
right_child=1 5 7 6 11 12 15 8 -10 19 18 23 24 -15 17 -17 -18 -19 -20 -21 -22 -23 -24 -25 -26 -27 27 -29 -30 -31
leaf_value=-0.85431740255469824 0.38044485653364035 -0.15244028519172348 -0.91365065618417352 0.096723308232048763 0.088015813381257829 -0.44834716595448382 0.43943007691598046 0.41867508443526041 -0.64024024941144075 -0.32768458565843361 0.21312521177263388 -0.066674139279535333 -0.57484872885113114 -0.081068485654300179 -0.3047814685044925 0.41831069580836644 -0.19230916804745055 -0.10188609464629531 0.31801394810925726 -0.54966330396667606 -0.84690179505537488 -0.49307037966127143 0.12981783946997369 0.080827993222071987 -0.93202049453791824 -0.38820344197777423 1.1449689317632605 -0.78464610946565905 0.20515497776515274 -0.31263878971660403
leaf_weight=502 24140 1030 3469 1015 3247 5188 462 193 1872 1146 5563 2240 2504 7771 2360 1295 604 2644 14171 2941 2524 806 3115 6564 304 1561 27 2694 9244 2417
leaf_count=502 24140 1030 3469 1015 3247 5188 462 193 1872 1146 5563 2240 2504 7771 2360 1295 604 2644 14171 2941 2524 806 3115 6564 304 1561 27 2694 9244 2417
internal_value=0.000515553 0.130808 -0.404192 -0.249725 0.267605 -0.298311 0.0237457 -0.732166 -0.462301 -0.62583 0.339065 0.120378 -0.461388 -0.134432 -0.147948 0.23586 -0.0443544 -0.197576 0.288446 -0.48742 -0.77345 -0.631714 0.169807 0.0432991 -0.613517 -0.294481 -0.848526 -0.765499 0.174705 -0.405217
internal_weight=113613 85944 27669 18810 65169 20775 10891 8859 2669 7919 43874 21295 10413 10362 6019 4872 797 5004 19734 4087 3832 1308 3577 8804 2808 2591 6190 2721 12491 7605
internal_count=113613 85944 27669 18810 65169 20775 10891 8859 2669 7919 43874 21295 10413 10362 6019 4872 797 5004 19734 4087 3832 1308 3577 8804 2808 2591 6190 2721 12491 7605
is_linear=0
shrinkage=0.05


Tree=27
num_leaves=31
num_cat=0
split_feature=0 1 1 0 1 0 1 0 1 1 0 0 1 0 1 1 1 1 1 1 0 1 0 1 0 1 0 0 0 0
split_gain=2.1627e+06 1.8254e+06 506028 699117 317363 157321 134531 100425 72444 56933.6 49526.4 33555.6 28027.2 26362.6 23271.6 23013.2 20674 16280.9 14766.6 14480.7 13852.6 13755.2 14785.7 13101 12082.7 35932 12080.4 12010.2 11150.8 10637.2
threshold=4.2035116318896408 0.34951173794613027 -0.6616821142420839 3.3505180837725921 0.15781018333179295 3.5367771867072357 0.59821005442195807 4.1481006113486876 0.32073511501343061 0.091765911617818843 3.1121988692531684 3.6599288646592698 0.24749660249026242 4.2081656876842208 0.94133524972883265 -0.66926218500895385 0.8471138667079785 0.46250386419151496 -0.66926218500895385 -0.66476311403078769 2.5172558643058736 0.044956339808664474 4.2083814024886363 -0.66476311403078769 3.7587056847616118 0.90581773459918347 4.208849531058557 4.2087076272842721 3.8240175911680279 4.2080529843511281
decision_type=2 2 2 2 2 2 2 2 2 2 2 2 2 2 2 2 2 2 2 2 2 2 2 2 2 2 2 2 2 2
left_child=2 4 3 10 9 15 13 24 -9 21 19 18 27 -3 -10 -5 -8 -15 -7 20 -1 -2 -23 -12 -4 -26 -11 -6 -13 -14
right_child=1 6 7 5 12 11 16 8 14 26 23 28 29 17 -16 -17 -18 -19 -20 -21 -22 22 -24 -25 25 -27 -28 -29 -30 -31
leaf_value=-0.87550277507589735 0.39191886775717361 -0.31523717166548215 -0.86796812371754339 0.039972958803827049 0.03548862385533038 0.33627280696474215 -0.44341487133434659 0.17492421135873937 -0.3951556275122316 0.15563676027866832 -0.35024093353223307 0.23816283217788636 -0.10812155279204112 -0.07884988455610456 -0.71612744795362049 -0.2379548514108798 -0.64867268610447404 -0.23975935329393616 0.012109210770364479 -0.8309224477293583 -0.51653125990086646 0.26264655243610691 0.34948690402644444 -0.54869103362674598 1.0877204647770635 -0.74541380197205953 0.25574668811200418 0.15106105300407072 0.44662129976083692 0.028337103384164033
leaf_weight=377 10667 3586 3469 901 3116 411 6190 407 1173 4137 1158 2360 1884 3757 1089 4297 1530 2703 2419 2119 936 7010 16297 2951 27 2694 11096 8069 881 5902
leaf_count=377 10667 3586 3469 901 3116 411 6190 407 1173 4137 1158 2360 1884 3757 1089 4297 1530 2703 2419 2119 936 7010 16297 2951 27 2694 11096 8069 881 5902
internal_value=0.000489776 0.124268 -0.383982 -0.237239 0.241896 0.0121183 -0.327139 -0.695558 -0.439186 0.308878 -0.60987 0.184984 0.0681587 -0.206525 -0.549682 -0.18978 -0.484094 -0.146178 0.0591874 -0.750076 -0.619602 0.344891 0.323368 -0.492764 -0.8061 -0.727224 0.228559 0.118864 0.294828 -0.00468218
internal_weight=113613 85944 27669 18810 68178 11269 17766 8859 2669 49207 7541 6071 18971 10046 2262 5198 7720 6460 2830 3432 1313 33974 23307 4109 6190 2721 15233 11185 3241 7786
internal_count=113613 85944 27669 18810 68178 11269 17766 8859 2669 49207 7541 6071 18971 10046 2262 5198 7720 6460 2830 3432 1313 33974 23307 4109 6190 2721 15233 11185 3241 7786
is_linear=0
shrinkage=0.05


Tree=28
num_leaves=31
num_cat=0
split_feature=0 1 1 0 1 1 0 0 0 1 1 1 1 0 0 1 0 1 1 0 1 1 0 0 0 0 1 0 1 0
split_gain=1.95184e+06 1.64754e+06 456690 632966 277814 129817 110377 90634 72432.1 65734.6 42631 30337.9 26722.8 24973.6 19664.9 18480.6 17214.4 16944.1 15206.2 14349.9 14215.8 13594.2 12851.9 12474.2 12061.9 11927.9 11720 11702 11140.9 16111
threshold=4.2035116318896408 0.34213339639349516 -0.6616821142420839 3.3976557356948374 0.1300622843575869 0.59821005442195807 3.6304826699867676 4.1481006113486876 3.2090593733856294 0.8682140037659869 0.22666625183359088 0.068674339919785943 0.44135527888097464 3.4939319065458361 4.2105579519131142 0.26948431542544993 2.7880469424112762 -0.66926218500895385 -0.66476311403078769 4.2089088136697255 -0.66926218500895385 0.8682140037659869 3.8240175911680279 4.2087076272842721 4.2064204226126582 3.3329922903862736 0.99518812659106171 4.2065496251831069 -0.0022132866865079664 4.0016850225900411
decision_type=2 2 2 2 2 2 2 2 2 2 2 2 2 2 2 2 2 2 2 2 2 2 2 2 2 2 2 2 2 2
left_child=2 4 3 8 11 12 13 28 16 15 23 -2 -3 -5 21 -9 -1 -18 25 -13 -15 -7 -8 -6 -12 -10 -11 -14 -4 -30
right_child=1 5 7 6 10 14 22 9 18 26 24 19 27 20 -16 -17 17 -19 -20 -21 -22 -23 -24 -25 -26 -27 -28 -29 29 -31
leaf_value=-0.82592976362061654 0.34380147307973635 -0.10067057315588457 -0.52211102727851877 -0.1952631671419276 0.070017045205481271 -0.41878838982797062 0.20643303895842441 0.38899511846235996 -0.34033430037297946 -0.54697954194202725 -0.085946346271470853 0.19217297118970231 -0.49178714196440243 0.23769583791447216 -0.89610131912231461 -0.17303502449213792 -0.42441279464133563 -0.67915310428679765 -0.4404449541729582 0.28693792035459942 -0.038754943714471073 -0.61695887049412113 0.42429021897976305 0.17664506726543847 0.04458035371339153 0.013744463361444005 -1.0658939824118441 -0.2394468450392917 -0.84969888677784011 -0.67729140779070884
leaf_weight=1304 24140 4672 436 2808 3703 6471 2923 193 701 1756 2342 5563 503 553 250 604 887 2472 2998 14171 2923 999 881 10579 7246 360 116 5305 3570 2184
leaf_count=1304 24140 4672 436 2808 3703 6471 2923 193 701 1756 2342 5563 503 553 250 604 887 2472 2998 14171 2923 999 881 10579 7246 360 116 5305 3570 2184
internal_value=0.000465285 0.118054 -0.364783 -0.225377 0.231524 -0.304303 0.044317 -0.66078 -0.537309 -0.417226 0.0942499 0.306209 -0.189692 -0.0843625 -0.459889 -0.0369349 -0.671742 -0.611885 -0.382873 0.260224 0.00522586 -0.445291 0.256888 0.148999 0.0126974 -0.220194 -0.579134 -0.261301 -0.765795 -0.78426
internal_weight=113613 85944 27669 18810 67744 18200 10088 8859 8722 2669 23870 43874 10480 6284 7720 797 4663 3359 4059 19734 3476 7470 3804 14282 9588 1061 1872 5808 6190 5754
internal_count=113613 85944 27669 18810 67744 18200 10088 8859 8722 2669 23870 43874 10480 6284 7720 797 4663 3359 4059 19734 3476 7470 3804 14282 9588 1061 1872 5808 6190 5754
is_linear=0
shrinkage=0.05


Tree=29
num_leaves=31
num_cat=0
split_feature=0 1 1 0 1 1 0 0 1 1 0 1 0 1 1 0 0 1 0 1 0 1 0 0 0 0 0 1 1 1
split_gain=1.76153e+06 1.48923e+06 412163 572064 233084 149300 139818 81797.1 59878.3 42575.1 33016.7 27783.2 27354.8 22118.5 21148.9 20108.3 15933.6 13695.4 13382.9 13171.1 13249.4 12387.3 12163.4 10983 10747.9 10413.5 10107.7 32260.4 9980.95 9362.07
threshold=4.2035116318896408 0.26102882948921441 -0.6616821142420839 3.3329922903862736 0.46250386419151496 0.099292957765020493 3.5367771867072357 4.1481006113486876 0.29651250649177335 0.67611158993753573 3.017657434145895 0.17368075333817284 3.6599288646592698 0.92374597262104541 -0.66926218500895385 4.2078315369189232 4.209794181981672 -0.66476311403078769 4.2092521302304364 0.053051794850801269 4.2083814024886363 -0.66926218500895385 4.2098241418237548 2.5172558643058736 4.2098241418237548 3.4656563857364762 3.7587056847616118 0.90581773459918347 -0.66926218500895385 0.90581773459918347
decision_type=2 2 2 2 2 2 2 2 2 2 2 2 2 2 2 2 2 2 2 2 2 2 2 2 2 2 2 2 2 2
left_child=2 5 3 10 15 19 14 26 -9 18 17 22 21 -10 -5 -3 29 23 -6 -2 -21 -8 -7 -1 -13 -16 -4 -28 -12 -11
right_child=1 4 7 6 9 11 12 8 13 16 28 24 -14 -15 25 -17 -18 -19 -20 20 -22 -23 -24 -25 -26 -27 27 -29 -30 -31
leaf_value=-0.79043114621696176 0.34596562438138134 -0.17635025991337502 -0.78409147394617551 0.030933892710111363 -0.31858431862671677 0.13288559543224129 0.3078291925961954 0.23196935681065167 -0.31635523504950286 -0.43077987428818354 -0.36045940682999761 0.025664203765692839 0.26680397300847941 -0.625409671633679 -0.27952482064419215 -0.021549713416887106 -0.82619566077748863 -0.80598167958466904 -0.13440791584310435 0.22068351765814312 0.3083556549752966 0.01092778891626262 0.22391259550149922 -0.45568253859877594 0.13089945684922807 -0.12274810206356519 1.0643571994922778 -0.67259862292245964 -0.52956571415963372 -0.65833819330893462
leaf_weight=377 14286 2750 3469 991 5933 5672 411 332 1057 4707 1179 4287 3241 1280 2971 8846 302 1518 1183 5965 15526 2419 10397 700 5590 1646 27 2694 3357 500
leaf_count=377 14286 2750 3469 991 5933 5672 411 332 1057 4707 1179 4287 3241 1280 2971 8846 302 1518 1183 5965 15526 2419 10397 700 5590 1646 27 2694 3357 500
internal_value=0.000442022 0.112152 -0.346544 -0.214108 -0.220103 0.242533 0.00135351 -0.627741 -0.396365 -0.368755 -0.566987 0.151218 0.167627 -0.485628 -0.178648 -0.0582608 -0.47311 -0.709229 -0.287966 0.308756 0.284022 0.0540467 0.191782 -0.57286 0.0852233 -0.223633 -0.727505 -0.655363 -0.485611 -0.452631
internal_weight=113613 85944 27669 18810 24221 61723 11679 8859 2669 12625 7131 25946 6071 2337 5608 11596 5509 2595 7116 35777 21491 2830 16069 1077 9877 4617 6190 2721 4536 5207
internal_count=113613 85944 27669 18810 24221 61723 11679 8859 2669 12625 7131 25946 6071 2337 5608 11596 5509 2595 7116 35777 21491 2830 16069 1077 9877 4617 6190 2721 4536 5207
is_linear=0
shrinkage=0.05


Tree=30
num_leaves=31
num_cat=0
split_feature=0 1 1 0 1 0 1 0 1 0 1 0 0 0 1 0 1 1 0 1 1 1 0 0 1 1 1 1 0 1
split_gain=1.62295e+06 1.34534e+06 376484 530557 247756 112770 89620.5 78685.3 43593.3 39776.5 38266.7 33827.8 21772.6 21013.9 18513 18416.1 15613.8 15589 14743.6 14354 13091.3 12711.1 11902.9 11396.3 11237.7 10963 10766.3 10117 10026.2 9446.72
threshold=4.2035116318896408 0.36656638181485618 -0.0022132866865079664 3.3505180837725921 0.16035449363368157 3.5221603261481738 0.61379160706171965 4.1763048044315134 0.08336917217557635 3.1121988692531684 0.8682140037659869 3.7276973426772373 4.0016850225900411 4.2092521302304364 -0.66926218500895385 4.2081656876842208 0.82659308966095224 -0.66926218500895385 4.2105579519131142 -0.6616821142420839 0.26948431542544993 -0.66476311403078769 4.2095328946485546 2.5172558643058736 0.9899572276429659 0.22666625183359088 0.90581773459918347 0.49456154115686563 2.7880469424112762 -0.66476311403078769
decision_type=2 2 2 2 2 2 2 2 2 2 2 2 2 2 2 2 2 2 2 2 2 2 2 2 2 2 2 2 2 2
left_child=2 4 3 9 8 17 15 12 -2 21 20 14 -4 -6 -7 -3 -14 -5 26 -13 -9 23 -10 -1 -18 -15 -8 -17 -23 -11
right_child=1 6 7 5 13 11 18 10 22 29 -12 19 16 25 -16 27 24 -19 -20 -21 -22 28 -24 -25 -26 -27 -28 -29 -30 -31
leaf_value=-0.75523592031002051 0.30187850956807294 -0.28016402639890831 -0.76901077267370732 0.023160877398603286 -0.018549596461385109 0.31379488140321082 -0.39365474111697474 0.36048965379127168 0.14524457314879011 -0.3032564486503358 -0.50999282875108987 0.29217873310797454 0.68137110372384391 0.14004738713881237 0.02182801395273461 -0.091096430866775879 -0.47622342159922787 -0.2151686728400326 -0.81199832123543136 1.5480713066847429 -0.15023796486464808 -0.89224770568311218 0.2313089088122165 -0.43748357785877334 -0.67298490121326549 0.04686865305014376 -0.63090815853197568 -0.22757580237069441 -0.65747174887350612 -0.47089985001754897
leaf_weight=400 30436 3670 3648 825 6637 633 6522 159 5720 1164 1044 2105 24 6034 3816 3947 1164 4076 237 23 595 640 13497 958 1927 6620 516 2070 1571 3022
leaf_count=400 30436 3670 3648 825 6637 633 6522 159 5720 1164 1044 2105 24 6034 3816 3947 1164 4076 237 23 595 640 13497 958 1927 6620 516 2070 1571 3022
internal_value=-2.19733e-05 0.107428 -0.332129 -0.209355 0.205572 0.00650374 -0.29149 -0.607951 0.264652 -0.528843 -0.313963 0.141793 -0.68611 0.053507 0.0633688 -0.19189 -0.589025 -0.17505 -0.424111 0.305753 -0.0425381 -0.651479 0.205692 -0.531078 -0.598889 0.0913005 -0.411049 -0.138049 -0.72543 -0.424283
internal_weight=113700 85906 27794 19233 68944 11478 16962 8561 49653 7755 1798 6577 6763 19291 4449 9687 3115 4901 7275 2128 754 3569 19217 1358 3091 12654 7038 6017 2211 4186
internal_count=113700 85906 27794 19233 68944 11478 16962 8561 49653 7755 1798 6577 6763 19291 4449 9687 3115 4901 7275 2128 754 3569 19217 1358 3091 12654 7038 6017 2211 4186
is_linear=0
shrinkage=0.05


Tree=31
num_leaves=31
num_cat=0
split_feature=0 1 1 0 1 1 0 0 0 1 1 0 0 0 0 1 1 0 1 1 0 1 1 0 0 1 1 1 1 0
split_gain=1.46471e+06 1.21447e+06 339777 479187 215594 86807.7 73480.8 71013.5 58138.3 39988.8 35064.6 30529.6 19649.7 18480.2 17727.2 16708 15851 14464.7 14091.5 13871.3 13306.1 12954.5 11345.6 12591.1 11170.5 10602.6 10198.6 9716.58 9618.47 8500.58
threshold=4.2035116318896408 0.35835823550598178 -0.0022132866865079664 3.3976557356948374 0.16035449363368157 0.61379160706171965 3.5221603261481738 4.1763048044315134 3.2090593733856294 0.097121003908435088 0.29651250649177335 3.7276973426772373 4.0016850225900411 4.2092001896398363 4.2091428143259337 -0.66926218500895385 0.94133524972883265 2.7880469424112762 0.82659308966095224 -0.66926218500895385 4.2105579519131142 -0.6616821142420839 0.044956339808664474 4.2078315369189232 3.3150374316227009 -0.66476311403078769 0.99518812659106171 0.90581773459918347 0.24391940188125902 4.2087814111788378
decision_type=2 2 2 2 2 2 2 2 2 2 2 2 2 2 2 2 2 2 2 2 2 2 2 2 2 2 2 2 2 2
left_child=2 4 3 8 9 14 -5 12 17 22 -9 15 -4 -6 -3 -8 -12 -1 -14 -19 27 -13 -2 -24 -10 -26 -20 -7 -15 -11
right_child=1 5 7 6 13 20 11 10 24 29 16 21 18 28 -16 -17 -18 19 26 -21 -22 -23 23 -25 25 -27 -28 -29 -30 -31
leaf_value=-0.72193585076398858 0.32293615893216521 -0.22601793356840655 -0.73056023499291201 -0.144337454984894 -0.016980569389691568 -0.37397200245718931 0.29810513955618934 0.20216527934990342 -0.40953768498935716 0.11887719438633067 -0.2628338491764296 0.27756979365198764 0.64730254809061694 0.12535369683082984 -0.088029272684414739 0.020736613258613219 -0.59387758652500755 -0.36059293972390843 -0.53754558954408149 -0.58854318482521994 -0.7713984066926981 1.4706676980723508 0.20672765699350759 0.28462393052124096 -0.033930539312486477 -0.30646085161395459 -0.83164940102533869 -0.59936275320243115 0.036798362426748943 0.20481885015490625
leaf_weight=1357 10686 6474 3648 3679 6304 6522 633 293 2093 4000 901 2105 24 7255 3634 3816 604 901 2761 2574 237 23 7408 17308 460 1592 330 516 5311 10251
leaf_count=1357 10686 6474 3648 3679 6304 6522 633 293 2093 4000 901 2105 24 7255 3634 3816 604 901 2761 2574 237 23 7408 17308 460 1592 330 516 5311 10251
internal_value=-2.08753e-05 0.102057 -0.315523 -0.198888 0.196745 -0.2712 0.0346064 -0.577554 -0.465649 0.251419 -0.298265 0.134703 -0.651805 0.0528793 -0.176409 0.0602004 -0.395691 -0.5835 -0.559574 -0.52944 -0.402906 0.290465 0.279888 0.261276 -0.328264 -0.245367 -0.568945 -0.390497 0.0879259 0.180697
internal_weight=113700 85906 27794 19233 68523 17383 10256 8561 8977 49653 1798 6577 6763 18870 10108 4449 1505 4832 3115 3475 7275 2128 35402 24716 4145 2052 3091 7038 12566 14251
internal_count=113700 85906 27794 19233 68523 17383 10256 8561 8977 49653 1798 6577 6763 18870 10108 4449 1505 4832 3115 3475 7275 2128 35402 24716 4145 2052 3091 7038 12566 14251
is_linear=0
shrinkage=0.05


Tree=32
num_leaves=31
num_cat=0
split_feature=0 1 1 0 1 1 0 0 0 1 1 0 0 0 0 0 1 1 1 0 1 1 1 1 0 1 1 1 1 1
split_gain=1.3219e+06 1.09718e+06 306648 432624 167967 108459 64089.6 60562.1 59039.8 31884.3 31701.7 27812.1 19807.3 17733.9 16971.6 16302.5 15752.6 14308.5 12717.5 12008.7 11691.4 10953.8 10602.8 10029.9 9892.25 9870.56 9249.36 8769.21 8015.94 7655.39
threshold=4.2035116318896408 0.26102882948921441 -0.0022132866865079664 3.4119034434975446 0.46250386419151496 0.099292957765020493 4.1763048044315134 3.2562269708225906 3.7276973426772373 0.61379160706171965 0.8682140037659869 3.5079858025000532 4.2098241418237548 4.0016850225900411 4.2078315369189232 2.7880469424112762 -0.66926218500895385 -0.66476311403078769 0.82659308966095224 4.2105579519131142 -0.6616821142420839 0.26948431542544993 0.054190096393135871 -0.66926218500895385 4.2078315369189232 0.9899572276429659 0.18180554087128556 0.90581773459918347 0.17663744513061333 -0.66476311403078769
decision_type=2 2 2 2 2 2 2 2 2 2 2 2 2 2 2 2 2 2 2 2 2 2 2 2 2 2 2 2 2 2
left_child=2 5 3 7 14 22 13 15 11 -6 21 -5 28 -4 -3 29 -13 -17 -15 27 -10 -8 -2 -9 -24 -20 -14 -11 -7 -1
right_child=1 4 6 8 9 12 10 23 20 19 -12 16 26 18 -16 17 -18 -19 25 -21 -22 -23 24 -25 -26 -27 -28 -29 -30 -31
leaf_value=-0.57363868231886428 0.29688392111395573 -0.16025855533168609 -0.69403222315013469 -0.14501450956652942 -0.22174489655955304 0.1119832991735227 0.33235690518745087 -0.12036541362737326 0.26369130415626801 -0.35527340296140003 -0.46177532309041824 0.271241857159221 0.19154909802559766 0.61493741671244306 -0.017622439586122498 -0.34345371972266164 0.014494487062086262 -0.54495926516177329 -0.4255349702810664 -0.73282848551303525 1.3971343890480374 -0.13482049823464717 0.18543019897292656 -0.31865587239277121 0.26309832610209799 -0.60994010348326344 0.1096933071587223 -0.56939461940336367 0.02031487902661867 -0.81153852425515649
leaf_weight=717 15205 2725 3648 2866 5325 6000 159 816 2105 6522 1044 698 10835 24 8886 1236 4146 3067 1164 237 23 595 5643 2919 14990 1927 5064 516 3958 640
leaf_count=717 15205 2725 3648 2866 5325 6000 159 816 2105 6522 1044 698 10835 24 8886 1236 4146 3067 1164 237 23 595 5643 2919 14990 1927 5064 516 3958 640
internal_value=-1.98322e-05 0.0969537 -0.299747 -0.188943 -0.188289 0.208892 -0.548676 -0.431608 0.0427946 -0.314712 -0.283352 -0.0215552 0.130844 -0.619215 -0.0510979 -0.534732 0.0514907 -0.487079 -0.531595 -0.38276 0.275942 -0.0363043 0.265203 -0.275335 0.241857 -0.540497 0.165477 -0.370972 0.0755479 -0.685839
internal_weight=113700 85906 27794 19233 24211 61695 8561 9395 9838 12600 1798 7710 25857 6763 11611 5660 4844 4303 3115 7275 2128 754 35838 3735 20633 3091 15899 7038 9958 1357
internal_count=113700 85906 27794 19233 24211 61695 8561 9395 9838 12600 1798 7710 25857 6763 11611 5660 4844 4303 3115 7275 2128 754 35838 3735 20633 3091 15899 7038 9958 1357
is_linear=0
shrinkage=0.05


Tree=33
num_leaves=31
num_cat=0
split_feature=0 1 1 0 1 0 1 0 0 1 1 1 0 0 1 1 0 1 1 0 1 0 1 0 1 1 1 0 0 1
split_gain=1.19302e+06 994195 277755 383797 181248 82096.7 64833 54601.3 37378 29632.9 25822.9 21529 16809.7 14736.8 13554.7 12896.2 11277.4 41529 12227.4 10837.9 9512.71 8742.15 8485.51 8429.99 8115.27 8053.69 7762.35 7719.82 7519.61 7476.02
threshold=4.2035116318896408 0.36656638181485618 -0.6616821142420839 3.4656563857364762 0.14591470792853242 3.2962372605943853 0.61379160706171965 4.1763048044315134 3.6599288646592698 0.29651250649177335 0.08336917217557635 0.22666625183359088 2.8775961260131271 4.2081656876842208 0.94133524972883265 -0.66926218500895385 3.7587056847616118 -0.0011725711818398666 0.9899572276429659 4.2105579519131142 -0.66476311403078769 4.2079410597434483 -0.66926218500895385 4.2099997046384123 -0.66476311403078769 0.92374597262104541 0.49456154115686563 4.2090309300640696 3.8701868380452269 0.039298419216266339
decision_type=2 2 2 2 2 2 2 2 2 2 2 2 2 2 2 2 2 2 2 2 2 2 2 2 2 2 2 2 2 2
left_child=2 4 3 5 10 12 13 16 20 -9 23 -6 24 -3 -11 -7 -4 -18 -19 25 -5 -13 -14 29 -1 -8 -15 -12 -10 -2
right_child=1 6 7 8 11 15 19 9 28 14 27 21 22 26 -16 -17 17 18 -20 -21 -22 -23 -24 -25 -26 -27 -28 -29 -30 -31
leaf_value=-0.50546157498692368 0.29622451466790117 -0.24507422245341057 -0.63819615321540235 0.14898584966907374 0.10660486078961394 -0.028572204971324251 -0.34048488916912445 0.18488007292570854 0.18782452552468956 -0.23496777137460292 0.12676806311695826 -0.073816877691279509 -0.31983625486031331 -0.076818545728550028 -0.54109494976486572 -0.2456044236368562 1.6527588497508656 -0.39409971514673875 -0.58960909562264974 -0.69618705516123081 -0.034022666863653954 0.032387165504579929 -0.47443577569289275 0.28412186544359536 -0.71978538902845679 -0.59205091295395784 -0.19636532632547998 0.20285727248006002 0.4034183951929996 0.21137926045139316
leaf_weight=860 3399 3670 3538 867 11128 847 6704 302 2723 901 4623 2530 1200 3947 604 3567 22 1184 2464 237 3923 8276 3409 16043 908 334 2070 11951 475 10994
leaf_count=860 3399 3670 3538 867 11128 847 6704 302 2723 901 4623 2530 1200 3947 604 3567 22 1184 2464 237 3923 8276 3409 16043 908 334 2070 11951 475 10994
internal_value=-1.88392e-05 0.092106 -0.284759 -0.175245 0.176475 -0.369724 -0.250823 -0.512888 0.0874774 -0.267124 0.231851 0.0577906 -0.484462 -0.166109 -0.357825 -0.203958 -0.574499 -0.513093 -0.526154 -0.363622 -0.000897743 0.0075217 -0.434184 0.259198 -0.615533 -0.352423 -0.117946 0.181634 0.219847 0.231416
internal_weight=113700 85906 27794 18779 68944 10791 16962 9015 7988 1807 47010 21934 6377 9687 1505 4414 7208 3670 3648 7275 4790 10806 4609 30436 1768 7038 6017 16574 3198 14393
internal_count=113700 85906 27794 18779 68944 10791 16962 9015 7988 1807 47010 21934 6377 9687 1505 4414 7208 3670 3648 7275 4790 10806 4609 30436 1768 7038 6017 16574 3198 14393
is_linear=0
shrinkage=0.05


Tree=34
num_leaves=31
num_cat=0
split_feature=0 1 1 0 1 1 0 0 0 1 0 1 1 0 0 1 1 1 1 0 1 1 1 1 0 1 0 0 0 0
split_gain=1.0767e+06 897563 250923 356602 129072 89275.9 75029.9 52432.5 27552.7 26253 24709.3 24115.5 18300.6 14774.6 14722.7 14203.1 13117.4 13111.2 11180.6 10814 10652.1 9336.92 9279.23 9174.54 8742.25 8684.2 8525.76 7570.57 6869.51 6814.13
threshold=4.2035116318896408 0.31304667972451988 -0.0022132866865079664 3.3505180837725921 0.11521755792358598 0.56918043419434328 3.5079858025000532 4.1763048044315134 3.1121988692531684 0.8682140037659869 3.7587056847616118 0.19560049498397875 0.41080745890771148 4.0016850225900411 4.2069679798942632 -0.66926218500895385 0.80403983572463045 0.054964433161141774 -0.66926218500895385 4.2078315369189232 0.82659308966095224 -0.66476311403078769 -0.6616821142420839 0.26948431542544993 2.5172558643058736 0.99518812659106171 4.2060821430719466 4.2087076272842721 4.2082787309598624 2.7880469424112762
decision_type=2 2 2 2 2 2 2 2 2 2 2 2 2 2 2 2 2 2 2 2 2 2 2 2 2 2 2 2 2 2
left_child=2 4 3 8 17 12 18 13 21 23 15 27 -3 -4 -14 -8 -7 -2 -5 -19 -15 24 -12 -9 -1 -22 -13 -6 -18 -23
right_child=1 5 7 6 11 16 10 9 -10 -11 22 26 14 20 -16 -17 28 19 -20 -21 25 29 -24 -25 -26 -27 -28 -29 -30 -31
leaf_value=-0.62742231816053395 0.26716715050674866 -0.044195104171967502 -0.62779179614756198 0.022520963499800453 0.071202528856412456 -0.28949658094294867 0.25699823576290876 0.30649504586585663 -0.34519387270369878 -0.4180827615593054 0.26215368933541899 -0.041832510590543201 -0.35442600394733326 0.56978122343619664 -0.1392944841104907 0.022750400819553401 -0.39645697121067502 0.15525868049340555 -0.18781173633866746 0.22974905275001004 -0.45869918764298678 -0.73518905028700832 1.2733590100122536 -0.12105878381626956 -0.34911879750983577 -0.73008946862636193 0.058996749508432672 0.15391029373054133 -0.66019156356674757 -0.5416397453872055
leaf_weight=400 16103 5137 3648 760 3759 6261 755 159 4186 1044 1666 2770 937 24 5258 4528 2089 6760 3746 17447 2761 640 23 595 958 330 8623 10482 280 1571
leaf_count=400 16103 5137 3648 760 3759 6261 755 159 4186 1044 1666 2770 937 24 5258 4528 2089 6760 3746 17447 2761 640 23 595 958 330 8623 10482 280 1571
internal_value=-1.78975e-05 0.0875007 -0.270521 -0.17029 0.176422 -0.206248 0.00667851 -0.495699 -0.432217 -0.255715 0.10945 0.0887022 -0.113973 -0.559501 -0.171833 0.056227 -0.327415 0.232205 -0.152336 0.208947 -0.479526 -0.534285 0.275924 -0.0308982 -0.431093 -0.487673 0.034482 0.132079 -0.427629 -0.597665
internal_weight=113700 85906 27794 19233 65944 19962 11478 8561 7755 1798 6972 25634 11332 6763 6195 5283 8630 40310 4506 24207 3115 3569 1689 754 1358 3091 11393 14241 2369 2211
internal_count=113700 85906 27794 19233 65944 19962 11478 8561 7755 1798 6972 25634 11332 6763 6195 5283 8630 40310 4506 24207 3115 3569 1689 754 1358 3091 11393 14241 2369 2211
is_linear=0
shrinkage=0.05


Tree=35
num_leaves=31
num_cat=0
split_feature=0 1 1 0 1 1 0 0 0 1 0 1 1 0 0 1 1 0 1 1 1 0 0 1 1 0 1 0 0 1
split_gain=959924 799122 230673 313878 102500 93279 78179.5 46029.7 20458.8 20264.3 18522.5 18384.1 15711.2 15033.8 13108.1 13245.1 12294.6 11061.7 10272.7 10195.4 10164.7 10135.8 9796.28 8366.8 8242.76 8008.61 7850.58 7770.55 7341.74 7050.41
threshold=4.2035116318896408 0.29062199670593086 -0.6616821142420839 3.3329922903862736 0.10726064900172545 0.52999857268208184 3.5367771867072357 4.1881520144172528 4.2075194183444795 0.94133524972883265 3.017657434145895 0.19560049498397875 0.72537656303778963 3.6723921289788319 4.0016850225900411 0.97366692785173814 -0.66926218500895385 4.2090870767876725 0.4013054117227623 0.044956339808664474 0.28594241921769475 4.2083814024886363 4.2086262929321903 -0.66476311403078769 0.82659308966095224 4.2087076272842721 -0.66926218500895385 2.6743727390994265 4.2082787309598624 0.42905479745205016
decision_type=2 2 2 2 2 2 2 2 2 2 2 2 2 2 2 2 2 2 2 2 2 2 2 2 2 2 2 2 2 2
left_child=2 4 3 10 19 8 16 14 18 20 23 25 22 26 -4 24 -5 -14 -3 -2 -9 -21 -7 27 -16 -6 -8 -1 -13 -10
right_child=1 5 7 6 11 12 13 9 29 -11 -12 28 17 -15 15 -17 -18 -19 -20 21 -22 -23 -24 -25 -26 -27 -28 -29 -30 -31
leaf_value=-0.55030616280811084 0.2650822147774976 -0.10921226864398206 -0.57404485212888168 0.02711918814576187 0.070634139265640675 -0.27585566809431872 0.24067611366639485 0.21390845173726911 -0.017605139359041812 -0.51914763009461407 -0.35595208878274548 -0.034278739639027465 -0.34330427512552542 0.20867018175818633 0.40435073559100809 -0.51321057134311543 -0.16510157949737558 -0.64981212808654232 -0.30509475630650762 0.16143521509789327 -0.1659901582881636 0.22738416658660762 -0.12350521351021893 -0.59963300979604106 -0.33417939368313421 0.14921558355880246 0.016890910323125907 -0.28329807573898441 0.065658184734810859 -0.11186320197282246
leaf_weight=549 10665 1361 4029 1016 4493 4400 462 230 6109 352 4550 2467 3811 2991 39 2313 4590 319 1317 8332 751 19372 1388 1507 1209 11648 2583 541 7205 2938
leaf_count=549 10665 1361 4029 1016 4493 4400 462 230 6109 352 4550 2467 3811 2991 39 2313 4590 319 1317 8332 751 19372 1388 1507 1209 11648 2583 541 7205 2938
internal_value=0.000504414 0.0831171 -0.25535 -0.155938 0.171715 -0.179618 0.00418235 -0.46468 -0.0841494 -0.193698 -0.416764 0.094678 -0.29248 0.129051 -0.512271 -0.442378 -0.130265 -0.366979 -0.205544 0.223542 -0.0769212 0.20755 -0.239321 -0.523307 -0.3111 0.127342 0.0508445 -0.417782 0.0401677 -0.0482153
internal_weight=113537 85825 27712 18789 64182 21643 11642 8923 11725 1333 7147 25813 9918 6036 7590 3561 5606 4130 2678 38369 981 27704 5788 2597 1248 16141 3045 1090 9672 9047
internal_count=113537 85825 27712 18789 64182 21643 11642 8923 11725 1333 7147 25813 9918 6036 7590 3561 5606 4130 2678 38369 981 27704 5788 2597 1248 16141 3045 1090 9672 9047
is_linear=0
shrinkage=0.05


Tree=36
num_leaves=31
num_cat=0
split_feature=0 1 1 0 1 1 0 0 0 1 1 0 0 0 1 1 0 0 1 1 0 1 1 0 0 1 1 1 1 1
split_gain=866332 721654 208182 283333 96081.8 83181.8 44604.6 42691.7 41603.3 23179 22715.3 15867.5 12466.1 11339.2 13587.6 10464.4 9983.21 9401.24 26700.8 10230.3 8973.19 8727.89 8669.38 8678.84 8212.06 6696.96 6458.95 6450.03 5581.58 5441.31
threshold=4.2035116318896408 0.27368111193524619 -0.6616821142420839 3.425455265970681 0.45112986590810861 0.10561795215628932 3.2769015374171824 3.6144161971290862 4.1763048044315134 0.72537656303778963 0.92374597262104541 4.2098853606104658 4.2082787309598624 2.6743727390994265 -0.66476311403078769 0.26948431542544993 4.2090870767876725 3.7587056847616118 -0.0011725711818398666 0.9899572276429659 4.2078315369189232 -0.66926218500895385 0.047471915311124303 4.2083814024886363 3.8240175911680279 0.17663744513061333 -0.66476311403078769 -0.66926218500895385 0.99518812659106171 -0.66325312116481017
decision_type=2 2 2 2 2 2 2 2 2 2 2 2 2 2 2 2 2 2 2 2 2 2 2 2 2 2 2 2 2 2
left_child=2 5 3 6 20 22 13 26 17 12 15 25 -6 -1 -15 -10 -11 -4 -19 -20 -3 -8 -2 -24 27 -7 -5 -9 -12 -23
right_child=1 4 8 7 9 11 21 24 10 16 28 -13 -14 14 -16 -17 -18 18 19 -21 -22 29 23 -25 -26 -27 -28 -29 -30 -31
leaf_value=-0.59090549739348697 0.24979328522522454 -0.13258558541039936 -0.55455750973150353 0.07096304236475294 -0.25628041730150625 0.086670219550074562 -0.052358954599680457 0.31637530962291821 0.26903221842854524 -0.32613906163699186 -0.41351343514126687 0.13009299506262856 -0.13647351509693589 -0.26822941246410598 -0.44804502677836988 -0.15446509850977541 -0.61732152159498033 1.2585375445692435 -0.3295139577040605 -0.50846033867613438 -0.018256120783138898 -0.31943000765317575 0.15214004679899815 0.21608814035175886 0.3053495268595301 0.007086157663931638 -0.073563087098245147 0.10545256908966705 -0.91941792892913021 -0.1801916940792973
leaf_weight=866 11554 2212 3466 948 5098 5751 776 416 172 3811 597 14839 3782 1489 3568 960 319 23 1182 2463 7657 1254 7445 18465 874 4892 4189 2816 60 1593
leaf_count=866 11554 2212 3466 948 5098 5751 776 416 172 3811 597 14839 3782 1489 3568 960 319 23 1182 2463 7657 1254 7445 18465 874 4892 4189 2816 60 1593
internal_value=0.000479193 0.0789613 -0.242582 -0.148141 -0.161527 0.166371 -0.339198 0.0491788 -0.441446 -0.250769 -0.22585 0.0966783 -0.205255 -0.423728 -0.3951 -0.0901174 -0.34863 -0.495511 -0.439716 -0.450432 -0.0438815 -0.201005 0.213775 0.197713 0.169372 0.0500898 -0.0468917 0.132601 -0.459715 -0.241521
internal_weight=113537 85825 27712 18789 22879 62946 9546 9243 8923 13010 1789 25482 8880 5923 5057 1132 4130 7134 3668 3645 9869 3623 37464 25910 4106 10643 5137 3232 657 2847
internal_count=113537 85825 27712 18789 22879 62946 9546 9243 8923 13010 1789 25482 8880 5923 5057 1132 4130 7134 3668 3645 9869 3623 37464 25910 4106 10643 5137 3232 657 2847
is_linear=0
shrinkage=0.05


Tree=37
num_leaves=31
num_cat=0
split_feature=0 1 1 0 1 0 1 0 1 1 0 0 0 0 1 0 1 1 1 0 0 1 0 1 1 1 0 0 0 0
split_gain=781864 651841 187885 256856 102283 64572.1 64547.7 37572.2 22210.1 16741.2 15527.2 12162.1 11955.1 10702.4 10750.2 10622.3 10158 9194.46 8401.45 8207.92 7839.45 7345.52 7198.24 6808.18 6620.2 6495.42 11426 11148.5 17682.7 13546.3
threshold=4.2035116318896408 0.25523443630091941 -0.6616821142420839 3.3329922903862736 0.44135527888097464 3.5367771867072357 0.099292957765020493 4.1881520144172528 0.70837183041219554 0.94133524972883265 3.017657434145895 3.8240175911680279 4.2098241418237548 4.0016850225900411 0.97366692785173814 4.2085508141781736 -0.66926218500895385 -0.66926218500895385 0.26948431542544993 4.2078315369189232 4.2096908238533937 -0.66476311403078769 4.2107416079796964 0.82659308966095224 0.046612744195873447 -0.0022132866865079664 3.2339217085615384 3.6723921289788319 3.7107793083163441 3.5079858025000532
decision_type=2 2 2 2 2 2 2 2 2 2 2 2 2 2 2 2 2 2 2 2 2 2 2 2 2 2 2 2 2 2
left_child=2 6 3 10 19 16 22 13 15 18 21 17 -8 25 23 -6 -5 -7 -9 -3 -10 -1 24 -15 -2 26 -4 29 -29 -28
right_child=1 4 7 5 8 11 12 9 20 -11 -12 -13 -14 14 -16 -17 -18 -19 -20 -21 -22 -23 -24 -25 -26 -27 27 28 -30 -31
leaf_value=-0.37535528874246898 0.22674743507507975 -0.10787902270570399 -0.78436818941035014 0.024982539096590053 -0.22966478855107042 0.25347402645737444 0.058269510154262551 0.2593816981176657 -0.30743870326640255 -0.47035873413564827 -0.32100300401847703 0.29008205893779287 0.12866417494272936 0.36927104118542797 -0.46302959348777439 -0.11559745739891192 -0.14973976636322953 0.061417797180544131 -0.13372561792856705 -0.0065720756086253248 -0.57604807989928741 -0.54574655815711781 0.23304674249543045 -0.30192175826367462 0.16753409061725599 -0.54027581693201421 -0.28471246181307613 -1.4641966995440032 0.26937631368637088 0.4906289718769215
leaf_weight=1090 7086 2610 107 1016 5711 725 9777 163 4289 352 4550 874 15743 39 2313 3176 4590 4437 818 8546 290 1507 14458 1209 14139 3594 185 38 24 81
leaf_count=1090 7086 2610 107 1016 5711 725 9777 163 4289 352 4550 874 15743 39 2313 3176 4590 4437 818 8546 290 1507 14458 1209 14139 3594 185 38 24 81
internal_value=0.000455234 0.0750132 -0.230453 -0.140734 -0.142236 0.00411337 0.162413 -0.419373 -0.234993 -0.17455 -0.376681 0.117596 0.101695 -0.462371 -0.399216 -0.1889 -0.118074 0.088392 -0.0684081 -0.0302733 -0.32445 -0.474231 0.205837 -0.280947 0.187303 -0.518189 -0.335707 -0.189345 -0.793136 -0.0486123
internal_weight=113537 85825 27712 18789 24622 11642 61203 8923 13466 1333 7147 6036 25520 7590 3561 8887 5606 5162 981 11156 4579 2597 35683 1248 21225 4029 435 328 62 266
internal_count=113537 85825 27712 18789 24622 11642 61203 8923 13466 1333 7147 6036 25520 7590 3561 8887 5606 5162 981 11156 4579 2597 35683 1248 21225 4029 435 328 62 266
is_linear=0
shrinkage=0.05


Tree=38
num_leaves=31
num_cat=0
split_feature=0 1 1 0 1 0 1 0 0 1 1 1 0 0 1 1 0 1 1 1 1 1 1 0 0 0 1 1 0 0
split_gain=705632 589920 169566 232957 105505 54436.8 42748.6 33959.5 21405.7 18755.7 15521.5 12458.4 11669.6 10807.5 8394.67 8223.35 7781.49 22995.7 8403.7 6920.9 6543.02 6443.12 6103.52 5974.7 5836.13 5623.43 5509.92 5444.65 5363.8 5070.06
threshold=4.2035116318896408 0.34951173794613027 -0.6616821142420839 3.4798280264228474 0.1300622843575869 3.2962372605943853 0.63060179185295528 4.1763048044315134 3.645893636145678 0.33493972129302357 0.21308951405532847 0.068674339919785943 4.2080529843511281 2.8775961260131271 -0.66476311403078769 0.94133524972883265 3.7587056847616118 -0.0011725711818398666 0.9899572276429659 0.92374597262104541 -0.66476311403078769 0.50662256577213383 -0.66926218500895385 4.2100283525022411 4.2090870767876725 3.8701868380452269 -0.66476311403078769 -0.66369999296714022 4.2089088136697255 4.2102736250356285
decision_type=2 2 2 2 2 2 2 2 2 2 2 2 2 2 2 2 2 2 2 2 2 2 2 2 2 2 2 2 2 2
left_child=2 4 3 5 11 13 12 16 22 -9 -6 23 -3 26 -7 -11 -4 -18 -19 29 -15 -14 -5 -2 -12 -10 -1 -16 -13 -8
right_child=1 6 7 8 10 14 19 9 25 15 24 28 21 20 27 -17 17 18 -20 -21 -22 -23 -24 -25 -26 -27 -28 -29 -30 -31
leaf_value=-0.3905762383482892 0.18373774339965088 -0.19494731189147288 -0.50097108259869649 0.1389896596455201 0.092019535502210592 -0.026308844998598698 -0.2636308524993079 0.087760722414277043 0.14525066330136349 -0.18781801345508681 -0.037580848765385977 0.11353513194909547 -0.054839004740781683 -0.24270378492895639 -0.30214432716479189 -0.43578071911814487 1.1795359538949055 -0.29684217118857276 -0.45902807310963195 -0.48566211803592163 -0.37410385258591183 -0.15738250704342563 -0.024007104412474008 0.2335382677846326 0.037954224498751951 0.32997791472838017 -0.56996669718101201 -0.15597578615057703 0.17150731489499896 -0.53065920126894139
leaf_weight=829 11998 3813 3466 687 12985 1030 6210 422 2983 784 3902 5565 4937 1332 811 583 23 1182 2463 400 3281 2221 3502 12093 7420 478 885 2971 14098 183
leaf_count=829 11998 3813 3466 687 12985 1030 6210 422 2983 784 3902 5565 4937 1332 811 583 23 1182 2463 400 3281 2221 3502 12093 7420 478 885 2971 14098 183
internal_value=0.000432472 0.0712625 -0.218931 -0.133697 0.138233 -0.2796 -0.185327 -0.398405 0.0787484 -0.203619 0.0547107 0.184632 -0.124293 -0.375996 -0.152856 -0.293569 -0.447251 -0.39649 -0.406434 -0.283899 -0.336162 -0.0866564 0.00272452 0.208736 0.0119219 0.170763 -0.483202 -0.18732 0.1551 -0.271275
internal_weight=113537 85825 27712 18789 68061 11139 17764 8923 7650 1789 24307 43754 10971 6327 4812 1367 7134 3668 3645 6793 4613 7158 4189 24091 11322 3461 1714 3782 19663 6393
internal_count=113537 85825 27712 18789 68061 11139 17764 8923 7650 1789 24307 43754 10971 6327 4812 1367 7134 3668 3645 6793 4613 7158 4189 24091 11322 3461 1714 3782 19663 6393
is_linear=0
shrinkage=0.05


Tree=39
num_leaves=31
num_cat=0
split_feature=0 1 1 0 1 1 0 0 0 1 0 1 1 1 1 0 1 0 0 1 0 1 1 1 0 0 0 1 1 0
split_gain=636833 533093 153033 210471 68826.3 62205.5 33578.8 32219.5 30648.5 17024 14719.1 11741.8 10715.3 8217.4 8064.11 7883.49 10465.6 7294.9 7022.79 21060 9486.76 6976.65 6646.61 6455.48 6436.64 6188.2 5661.6 5593.4 5521.19 5468.69
threshold=4.2035116318896408 0.29062199670593086 -0.6616821142420839 3.425455265970681 0.11374937157749035 0.52999857268208184 3.2339217085615384 3.6304826699867676 4.1763048044315134 0.8682140037659869 4.2075194183444795 0.19560049498397875 0.76175444319795671 0.054964433161141774 0.41080745890771148 2.6743727390994265 -0.66476311403078769 4.2086262929321903 3.7587056847616118 0.82659308966095224 4.163209113926416 -0.66926218500895385 0.9899572276429659 0.99518812659106171 4.2083814024886363 4.2084723515306495 3.5221603261481738 0.26948431542544993 -0.66314670257716057 3.8701868380452269
decision_type=2 2 2 2 2 2 2 2 2 2 2 2 2 2 2 2 2 2 2 2 2 2 2 2 2 2 2 2 2 2
left_child=2 4 3 6 13 10 15 26 18 27 14 -6 17 -2 -3 -1 -17 -7 -4 20 -20 -8 -21 -11 -15 -14 -5 -10 -23 -9
right_child=1 5 8 7 11 12 21 29 9 23 -12 -13 25 24 -16 16 -18 -19 19 22 -22 28 -24 -25 -26 -27 -28 -29 -30 -31
leaf_value=-0.51666175205492804 0.20835176900646266 -0.089987469456377131 -0.47592252888456116 -0.08405350954240115 0.10209721385152506 -0.23070719390639219 -0.073879663926349967 0.13250962533895902 0.23793598325100054 -0.29398827253476828 -0.038450972338119588 0.031245944635010459 -0.2895721038403119 0.11976913173344286 -0.26380449616030693 -0.23024770043393847 -0.40220807939490194 -0.10475220269150243 1.524670729637146 -0.29104531844269071 0.020048958063125611 -0.2850451693422183 -0.4360766701973991 -0.82832328557968149 0.17807542995146322 -0.51137712237770772 0.017726886439538649 -0.086667418888515174 -0.15855803902236704 0.31347901513137577
leaf_weight=866 16023 1416 3466 2806 14789 5210 986 3296 172 976 9047 9672 2880 6536 1262 1259 2977 1475 20 1163 22 1807 2463 60 17162 353 2663 581 1651 478
leaf_count=866 16023 1416 3466 2806 14789 5210 986 3296 172 976 9047 9672 2880 6536 1262 1259 2977 1475 20 1163 22 1807 2463 60 17162 353 2663 581 1651 478
internal_value=0.000410848 0.0676994 -0.207984 -0.127013 0.140062 -0.146892 -0.291681 0.0430539 -0.378484 -0.193438 -0.0689304 0.0740823 -0.239058 0.180694 -0.171898 -0.379201 -0.351099 -0.202916 -0.424889 -0.376665 0.736536 -0.191202 -0.389559 -0.324934 0.161994 -0.31379 -0.034494 -0.0125216 -0.224655 0.15543
internal_weight=113537 85825 27712 18789 64182 21643 9546 9243 8923 1789 11725 24461 9918 39721 2678 5102 4236 6685 7134 3668 42 4444 3626 1036 23698 3233 5469 753 3458 3774
internal_count=113537 85825 27712 18789 64182 21643 9546 9243 8923 1789 11725 24461 9918 39721 2678 5102 4236 6685 7134 3668 42 4444 3626 1036 23698 3233 5469 753 3458 3774
is_linear=0
shrinkage=0.05


Tree=40
num_leaves=31
num_cat=0
split_feature=0 1 1 0 1 0 1 0 1 1 0 0 0 1 0 1 1 1 1 0 0 1 0 1 1 0 1 1 0 0
split_gain=568525 484018 138100 201368 90869.2 49039.3 30491.2 29472.9 20483.3 16737.3 12917.6 11026.6 9980.98 8950.94 8639.95 8420.71 8325.6 7799.97 7087.38 5476.31 5425.58 4971.98 5043.92 4729.94 4667.27 4658.74 4401.51 4244.48 4238.49 4089.72
threshold=4.2035116318896408 0.36656638181485618 -0.0022132866865079664 3.3150374316227009 0.16035449363368157 3.5221603261481738 0.63060179185295528 4.1481006113486876 0.35835823550598178 0.08336917217557635 3.7587056847616118 2.7880469424112762 4.2098853606104658 0.99518812659106171 4.2080529843511281 -0.66926218500895385 -0.66926218500895385 0.8682140037659869 -0.66926218500895385 3.9345095588988146 4.2100283525022411 0.49456154115686563 4.2091428143259337 -0.66314670257716057 0.037513468545582969 4.2104170799192291 -0.66476311403078769 -0.6616821142420839 4.209794181981672 3.0674868398523891
decision_type=2 2 2 2 2 2 2 2 2 2 2 2 2 2 2 2 2 2 2 2 2 2 2 2 2 2 2 2 2 2
left_child=2 4 3 11 9 16 14 19 -9 20 15 26 -6 -10 -3 -7 -5 28 -13 -4 24 -16 -23 -18 -2 -11 -1 -12 -8 -20
right_child=1 6 7 5 12 10 17 8 13 25 27 18 -14 -15 21 -17 23 -19 29 -21 -22 22 -24 -25 -26 -27 -28 -29 -30 -31
leaf_value=-0.38313070198782539 0.21639687110160619 -0.18365957656474718 -0.46977179547241327 0.020872227270774604 -0.0056724731163503711 0.21142530434089415 -0.22668657509756943 0.06998872007585015 -0.26728640454867336 0.096380808694361164 0.20238339433846503 -0.21309012144464484 0.066101932525249041 -0.71309093106694588 -0.052639022635865264 0.023955583785363509 -0.18690469240383606 -0.37920626958750364 -0.41776287108734789 -0.37200949720746412 0.20253673974737174 -0.19325977121842416 -0.041980382324177279 -0.086404356562307993 0.14576897046237453 0.14580963848804221 -0.56611739360575897 0.93511978149414066 -0.47462088424670568 -0.30899125024169433
leaf_weight=698 2935 3568 3297 1024 9406 699 5456 477 2092 9041 1673 1442 9986 119 4036 4187 2335 1116 1241 2533 15738 1647 828 2348 11521 10084 621 20 178 2846
leaf_count=698 2935 3568 3297 1024 9406 699 5456 477 2092 9041 1673 1442 9986 119 4036 4187 2335 1116 1241 2533 15738 1647 828 2348 11521 10084 621 20 178 2846
internal_value=0.000413571 0.0641247 -0.196673 -0.12212 0.122986 -0.00102137 -0.176201 -0.364143 -0.227171 0.159042 0.0920167 -0.339383 0.0312881 -0.29128 -0.121124 0.0507753 -0.108275 -0.258441 -0.308394 -0.427296 0.182223 -0.0868545 -0.14265 -0.136515 0.160109 0.122443 -0.469283 0.211039 -0.23452 -0.342019
internal_weight=113192 85540 27652 19134 68711 12286 16829 8518 2688 49319 6579 6848 19392 2211 10079 4886 5707 6750 5529 5830 30194 6511 2475 4683 14456 19125 1319 1693 5634 4087
internal_count=113192 85540 27652 19134 68711 12286 16829 8518 2688 49319 6579 6848 19392 2211 10079 4886 5707 6750 5529 5830 30194 6511 2475 4683 14456 19125 1319 1693 5634 4087
is_linear=0
shrinkage=0.05


Tree=41
num_leaves=31
num_cat=0
split_feature=0 1 1 0 1 0 1 0 1 1 0 0 0 1 1 1 0 0 1 1 0 0 1 0 1 1 1 1 1 1
split_gain=513093 438232 124635 181734 68466.8 44258 41978.3 26599.3 18698.6 14646.2 11658.2 9951.5 9052.73 7599.69 7513.85 7458.11 7422.01 6851.22 6396.36 6241.59 5900.39 5358.74 4962 4942.37 4713.69 4268.77 4195.76 3982.27 3972.36 3830.64
threshold=4.2035116318896408 0.25523443630091941 -0.0022132866865079664 3.3150374316227009 0.46250386419151496 3.5221603261481738 0.099292957765020493 4.1481006113486876 0.90581773459918347 0.70837183041219554 3.7587056847616118 2.7880469424112762 4.2098853606104658 -0.66926218500895385 -0.66926218500895385 0.27970993060822436 4.2078315369189232 4.2090870767876725 -0.66926218500895385 0.99518812659106171 4.2086262929321903 4.2107416079796964 0.90581773459918347 3.9345095588988146 0.046612744195873447 -0.66314670257716057 0.38248090967220355 0.99518812659106171 -0.66476311403078769 -0.6616821142420839
decision_type=2 2 2 2 2 2 2 2 2 2 2 2 2 2 2 2 2 2 2 2 2 2 2 2 2 2 2 2 2 2
left_child=2 6 3 11 16 14 21 23 15 20 13 28 -8 -7 -5 -9 26 22 -13 -10 -6 24 -11 -4 -2 -16 -3 -25 -1 -12
right_child=1 4 7 5 9 10 12 8 19 17 29 18 -14 -15 25 -17 -18 -19 -20 -21 -22 -23 -24 27 -26 -27 -28 -29 -30 -31
leaf_value=-0.36397416252845682 0.18509788986513592 -0.064208537656432918 -0.44628320614569184 0.019828615854682055 -0.18721902723944711 0.20085403894717807 0.04680200682704784 0.17430584043960162 -0.30047617879299016 -0.23369345357933324 0.19226422246068342 -0.2024356131789119 0.10783649356230118 0.022757803768160358 -0.17755945767405742 -0.13147088305320948 -0.010421220927734266 -0.4837860988212862 -0.32491832063667242 -0.67743638192906097 -0.094215402456993988 0.19138454443989197 -0.4050091574713881 -0.3307350642990371 0.13504167248281648 -0.082084141435157909 -0.19795308802095571 -0.5267525976967169 -0.53781152712166214 0.88836380124092118
leaf_weight=698 7079 2046 3297 1024 5509 699 10034 257 1422 3711 1673 1442 15399 4187 2335 890 9202 349 4087 119 2470 14429 477 2240 14013 2348 822 293 621 20
leaf_count=698 7079 2046 3297 1024 5509 699 10034 257 1422 3711 1673 1442 15399 4187 2335 890 9202 349 4087 119 2470 14429 477 2240 14013 2348 822 293 621 20
internal_value=0.000392892 0.0609185 -0.18684 -0.116014 -0.117276 -0.000970306 0.132794 -0.345936 -0.215813 -0.199215 0.0874159 -0.322414 0.0837568 0.0482366 -0.102861 -0.0629577 -0.0323102 -0.270943 -0.292974 -0.329586 -0.158429 0.167904 -0.253206 -0.405932 0.151842 -0.129689 -0.102541 -0.353409 -0.445819 0.200487
internal_weight=113192 85540 27652 19134 24586 12286 60954 8518 2688 12516 6579 6848 25433 4886 5707 1147 12070 4537 5529 1541 7979 35521 4188 5830 21092 4683 2868 2533 1319 1693
internal_count=113192 85540 27652 19134 24586 12286 60954 8518 2688 12516 6579 6848 25433 4886 5707 1147 12070 4537 5529 1541 7979 35521 4188 5830 21092 4683 2868 2533 1319 1693
is_linear=0
shrinkage=0.05


Tree=42
num_leaves=31
num_cat=0
split_feature=0 1 1 0 1 0 1 0 1 1 0 0 0 1 1 1 0 0 1 0 0 0 1 0 1 1 1 1 1 1
split_gain=463067 395505 112483 164015 61791.3 39942.8 37907.7 24005.9 16993.3 13218.2 10521.5 9082.64 8245.57 7494.54 6858.72 6781.25 6698.36 6183.22 5694.26 5484.66 4909.58 4686.25 4493.52 4460.49 4112.12 4018.47 3956.16 3812.44 3742.14 3594
threshold=4.2035116318896408 0.25523443630091941 -0.0022132866865079664 3.3150374316227009 0.46250386419151496 3.5221603261481738 0.097121003908435088 4.1481006113486876 0.32073511501343061 0.70837183041219554 3.7587056847616118 3.0674868398523891 4.2098853606104658 0.99518812659106171 -0.66926218500895385 -0.66926218500895385 4.2078315369189232 4.2090870767876725 -0.66476311403078769 4.2090870767876725 2.5172558643058736 4.2107416079796964 0.8682140037659869 3.9345095588988146 0.046612744195873447 0.95832438602939451 -0.66346757874425399 0.37425178688405297 0.18180554087128556 0.99518812659106171
decision_type=2 2 2 2 2 2 2 2 2 2 2 2 2 2 2 2 2 2 2 2 2 2 2 2 2 2 2 2 2 2
left_child=2 6 3 11 16 15 21 23 -9 19 14 18 -8 25 -7 -5 27 22 20 -6 -1 24 -11 -4 -2 -10 -17 -3 -14 -25
right_child=1 4 7 5 9 10 12 8 13 17 -12 -13 28 -15 -16 26 -18 -19 -20 -21 -22 -23 -24 29 -26 -27 -28 -29 -30 -31
leaf_value=-0.43405884944807344 0.17584300087516375 -0.057511570762501935 -0.42396904559507131 0.018837184827641809 -0.17032232635226602 0.19081133653527027 0.04530718977826137 0.097877022371969269 -0.18407840501169509 -0.21212959719619864 0.19046311809655778 -0.2548888919093919 0.11920232091298125 -0.64356456323832023 0.021619916288490068 -0.18943404925515345 -0.0099001594895389289 -0.45959679348191468 -0.42674476160969077 -0.063782400800281705 -0.21837068936389856 0.18208687672648471 -0.33494253925041689 -0.31419831071244392 0.12893312939335483 -0.32496382312188993 -0.091315888346815755 -0.18069835236634779 0.066039919448647011 -0.50041496558178467
leaf_weight=387 7079 1939 3297 1024 6495 699 10221 395 1372 3219 1693 3811 10894 119 4187 1522 9202 349 1821 1484 829 14267 969 2240 13738 802 3161 929 4755 293
leaf_count=387 7079 1939 3297 1024 6495 699 10221 395 1372 3219 1693 3811 10894 119 4187 1522 9202 349 1821 1484 829 14267 969 2240 13738 802 3161 929 4755 293
internal_value=0.000373248 0.0578726 -0.177498 -0.110213 -0.111412 -0.000921789 0.126154 -0.328639 -0.205022 -0.189254 0.0830451 -0.306293 0.0802356 -0.2572 0.0458247 -0.0977184 -0.0306947 -0.257396 -0.370798 -0.150507 -0.287015 0.160013 -0.240545 -0.385635 0.144885 -0.236052 -0.123205 -0.0974141 0.103049 -0.335739
internal_weight=113192 85540 27652 19134 24586 12286 60954 8518 2688 12516 6579 6848 25870 2293 4886 5707 12070 4537 3037 7979 1216 35084 4188 5830 20817 2174 4683 2868 15649 2533
internal_count=113192 85540 27652 19134 24586 12286 60954 8518 2688 12516 6579 6848 25870 2293 4886 5707 12070 4537 3037 7979 1216 35084 4188 5830 20817 2174 4683 2868 15649 2533
is_linear=0
shrinkage=0.05


Tree=43
num_leaves=31
num_cat=0
split_feature=0 1 1 0 1 0 1 0 0 1 1 0 1 0 0 0 1 1 1 0 1 1 1 0 0 1 0 0 1 0
split_gain=417918 358002 101516 148623 68029.8 24847.1 22451.2 21665.3 17450.9 15531.6 12445 8205.65 7227.56 12495.2 21546.4 6786.58 6190.24 5718.98 5572.9 5439.41 5222.91 5148.85 5051.11 4865.25 4802.47 4540.87 4495.47 4369.86 5090.59 8724.07
threshold=4.2035116318896408 0.36656638181485618 -0.0022132866865079664 3.3829345773626645 0.16035449363368157 3.5822972156049366 0.63060179185295528 4.1481006113486876 3.1798972002998278 0.90581773459918347 0.068674339919785943 4.2092001896398363 -0.6616821142420839 3.7587056847616118 3.6599288646592698 4.2067386580003294 0.27970993060822436 0.8682140037659869 0.51724704080845141 3.8240175911680279 -0.66926218500895385 -0.66926218500895385 0.99518812659106171 2.5172558643058736 4.2091428143259337 -0.66926218500895385 2.8775961260131271 3.4521320138615228 -0.6616821142420839 3.5221603261481738
decision_type=2 2 2 2 2 2 2 2 2 2 2 2 2 2 2 2 2 2 2 2 2 2 2 2 2 2 2 2 2 2
left_child=2 4 3 8 10 25 15 -4 21 16 -2 -6 19 14 -14 -3 -9 -8 -17 20 -7 23 -11 -1 -20 -5 -23 -27 -29 -30
right_child=1 6 7 5 11 12 17 9 -10 22 -12 -13 13 -15 -16 18 -18 -19 24 -21 -22 26 -24 -25 -26 27 -28 28 29 -31
leaf_value=-0.41312774687262455 0.1625571603884183 -0.20926833040953219 -0.36635320008986777 0.049033570234612724 -0.019419087987617607 0.23122211087522784 -0.20179362455341773 0.16069669424327895 -0.18784674225469175 -0.27227552034153696 0.11230795523651127 0.04941842925049314 0.42732768195016047 0.83442245960235606 -1.1541007808276587 -0.056406051988038899 -0.11787936994324576 -0.32568488605800305 -0.16576280089950535 0.22502665045184364 0.063729803214403982 -0.45822917981025135 -0.61138633699978095 -0.20122415548035968 -0.010569975579083705 -0.13501558205980516 -0.32547078509710037 -0.045982779185952949 -0.028031911490098489 1.0506650858911974
leaf_weight=361 24037 1339 5830 937 6524 538 5634 257 4201 1422 25282 12868 35 20 56 5324 890 1116 2810 859 3451 958 119 1085 606 1720 1907 2924 53 29
leaf_count=361 24037 1339 5830 937 6524 538 5634 257 4201 1422 25282 12868 35 20 56 5324 890 1116 2810 859 3451 958 119 1085 606 1720 1907 2924 53 29
internal_value=0.000354586 0.0549789 -0.168623 -0.104703 0.105601 0.0200423 -0.151707 -0.312208 -0.26037 -0.194771 0.136798 0.0262596 0.101763 -0.29716 -0.545859 -0.104446 -0.0554608 -0.222277 -0.0883873 0.110897 0.0863196 -0.331042 -0.298463 -0.254127 -0.138232 -0.0515191 -0.369863 -0.0714551 -0.0350865 0.353458
internal_weight=113192 85540 27652 19134 68711 10622 16829 8518 8512 2688 49319 19392 4959 111 91 10079 1147 6750 8740 4848 3989 4311 1541 1446 3416 5663 2865 4726 3006 82
internal_count=113192 85540 27652 19134 68711 10622 16829 8518 8512 2688 49319 19392 4959 111 91 10079 1147 6750 8740 4848 3989 4311 1541 1446 3416 5663 2865 4726 3006 82
is_linear=0
shrinkage=0.05


Tree=44
num_leaves=31
num_cat=0
split_feature=0 1 1 0 1 0 1 0 1 1 0 0 0 1 1 0 1 0 1 0 1 0 0 0 1 1 1 1 0 1
split_gain=377171 324154 91618.1 134574 50462 32432.4 31039.1 19552.9 14024.8 12743.4 8745.26 7781.51 7122.89 6653.16 5995.64 5886.99 5734.69 5517.47 5184.33 4492.68 4153.71 4125.89 4032.15 4025.59 3961.76 3607.97 3250.66 3243.58 3243.22 3207.58
threshold=4.2035116318896408 0.25523443630091941 -0.0022132866865079664 3.3150374316227009 0.42905479745205016 3.5221603261481738 0.099292957765020493 4.1481006113486876 0.33493972129302357 0.70837183041219554 3.7276973426772373 2.6743727390994265 4.2104436574005799 -0.66926218500895385 0.99518812659106171 4.2080529843511281 -0.66926218500895385 4.2090870767876725 -0.66926218500895385 4.210056713393997 0.037513468545582969 4.2091428143259337 3.0674868398523891 3.9345095588988146 0.92374597262104541 -0.66314670257716057 -0.6616821142420839 0.99518812659106171 3.4119034434975446 0.95832438602939451
decision_type=2 2 2 2 2 2 2 2 2 2 2 2 2 2 2 2 2 2 2 2 2 2 2 2 2 2 2 2 2 2
left_child=2 6 3 11 21 16 19 23 -9 15 18 -1 -8 -13 29 -6 -5 24 -7 20 -2 -3 -15 -4 -11 28 -12 -25 -18 -10
right_child=1 4 7 5 9 10 12 8 14 17 26 13 -14 22 -16 -17 25 -19 -20 -21 -22 -23 -24 27 -26 -27 -28 -29 -30 -31
leaf_value=-0.41453866537722794 0.17934295711675424 -0.058170017758720417 -0.38445293304592615 0.019491894995167059 -0.17324138190278116 0.16719365835480768 0.046606940310654668 0.073823380554796592 -0.1684822077196837 -0.20310255716810036 0.15225824502445301 -0.16817012947323226 0.099583902348842443 -0.35339088221441606 -0.58081702294469884 -0.093445229565629784 -0.22808883226939494 -0.42391809865800306 0.013067935651488102 0.16098196013896079 0.11383223423680762 0.0051646707696166904 -0.2528475259525933 -0.28017073441429863 -0.38722483185178874 -0.067364613038935553 0.79270138978958138 -0.45707655807912562 -0.10753938159994354 -0.29510185577374815
leaf_weight=895 2936 4249 3297 1024 4333 637 13300 438 1329 3872 2119 1572 12133 1535 119 4954 922 349 3803 18827 13758 6513 2846 2240 316 2348 20 293 1413 802
leaf_count=895 2936 4249 3297 1024 4333 637 13300 438 1329 3872 2119 1572 12133 1535 119 4954 922 349 3803 18827 13758 6513 2846 2240 316 2348 20 293 1413 802
internal_value=0.000336857 0.05223 -0.160192 -0.0994674 -0.101026 -0.000470006 0.114046 -0.296597 -0.185032 -0.164229 0.0751921 -0.277079 0.07188 -0.256412 -0.235423 -0.130675 -0.0876929 -0.232912 0.0351801 0.144238 0.125354 -0.0198408 -0.288076 -0.348036 -0.216995 -0.11113 0.158246 -0.300634 -0.15514 -0.216135
internal_weight=113192 85540 27652 19134 24586 12286 60954 8518 2688 13824 6579 6848 25433 5953 2250 9287 5707 4537 4440 35521 16694 10762 4381 5830 4188 4683 2139 2533 2335 2131
internal_count=113192 85540 27652 19134 24586 12286 60954 8518 2688 13824 6579 6848 25433 5953 2250 9287 5707 4537 4440 35521 16694 10762 4381 5830 4188 4683 2139 2533 2335 2131
is_linear=0
shrinkage=0.05


Tree=45
num_leaves=31
num_cat=0
split_feature=0 1 1 0 1 1 0 0 0 1 0 1 1 1 1 0 0 0 0 1 0 1 0 1 0 0 1 0 1 1
split_gain=342641 296568 89082.4 118691 40867.7 35156.5 19995.8 15840.5 11007.7 13833.6 8816.79 9461.36 7324.59 6789.01 6531.5 6405.05 5925.74 5018.75 4881.13 4877.51 4729.55 4725.12 4495.13 5866.53 4085.8 3796.82 3429.47 3342.78 3294.16 3107.16
threshold=4.2029580716161297 0.27368111193524619 -0.6616821142420839 3.4388022870276038 0.52999857268208184 0.1300622843575869 3.2339217085615384 3.6304826699867676 4.1317818897369714 0.32073511501343061 4.2072102313008761 0.41943572418293468 0.99518812659106171 0.055625457294516741 0.74424765479753441 4.2090870767876725 4.2059193562354444 4.2089699472680069 4.2078315369189232 -0.66476311403078769 4.2062499956048134 -0.663836168103625 2.6743727390994265 -0.66926218500895385 3.3329922903862736 3.8701868380452269 -0.66926218500895385 4.2068496107325712 0.037513468545582969 -0.0022132866865079664
decision_type=2 2 2 2 2 2 2 2 2 2 2 2 2 2 2 2 2 2 2 2 2 2 2 2 2 2 2 2 2 2
left_child=2 5 3 6 10 13 22 -5 29 -10 11 -3 -11 27 15 20 -7 -16 -15 24 -6 -21 -1 -24 -8 26 -9 28 -2 -4
right_child=1 4 8 7 14 16 19 25 9 12 -12 -13 -14 18 17 -17 -18 -19 -20 21 -22 -23 23 -25 -26 -27 -28 -29 -30 -31
leaf_value=-0.3848961318684796 0.17244966463794428 -0.063346324922244249 -0.19813777330129789 -0.018019869689089866 0.071721621109172712 -0.0013255692128202562 -0.14161355034769638 0.23121986681180542 0.18575016174233702 -0.21510908389129987 -0.024031214166472407 -0.25472418385395862 -0.56174882569698836 0.079580651885054129 -0.21415242236098037 -0.009859554094423564 0.064091115676656735 -0.418920438220865 0.12739005037763937 -0.29229832851697196 -0.17591883090566177 -0.14137490306867195 -0.16338805748716645 -0.29556486013028788 0.050095707746103439 0.24873015059468651 0.078521999721815755 0.17488354658065575 0.10469681165739778 -0.3371730727906006
leaf_weight=865 2877 2167 434 5075 200 4535 565 422 209 2342 10285 920 163 7380 3412 734 14629 328 19301 623 5359 3095 1150 3109 547 480 2858 9253 4766 5423
leaf_count=865 2877 2167 434 5075 200 4535 565 422 209 2342 10285 920 163 7380 3412 734 14629 328 19301 623 5359 3095 1150 3109 547 480 2858 9253 4766 5423
internal_value=-0.00056953 0.0483881 -0.154718 -0.0937825 -0.103504 0.10505 -0.212177 0.0396073 -0.288299 -0.205058 -0.0462742 -0.120382 -0.237665 0.129871 -0.17978 -0.14868 0.0486108 -0.232111 0.114166 -0.139186 -0.167009 -0.166664 -0.28098 -0.259875 -0.0473105 0.117389 0.0981679 0.154671 0.130201 -0.326871
internal_weight=113506 86146 27360 18789 23405 62741 9954 8835 8571 2714 13372 3087 2505 43577 10033 6293 19164 3740 26681 4830 5559 3718 5124 4259 1112 3760 3280 16896 7643 5857
internal_count=113506 86146 27360 18789 23405 62741 9954 8835 8571 2714 13372 3087 2505 43577 10033 6293 19164 3740 26681 4830 5559 3718 5124 4259 1112 3760 3280 16896 7643 5857
is_linear=0
shrinkage=0.05


Tree=46
num_leaves=31
num_cat=0
split_feature=0 1 1 0 1 0 1 0 1 0 1 1 0 0 1 0 1 1 0 0 0 1 0 1 1 1 0 0 1 1
split_gain=309233 267901 80396.8 107231 54171.9 19575.9 17534.3 12741.1 10050.1 9934.41 12495 6629.62 6203.14 5327.83 4723.34 4954.38 4593.62 4404.38 4322.07 3972.47 3894.87 3889.42 3961.36 3864.78 3843.15 3841.22 3627.52 3304.68 3095.94 3065.4
threshold=4.2029580716161297 0.36656638181485618 -0.6616821142420839 3.3976557356948374 0.16727937712040539 3.5981631387971817 0.63060179185295528 3.1486491245954151 0.070954679831247813 4.1317818897369714 0.26948431542544993 0.99518812659106171 4.2092001896398363 4.2068496107325712 0.52999857268208184 4.2090870767876725 -0.66476311403078769 -0.66325312116481017 4.2072102313008761 3.8240175911680279 4.209913924270233 0.92374597262104541 4.20630787515175 -0.66926218500895385 0.70837183041219554 -0.66476311403078769 4.2074246467047258 3.3329922903862736 -0.66363956179557315 0.035526590940496004
decision_type=2 2 2 2 2 2 2 2 2 2 2 2 2 2 2 2 2 2 2 2 2 2 2 2 2 2 2 2 2 2
left_child=2 4 3 7 8 25 13 -1 20 -4 -11 -12 -6 -3 -15 18 27 -18 -16 23 29 22 24 -7 -8 -5 -10 -9 -27 -2
right_child=1 6 9 5 12 19 21 16 26 10 11 -13 -14 14 15 -17 17 -19 -20 -21 -22 -23 -24 -25 -26 28 -28 -29 -30 -31
leaf_value=-0.28411702443654741 0.16348476987165889 -0.17389416795926846 -0.31052711287579604 0.048631667709839538 -0.022121284041812395 0.21138772646437831 0.17742896101659256 -0.13080634641158745 0.064225609084207699 0.18251366356910745 -0.20390365213056386 -0.53366138116896522 0.038279491486430395 -0.047426635712676239 0.073859359844336434 0.012356616695907629 -0.24869330463588524 -0.13829482497257509 -0.1751395655186534 0.19681498239215228 0.15837298943832309 -0.34232072245783923 -0.20581724230813545 0.057507202416276708 -0.13559911285046936 -0.12989354501473879 0.10645615353507985 0.049679660174447367 -0.03534016834762644 0.10436916650568384
leaf_weight=3892 2900 1587 5857 1000 6502 469 105 921 7035 203 2348 163 12277 5658 189 535 1747 1871 2237 865 13005 410 4884 3139 1482 1165 18346 350 3370 8994
leaf_count=3892 2900 1587 5857 1000 6502 469 105 921 7035 203 2348 163 12277 5658 189 535 1747 1871 2237 865 13005 410 4884 3139 1482 1165 18346 350 3370 8994
internal_value=-0.000541053 0.0459687 -0.146982 -0.0890933 0.0898281 0.0227928 -0.131294 -0.216614 0.116892 -0.273884 -0.194806 -0.22531 0.0173665 -0.0897048 -0.0742031 -0.125369 -0.162876 -0.191602 -0.155741 0.100581 0.139461 -0.192979 -0.183517 0.07751 -0.114888 -0.0400706 0.0947509 -0.0811052 -0.0596301 0.118783
internal_weight=113506 86146 27360 18789 69059 10008 17087 8781 50280 8571 2714 2511 18779 10206 8619 2961 4889 3618 2426 4473 24899 6881 6471 3608 1587 5535 25381 1271 4535 11894
internal_count=113506 86146 27360 18789 69059 10008 17087 8781 50280 8571 2714 2511 18779 10206 8619 2961 4889 3618 2426 4473 24899 6881 6471 3608 1587 5535 25381 1271 4535 11894
is_linear=0
shrinkage=0.05


Tree=47
num_leaves=31
num_cat=0
split_feature=0 1 1 0 1 1 0 0 1 1 1 0 0 1 0 1 1 0 1 1 1 0 0 0 0 1 0 0 0 0
split_gain=279083 242762 72697.2 101519 33473.8 28707.5 19823.3 10852.6 14842.5 8315.06 8278.38 8203.4 6259.94 8111.33 24593.3 5553.58 4995.82 4943.63 4370.73 4145.52 4861.38 4013.13 3950.1 3933.03 3591.89 3587.3 3766.23 3567.57 3146.84 3144.83
threshold=4.2029580716161297 0.27368111193524619 -0.0022132866865079664 3.3505180837725921 0.46250386419151496 0.1300622843575869 3.5517692714646878 4.0511569599221975 0.26948431542544993 0.70837183041219554 0.99518812659106171 3.1486491245954151 3.7587056847616118 -0.6616821142420839 3.6144161971290862 0.055625457294516741 -0.6616821142420839 4.2085508141781736 -0.66926218500895385 -0.66476311403078769 -0.66363956179557315 4.2078315369189232 4.2094031629545396 3.6723921289788319 4.2080529843511281 -0.66476311403078769 2.6743727390994265 4.2078315369189232 3.4798280264228474 2.5172558643058736
decision_type=2 2 2 2 2 2 2 2 2 2 2 2 2 2 2 2 2 2 2 2 2 2 2 2 2 2 2 2 2 2
left_child=2 5 3 11 27 15 19 -4 -9 24 -10 25 13 18 -15 -2 -14 -7 -8 -5 -21 -17 -11 -16 -6 29 -27 -3 -22 -1
right_child=1 4 7 6 9 17 12 8 10 22 -12 -13 16 14 23 21 -18 -19 -20 20 28 -23 -24 -25 -26 26 -28 -29 -30 -31
leaf_value=-0.33907369413274402 0.13979454920195994 -0.078311713296752475 -0.32277132901371097 0.031809519069523381 -0.15115396771575393 0.0027594082003629 0.18089665290756426 0.21726691540406673 -0.20656712548410941 -0.18969434521632259 -0.47024206011799663 -0.1737185834489012 0.14338192288732263 0.98986782034238185 -0.36154743830362956 0.071800162037387316 0.88530467282170844 0.059597092106660067 0.029393476261851917 -0.16972642607177565 -0.084263846296680711 0.11515069831010503 -0.37474606648979641 -1.1131016264156421 -0.084462498554232213 -0.46635876005974375 -0.28849225052197031 -0.011825001433754133 0.014572048648290748 -0.17131622937270599
leaf_weight=376 16896 2698 4065 1041 4061 5281 553 196 3541 4321 325 3770 1682 24 27 7380 23 13883 3421 1113 2322 19301 309 49 4015 345 2167 8001 1233 1087
leaf_count=376 16896 2698 4065 1041 4061 5281 553 196 3541 4321 325 3770 1682 24 27 7380 23 13883 3421 1113 2322 19301 309 49 4015 345 2167 8001 1233 1087
internal_value=-0.000514001 0.0436703 -0.139633 -0.0866531 -0.0937541 0.0949353 0.00766794 -0.265013 -0.207213 -0.148624 -0.228733 -0.226558 0.0729494 0.0392842 -0.405469 0.117364 0.15339 0.0439344 0.0504758 -0.0584139 -0.0785345 0.10316 -0.202044 -0.846102 -0.117998 -0.276671 -0.312921 -0.0285912 -0.0499841 -0.214431
internal_weight=113506 86146 27360 19233 23405 62741 11488 8127 4062 12706 3866 7745 5779 4074 100 43577 1705 19164 3974 5709 4668 26681 4630 76 8076 3975 2512 10699 3555 1463
internal_count=113506 86146 27360 19233 23405 62741 11488 8127 4062 12706 3866 7745 5779 4074 100 43577 1705 19164 3974 5709 4668 26681 4630 76 8076 3975 2512 10699 3555 1463
is_linear=0
shrinkage=0.05


Tree=48
num_leaves=31
num_cat=0
split_feature=0 1 1 0 1 0 1 0 1 1 1 0 0 0 0 1 1 1 1 0 1 0 1 0 1 0 0 1 1 1
split_gain=251872 219379 65609.2 92015.7 47506.7 21083.8 12273.8 9794.47 13395.4 8269.5 7471.23 7140.23 5688.94 5541.19 5160.16 5128.24 4734.25 4508.73 4033.26 5063.4 3804.63 3530.27 3825.47 3380.49 3168.26 3090.39 2886.1 2710.58 2638.02 2301.83
threshold=4.2029580716161297 0.38248090967220355 -0.0022132866865079664 3.3150374316227009 0.16727937712040539 3.5079858025000532 0.67611158993753573 4.0511569599221975 0.26948431542544993 0.084677851579915114 0.99518812659106171 3.7587056847616118 2.6743727390994265 4.2068496107325712 4.2092001896398363 -0.66926218500895385 -0.66926218500895385 -0.6616821142420839 0.52999857268208184 4.2091428143259337 -0.66476311403078769 4.2064204226126582 0.70837183041219554 4.2107416079796964 -0.66363956179557315 2.955481300684514 4.2101381887050549 0.94133524972883265 0.90581773459918347 0.047471915311124303
decision_type=2 2 2 2 2 2 2 2 2 2 2 2 2 2 2 2 2 2 2 2 2 2 2 2 2 2 2 2 2 2
left_child=2 4 3 12 9 20 13 -4 -9 23 27 16 -1 -3 -6 -14 -7 -13 -15 -20 -5 22 -8 29 -22 -17 -11 -10 -24 -2
right_child=1 6 7 5 14 11 21 8 10 26 -12 17 15 18 -16 25 -18 -19 19 -21 24 -23 28 -25 -26 -27 -28 -29 -30 -31
leaf_value=-0.34579780051660114 0.13002228209275976 -0.17827777096797279 -0.30663276153535279 0.011235563684843811 -0.020720850175939221 0.14359116824167648 0.21519492778491667 0.20640356347573047 -0.13072675931827768 0.057130976993006226 -0.44672995661886844 0.13621282364989551 -0.1324110666664523 -0.047795364196903466 0.03289858111092768 -0.31779805932457006 0.0087595167488053322 0.84103947722393535 -0.13812256740540296 0.020407171450097558 -0.17505667928934418 -0.21386850946135924 -0.11626294317602504 0.14235104938386597 -0.07271024872761811 -0.21618359342442839 0.096199854364332621 -0.22545033409022533 -0.27034651364473733 0.094061051205858143
leaf_weight=892 7410 1613 4065 1020 6931 760 77 196 1092 7981 325 1682 1559 5024 12725 949 4541 23 3443 590 982 3605 1518 12156 3288 3537 11594 2449 340 11139
leaf_count=892 7410 1613 4065 1020 6931 760 77 196 1092 7981 325 1682 1559 5024 12725 949 4541 23 3443 590 982 3605 1518 12156 3288 3537 11594 2449 340 11139
internal_value=-0.000488301 0.0414868 -0.132651 -0.0823204 0.0799009 -0.000175386 -0.124246 -0.251763 -0.196852 0.105667 -0.217297 0.0567171 -0.227924 -0.0928961 0.0139916 -0.210531 0.0280902 0.145721 -0.0776901 -0.114931 -0.075523 -0.184627 -0.130147 0.121857 -0.0962475 -0.23768 0.0802709 -0.196239 -0.144459 0.108427
internal_weight=113506 86146 27360 19233 69936 12296 16210 8127 4062 50280 3866 7006 6937 10670 19656 6045 5301 1705 9057 4033 5290 5540 1935 30705 4270 4486 19575 3541 1858 18549
internal_count=113506 86146 27360 19233 69936 12296 16210 8127 4062 50280 3866 7006 6937 10670 19656 6045 5301 1705 9057 4033 5290 5540 1935 30705 4270 4486 19575 3541 1858 18549
is_linear=0
shrinkage=0.05


Tree=49
num_leaves=31
num_cat=0
split_feature=0 1 1 0 1 1 0 1 0 0 1 0 0 1 0 1 0 0 1 1 1 0 1 0 1 0 0 0 0 0
split_gain=227315 198823 59418.9 79922.5 27247.5 23397.6 17987.7 7990.6 7523.81 7303.81 8816.61 5038.74 5007.15 5000.96 4310.33 3741.74 4227.84 3693.77 4489.02 2988.56 3068.58 2673.94 2666.36 2522.06 4038.12 5481.28 16364.3 9458.75 3509.87 3503.64
threshold=4.2029580716161297 0.27368111193524619 -0.6616821142420839 3.4798280264228474 0.42905479745205016 0.11521755792358598 3.2769015374171824 0.72537656303778963 3.645893636145678 4.1317818897369714 0.32073511501343061 4.2080529843511281 4.2085508141781736 0.99518812659106171 4.2090870767876725 0.047471915311124303 4.2078315369189232 2.6743727390994265 -0.66926218500895385 -0.66476311403078769 -0.66369999296714022 3.8701868380452269 0.18180554087128556 2.7880469424112762 -0.0022132866865079664 3.6144161971290862 3.5079858025000532 3.7107793083163441 3.6723921289788319 3.2962372605943853
decision_type=2 2 2 2 2 2 2 2 2 2 2 2 2 2 2 2 2 2 2 2 2 2 2 2 2 2 2 2 2 2
left_child=2 5 3 6 -3 15 17 11 -5 23 -11 -6 -7 -12 -9 -2 -17 -1 -19 -8 -21 -10 -14 -4 25 26 29 28 -27 -25
right_child=1 4 9 8 7 12 19 14 21 10 13 -13 22 -15 -16 16 -18 18 -20 20 -22 -23 -24 24 -26 27 -28 -29 -30 -31
leaf_value=-0.31652038914918623 0.13284859672912006 -0.018923129458916291 -0.66727662208754623 0.003272823355097561 -0.1411275170460464 0.0069221051180847724 -0.020728043500119104 -0.17223074075897715 0.085288159473736747 0.14468396368779635 -0.17470321035030301 -0.069596479800303035 0.077693432954025018 -0.46112971569417172 -0.36210390162728956 0.069439462936080387 0.11159509192315185 -0.12649736010165538 -0.23296523107511413 -0.19570167541287581 -0.090633356407709989 0.21247314784675836 0.037292645178575411 -0.41572519601072355 -0.27510570596695882 -0.34390800264146598 0.81806595039367691 0.3695263824462891 -1.0936691026429874 -0.031546620043312629
leaf_weight=865 11525 9369 39 4188 4802 6191 1105 3858 2972 209 2342 5052 9141 163 324 8457 20045 1347 3736 887 3209 480 7382 93 5422 27 50 25 37 164
leaf_count=865 11525 9369 39 4188 4802 6191 1105 3858 2972 209 2342 5052 9141 163 324 8457 20045 1347 3736 887 3209 480 7382 93 5422 27 50 25 37 164
internal_value=-0.000463886 0.0394124 -0.126019 -0.0762523 -0.0849551 0.0858067 -0.161618 -0.129031 0.0483207 -0.235115 -0.16731 -0.104455 0.0452736 -0.193341 -0.186941 0.108808 0.0990868 -0.221005 -0.204751 -0.0937001 -0.113386 0.102973 0.0596435 -0.266535 -0.263848 -0.109712 -0.00955307 -0.455204 -0.777364 -0.170568
internal_weight=113506 86146 27360 18789 23405 62741 11149 14036 7640 8571 2714 9854 22714 2505 4182 40027 28502 5948 5083 5201 4096 3452 16523 5857 5818 396 307 89 64 257
internal_count=113506 86146 27360 18789 23405 62741 11149 14036 7640 8571 2714 9854 22714 2505 4182 40027 28502 5948 5083 5201 4096 3452 16523 5857 5818 396 307 89 64 257
is_linear=0
shrinkage=0.05


Tree=50
num_leaves=31
num_cat=0
split_feature=0 1 1 0 1 1 0 0 0 1 1 1 1 0 1 0 1 0 1 0 0 1 0 1 0 1 0 1 0 1
split_gain=207457 181734 54159.7 79107.8 25081.2 18453 13928.2 9058.59 8054.84 10862.7 7567.49 5065.56 4512.72 4300 4144.22 3982.53 3807.83 3439.63 3348.97 3532.01 3346.42 2974.14 2907.78 2877.23 2481.92 2372.89 2241.26 2169.68 2067.52 2129.96
threshold=4.2029580716161297 0.30238758275585748 -0.0022132866865079664 3.4388022870276038 0.1300622843575869 0.42905479745205016 3.2090593733856294 3.7276973426772373 4.0016850225900411 0.32073511501343061 0.72537656303778963 0.99518812659106171 -0.6616821142420839 4.2058187572993146 0.054190096393135871 4.2078315369189232 -0.66926218500895385 4.2075194183444795 -0.66926218500895385 2.8775961260131271 4.2090870767876725 -0.66476311403078769 2.5172558643058736 -0.66335966830573134 3.5079858025000532 0.90581773459918347 3.3150374316227009 0.19560049498397875 4.2068496107325712 0.035526590940496004
decision_type=2 2 2 2 2 2 2 2 2 2 2 2 2 2 2 2 2 2 2 2 2 2 2 2 2 2 2 2 2 2
left_child=2 4 3 6 14 -3 18 21 -4 -10 15 -11 -9 -6 28 -7 26 -16 22 -20 25 24 -1 -18 -5 -12 -8 -15 29 -2
right_child=1 5 8 7 13 10 16 12 9 11 20 -13 -14 27 17 -17 23 -19 19 -21 -22 -23 -24 -25 -26 -27 -28 -29 -30 -31
leaf_value=-0.29087905399207997 0.13641457986304539 -0.02425378173574106 -0.28433609625967099 -0.031365638277858016 -0.0052222697202031878 -0.13693680272021935 -0.11052089141875084 0.11392723700691559 0.17718861462482857 -0.18332651266913555 -0.15205660866153747 -0.37178219197171036 0.83365969224409631 0.065066525185562149 0.061816496557948533 -0.072409880640952939 -0.18725801154921673 0.10052680733878071 -0.33635655726172586 -0.22496034646890581 -0.33661748370418365 -0.010359623559167468 -0.13180734833357785 -0.10314132449998133 0.12587739856352356 -0.26973867012269237 0.028848182424641031 0.028687295982176536 0.1392804619447951 0.079688904855046358
leaf_weight=381 2735 7078 3621 364 5089 4124 530 2167 199 3847 3311 393 22 8433 7957 5691 1695 20582 1039 2258 316 5743 1168 2540 808 492 633 7974 8120 4190
leaf_count=381 2735 7078 3621 364 5089 4124 530 2167 199 3847 3311 393 22 8433 7957 5691 1695 20582 1039 2258 316 5743 1168 2540 808 492 633 7974 8120 4190
internal_value=-0.000289458 0.0378517 -0.120096 -0.0747307 0.0791295 -0.0899973 -0.170042 0.0325151 -0.228994 -0.183849 -0.123393 -0.200794 0.121161 0.0349313 0.100928 -0.0995224 -0.114801 0.0897339 -0.231575 -0.260065 -0.180272 0.00445358 -0.170933 -0.136808 0.0770408 -0.167281 -0.0346648 0.0473858 0.122163 0.102092
internal_weight=113500 86092 27408 19348 65080 21012 10244 9104 8060 4439 13934 4240 2189 21496 43584 9815 5398 28539 4846 3297 4119 6915 1549 4235 1172 3803 1163 16407 15045 6925
internal_count=113500 86092 27408 19348 65080 21012 10244 9104 8060 4439 13934 4240 2189 21496 43584 9815 5398 28539 4846 3297 4119 6915 1549 4235 1172 3803 1163 16407 15045 6925
is_linear=0
shrinkage=0.05


Tree=51
num_leaves=31
num_cat=0
split_feature=0 1 1 0 1 1 0 0 0 1 1 1 0 0 1 0 1 1 1 1 0 1 0 0 0 0 0 0 1 0
split_gain=187230 164438 48879.1 71418 24862.6 16540.6 10169 9711.26 7269.49 9820.2 6834.59 4589.29 4064.59 3882.08 3871.92 13633.5 3169.57 3165.01 3119.14 3022.45 3187.63 2982.21 2834.88 2815.38 2757.78 2624.28 2509.62 2484.34 2394.91 9982.73
threshold=4.2029580716161297 0.26102882948921441 -0.0022132866865079664 3.4119034434975446 0.42905479745205016 0.10072043667280038 3.2090593733856294 3.5822972156049366 4.0016850225900411 0.26948431542544993 0.70837183041219554 0.99518812659106171 4.2061357214711323 3.8240175911680279 -0.6616821142420839 3.6599288646592698 -0.66926218500895385 -0.66476311403078769 0.99518812659106171 -0.66926218500895385 2.8775961260131271 -0.66325312116481017 4.210939725719931 3.7107793083163441 4.2092521302304364 2.5172558643058736 4.2093540619516814 4.2096908238533937 -0.6616821142420839 3.5079858025000532
decision_type=2 2 2 2 2 2 2 2 2 2 2 2 2 2 2 2 2 2 2 2 2 2 2 2 2 2 2 2 2 2
left_child=2 5 3 6 26 22 19 28 -4 -10 24 -11 -7 14 16 -16 -9 -8 27 25 -21 -19 -2 -17 -6 -1 -3 -12 -5 -30
right_child=1 4 8 7 10 12 17 13 9 11 18 -13 -14 -15 15 23 -18 21 -20 20 -22 -23 -24 -25 -26 -27 -28 -29 29 -31
leaf_value=-0.27633509704002285 0.090688491153060102 -0.041962625763928403 -0.27011929151782893 -0.033349459631552829 -0.10632996521797516 0.012973405256656462 -0.043650961328134424 0.1710873832616859 0.17606535919049648 -0.17383274198004836 -0.154403420312586 -0.35319308146369899 0.059972684987949255 0.16577896844885798 0.54285416739327574 -0.90098583433363177 0.041184596293644293 -0.19150125362287845 -0.6375423819678171 -0.31953872687024665 -0.21371232991121658 -0.098050626910626493 0.11970059208868358 -0.19986274355933781 -0.038509551523859133 -0.12521698088881744 0.0066227284464499938 -0.31079737005410374 -0.13670064389705658 0.81522901625860311
leaf_weight=381 22597 4947 3621 4743 7489 6028 1134 542 191 3855 4266 393 19421 894 35 45 3514 1547 35 1039 2258 1905 13421 21 1874 1168 5744 270 80 42
leaf_count=381 22597 4947 3621 4743 7489 6028 1134 542 191 3855 4266 393 19421 894 35 45 3514 1547 35 1039 2258 1905 13421 21 1874 1168 5744 270 80 42
internal_value=-0.000274985 0.0359591 -0.114091 -0.0709942 -0.0732156 0.0796968 -0.169491 0.022695 -0.217544 -0.174657 -0.117223 -0.190426 0.0488402 0.0712566 0.0509287 -0.254867 0.0585434 -0.116123 -0.167341 -0.219996 -0.247062 -0.13993 0.101499 -0.677901 -0.0927557 -0.162387 -0.015859 -0.163713 -0.0277231 0.191013
internal_weight=113500 86092 27408 19348 24625 61467 9432 9916 8060 4439 13934 4248 25449 5051 4157 101 4056 4586 4571 4846 3297 3452 36018 66 9363 1549 10691 4536 4865 122
internal_count=113500 86092 27408 19348 24625 61467 9432 9916 8060 4439 13934 4248 25449 5051 4157 101 4056 4586 4571 4846 3297 3452 36018 66 9363 1549 10691 4536 4865 122
is_linear=0
shrinkage=0.05


Tree=52
num_leaves=31
num_cat=0
split_feature=0 1 1 0 1 1 0 0 1 1 0 1 0 0 1 0 0 1 0 1 0 1 1 0 1 0 0 1 0 1
split_gain=168975 148405 44113.4 64755.8 22438.5 14955.1 12984.4 6590.87 8984.53 6199.29 5102.14 3819.43 3741.95 3503.58 3494.41 12304.2 3451.68 2972.98 3003.64 4805.23 6012.85 2860.53 2768.8 2687.16 2654.25 2548.14 2540.88 2285.04 2264.94 2078.36
threshold=4.2029580716161297 0.26102882948921441 -0.0022132866865079664 3.3505180837725921 0.42905479745205016 0.097121003908435088 3.5822972156049366 3.9345095588988146 0.32073511501343061 0.72537656303778963 3.1121988692531684 0.99518812659106171 4.2104170799192291 3.8240175911680279 -0.6616821142420839 3.6599288646592698 4.2078315369189232 -0.66926218500895385 3.4521320138615228 -0.6616821142420839 3.5079858025000532 -0.66926218500895385 0.99518812659106171 4.2090870767876725 -0.6616821142420839 4.2111802113758516 3.7107793083163441 0.044956339808664474 4.2093540619516814 0.94133524972883265
decision_type=2 2 2 2 2 2 2 2 2 2 2 2 2 2 2 2 2 2 2 2 2 2 2 2 2 2 2 2 2 2
left_child=2 5 3 10 28 25 17 -4 -9 16 24 29 -7 14 21 -16 -6 -5 -19 -20 -21 -8 23 -11 -1 27 -17 -2 -3 -10
right_child=1 4 7 6 9 12 13 8 11 22 -12 -13 -14 -15 15 26 -18 18 19 20 -22 -23 -24 -25 -26 -27 -28 -29 -30 -31
leaf_value=-0.2166155824545499 0.11000261369844838 -0.039864494346135086 -0.26031974399485186 0.035460066570132669 -0.12458870111706688 0.029248922745842017 0.162533015393518 0.16022922549415475 -0.10802996940464081 -0.1476904737294556 -0.14159410012299153 -0.32722193273074696 0.06695483595054251 0.15749001774418125 0.51571145193917411 -0.85593654420640741 -0.06451601659630507 -0.096526984994610154 -0.032064437221592579 -0.071591547557285848 0.77446751764842447 0.039125367472080522 -0.60566527026040218 -0.30387344784997028 -0.51920516018730567 0.11612919959796419 -0.18986960819789345 0.076672963874729105 0.0062915916810462567 -0.18939834592578761
leaf_weight=3511 7636 4947 3347 1110 4124 13774 542 199 1058 3787 4187 417 12598 894 35 45 5691 2373 2958 42 42 3514 35 297 74 11711 21 15748 5744 3039
leaf_count=3511 7636 4947 3347 1110 4124 13774 542 199 1058 3787 4187 417 12598 894 35 45 5691 2373 2958 42 42 3514 35 297 74 11711 21 15748 5744 3039
internal_value=-0.000261236 0.0341611 -0.108386 -0.0674445 -0.0695548 0.075712 0.00750668 -0.206667 -0.168564 -0.111362 -0.17908 -0.183059 0.0472612 0.0676937 0.0483822 -0.242124 -0.0897569 -0.0390841 -0.0543646 -0.0214746 0.351438 0.0556162 -0.162844 -0.159049 -0.222862 0.0970912 -0.644006 0.0875567 -0.015066 -0.168386
internal_weight=113500 86092 27408 19348 24625 61467 11576 8060 4713 13934 7772 4514 26372 5051 4157 101 9815 6525 5415 3042 84 4056 4119 4084 3585 35095 66 23384 10691 4097
internal_count=113500 86092 27408 19348 24625 61467 11576 8060 4713 13934 7772 4514 26372 5051 4157 101 9815 6525 5415 3042 84 4056 4119 4084 3585 35095 66 23384 10691 4097
is_linear=0
shrinkage=0.05


Tree=53
num_leaves=31
num_cat=0
split_feature=0 1 1 0 1 0 1 0 1 1 0 1 1 0 0 0 1 0 1 0 1 0 1 0 1 1 0 0 1 0
split_gain=152500 134240 39812.4 58442.1 22339 11718.4 11229 5948.26 8122.58 5002.22 4756.1 3893.33 3460.51 3412.44 3398.48 3161.98 3153.7 11104.6 2753.65 2743.91 2683.12 2710.78 4336.72 5426.6 2663.29 2581.63 2490.4 2293.14 2013.17 3361.9
threshold=4.2029580716161297 0.32667601956059295 -0.0022132866865079664 3.3505180837725921 0.16454200840478964 3.5822972156049366 0.61379160706171965 3.9345095588988146 0.26948431542544993 0.069757814832467555 2.6743727390994265 -0.66926218500895385 0.99518812659106171 4.2086262929321903 4.2093540619516814 3.8240175911680279 -0.6616821142420839 3.6599288646592698 0.99518812659106171 4.2068496107325712 -0.66926218500895385 3.4521320138615228 -0.6616821142420839 3.5079858025000532 0.039298419216266339 -0.66926218500895385 2.955481300684514 3.7107793083163441 0.82659308966095224 4.2062499956048134
decision_type=2 2 2 2 2 2 2 2 2 2 2 2 2 2 2 2 2 2 2 2 2 2 2 2 2 2 2 2 2 2
left_child=2 4 3 10 9 20 14 -4 -9 19 -1 -12 -10 -6 -3 16 25 -18 28 24 -5 -22 -23 -24 -2 -7 -13 -19 29 -8
right_child=1 6 7 5 13 15 18 8 12 -11 11 26 -14 -15 -16 -17 17 27 -20 -21 21 22 23 -25 -26 -27 -28 -29 -30 -31
leaf_value=-0.27513027305045079 0.11517529169021617 -0.073622067829437282 -0.24730375703320706 0.033687063386340609 -0.01934203997430314 0.1544063638397441 -0.014883062413473126 0.1592506273079137 -0.1596854936057612 0.067326121563309166 -0.090848895028140753 -0.24986082817549293 -0.31086083561917927 0.03048660139427933 -0.01770436750341163 0.1496155188360587 0.48992585045950759 -0.81313972896999775 -0.57538200855255128 0.11250412594029105 -0.091700635877548897 -0.030461215461950145 -0.068011946905222609 0.73574414423533852 0.05939761436531707 0.037169097902014378 -0.16067307161313432 -0.18037612551734561 -0.17554737272645404 -0.13086206399935099
leaf_weight=947 3226 7810 3347 1110 4774 542 722 191 4105 25413 1734 966 417 12259 4167 894 35 45 35 14819 2373 2958 42 42 6358 3514 4125 21 1866 4643
leaf_count=947 3226 7810 3347 1110 4774 542 722 191 4105 25413 1734 966 417 12259 4167 894 35 45 35 14819 2373 2958 42 42 6358 3514 4125 21 1866 4643
internal_value=-0.000248174 0.0324531 -0.102967 -0.0640722 0.065951 0.00713135 -0.0839168 -0.196333 -0.160136 0.0828522 -0.170126 -0.155557 -0.173626 0.0165207 -0.0541674 0.064309 0.0459631 -0.230018 -0.132955 0.0990208 -0.0371299 -0.0516464 -0.0204009 0.333866 0.0781725 0.0528354 -0.177596 -0.611806 -0.130813 -0.115254
internal_weight=113500 86092 27408 19348 66849 11576 19243 8060 4713 49816 7772 6825 4522 17033 11977 5051 4157 101 7266 24403 6525 5415 3042 84 9584 4056 5091 66 7231 5365
internal_count=113500 86092 27408 19348 66849 11576 19243 8060 4713 49816 7772 6825 4522 17033 11977 5051 4157 101 7266 24403 6525 5415 3042 84 9584 4056 5091 66 7231 5365
is_linear=0
shrinkage=0.05


Tree=54
num_leaves=31
num_cat=0
split_feature=0 1 1 0 1 1 0 0 1 0 1 0 1 0 0 0 0 1 1 1 1 1 1 0 1 0 0 0 0 1
split_gain=137631 121471 35976.1 49437.3 19132.8 11833.2 10218.1 6219.33 5146.48 4447.55 11788.3 11111.5 3093.31 2981.08 2631.55 2604.25 2356.58 2259.85 2145.1 2132.21 2091.42 2692.73 2090.25 2081.21 2050.6 2035.42 2012.96 1924.88 1736.22 1717.34
threshold=4.2029580716161297 0.25523443630091941 -0.6616821142420839 3.3976557356948374 0.42905479745205016 0.11521755792358598 3.6304826699867676 3.2090593733856294 0.72537656303778963 3.7587056847616118 0.26948431542544993 4.163209113926416 0.94133524972883265 4.2078315369189232 4.2108729930055508 4.2082787309598624 4.2065496251831069 0.047471915311124303 -0.66926218500895385 0.88866561193202009 -0.66476311403078769 -0.66325312116481017 -0.66476311403078769 2.5172558643058736 0.99518812659106171 4.2079410597434483 2.955481300684514 3.8701868380452269 2.7880469424112762 -0.66926218500895385
decision_type=2 2 2 2 2 2 2 2 2 2 2 2 2 2 2 2 2 2 2 2 2 2 2 2 2 2 2 2 2 2
left_child=2 5 3 7 25 14 22 18 13 28 11 -11 -12 -6 17 -7 19 -2 23 -10 -9 -22 -5 -1 -14 -3 -20 29 -4 -8
right_child=1 4 9 6 8 15 27 20 16 10 12 -13 24 -15 -16 -17 -18 -19 26 -21 21 -23 -24 -25 -26 -27 -28 -29 -30 -31
leaf_value=-0.23793105168800968 0.097149299978599238 -0.048620326806589925 -0.55795663748032009 0.03803262844661226 -0.11356191026499463 0.0087488256394900512 0.15882628895511683 -0.040019834611430855 -0.077608888619180416 1.302486530939738 -0.093991762990503061 0.091399672870654522 -0.17729841184495168 -0.057734431407411593 0.10088135640797113 0.048919768286207609 -0.18345137483145163 0.064343617783967785 -0.25543111524256307 -0.19909463300621913 -0.17181882661810324 -0.076950523548411531 -0.036992042749659067 -0.10335454073029311 -0.2942477473561998 -0.00015359511370984793 -0.1748843444578021 0.17272618967743852 -0.22248225899408414 0.052864401882208568
leaf_weight=381 7636 2945 39 1135 4124 5450 440 1058 1459 21 1066 193 3291 5691 15603 15535 2180 16797 1321 480 1418 1583 5100 1168 423 8192 1879 491 3481 2920
leaf_count=381 7636 2945 39 1135 4124 5450 440 1058 1459 21 1066 193 3291 5691 15603 15535 2180 16797 1321 480 1418 1583 5100 1168 423 8192 1879 491 3481 2920
internal_value=-0.000235765 0.0308304 -0.0978185 -0.0593644 -0.0618269 0.0688994 0.0162169 -0.145912 -0.100877 -0.183155 -0.152815 0.210245 -0.169069 -0.0811916 0.0848402 0.038487 -0.147784 0.0745963 -0.184755 -0.107683 -0.100466 -0.121777 -0.0233348 -0.136456 -0.190618 -0.0129698 -0.208135 0.0802535 -0.226199 0.0667404
internal_weight=113500 86092 27408 18894 25071 61021 10086 8808 13934 8514 4994 214 4780 9815 40036 20985 4119 24433 4749 1939 4059 3001 6235 1549 3714 11137 3200 3851 3520 3360
internal_count=113500 86092 27408 18894 25071 61021 10086 8808 13934 8514 4994 214 4780 9815 40036 20985 4119 24433 4749 1939 4059 3001 6235 1549 3714 11137 3200 3851 3520 3360
is_linear=0
shrinkage=0.05


Tree=55
num_leaves=31
num_cat=0
split_feature=0 1 1 0 1 0 1 0 0 1 0 1 0 1 0 1 0 0 1 1 0 1 1 0 0 0 1 1 1 0
split_gain=125222 112430 33138.4 43601.3 21289.9 10047.9 7642.13 5271.37 5252.12 4982.45 4240.19 10446.3 10947.3 3902.1 2741.93 2596.53 2543.46 2372.26 2298.64 2214.85 2183.29 2182.25 2042.8 5779.72 1993.47 1861.99 2571.39 1828.32 1673.65 1567.21
threshold=4.2029580716161297 0.34951173794613027 -0.6616821142420839 3.4798280264228474 0.18180554087128556 3.2962372605943853 0.74424765479753441 4.2079410597434483 3.6599288646592698 0.070954679831247813 3.7587056847616118 0.26948431542544993 4.163209113926416 0.94133524972883265 2.6743727390994265 -0.66926218500895385 4.2101933799811828 4.2068496107325712 0.039298419216266339 -0.66476311403078769 4.2089699472680069 -0.663836168103625 0.59821005442195807 4.2062499956048134 4.2105579519131142 4.2065496251831069 0.45112986590810861 0.92374597262104541 0.99518812659106171 3.8701868380452269
decision_type=2 2 2 2 2 2 2 2 2 2 2 2 2 2 2 2 2 2 2 2 2 2 2 2 2 2 2 2 2 2
left_child=2 4 3 5 9 14 7 22 -5 17 -4 12 -12 -13 -1 -16 -6 18 -2 -7 27 -21 25 -24 -11 26 -3 -8 -15 -10
right_child=1 6 10 8 16 19 20 -9 29 24 11 13 -14 28 15 -17 -18 -19 -20 21 -22 -23 23 -25 -26 -27 -28 -29 -30 -31
leaf_value=-0.24295273277583551 0.10410671638913034 -0.075396768258966906 -0.21771767970744904 -0.00093303228985524471 -0.010933342696110944 0.00053379485058661111 -0.12211439236839863 -0.040821379469538593 0.067729211015119736 0.045808430525834221 1.2815235796428863 -0.076900694626278854 0.07849004309428366 -0.17335229488744716 -0.091621401434280755 -0.16900033849145091 0.029833052009876227 0.10180408688871828 0.052770385717449721 -0.17205949404802681 -0.26841994093020671 -0.066709200199235194 0.12775006840626399 -0.15748441384437045 0.07266392577733588 -0.039275348972165898 -0.22001703334012587 -0.2451525011964476 -0.27916413663340084 0.16383271841499622
leaf_weight=884 3301 1097 3514 4470 8821 1007 3059 8498 2768 14412 21 1068 190 3327 1486 4009 6757 15236 6424 581 333 3193 192 2368 13275 1651 427 335 421 501
leaf_count=884 3301 1097 3514 4470 8821 1007 3059 8498 2768 14412 21 1068 190 3327 1486 4009 6757 15236 6424 581 333 3193 192 2368 13275 1651 427 335 421 501
internal_value=-0.000821077 0.0287962 -0.0938457 -0.0569072 0.0580964 -0.12015 -0.0825086 -0.0658186 0.0342918 0.0732895 -0.175581 -0.146126 0.198223 -0.161213 -0.161223 -0.148075 0.00674919 0.0894892 0.0701957 -0.0653486 -0.146246 -0.0829277 -0.102859 -0.136092 0.0586848 -0.0760633 -0.115917 -0.134259 -0.185238 0.0824578
internal_weight=113626 86186 27440 18899 68226 11160 17960 14233 7739 52648 8541 5027 211 4816 6379 5495 15578 24961 9725 4781 3727 3774 5735 2560 27687 3175 1524 3394 3748 3269
internal_count=113626 86186 27440 18899 68226 11160 17960 14233 7739 52648 8541 5027 211 4816 6379 5495 15578 24961 9725 4781 3727 3774 5735 2560 27687 3175 1524 3394 3748 3269
is_linear=0
shrinkage=0.05


Tree=56
num_leaves=31
num_cat=0
split_feature=0 1 1 0 1 0 1 0 1 0 0 1 0 1 0 1 0 0 1 0 0 1 0 0 1 1 1 1 1 0
split_gain=113013 101815 29907.4 39350.2 22173.5 9110.1 5473.27 4740.04 4559.1 3837.34 3826.77 9427.81 9879.91 3521.65 2508.91 2314.19 2410.17 2191.49 2107.51 2021.94 1960.71 2131.42 1889.95 1552.11 1540.61 1513.34 2093.38 1510.47 1457.24 5216.2
threshold=4.2029580716161297 0.38248090967220355 -0.6616821142420839 3.4798280264228474 0.18180554087128556 3.2769015374171824 0.74424765479753441 3.6599288646592698 0.084677851579915114 4.2079410597434483 3.7587056847616118 0.26948431542544993 4.163209113926416 0.94133524972883265 4.2077310619281354 -0.66476311403078769 2.8775961260131271 2.5172558643058736 0.99518812659106171 4.2089699472680069 4.2078315369189232 0.035526590940496004 4.2105579519131142 2.7880469424112762 -0.66476311403078769 -0.66926218500895385 -0.66274421679704876 0.99518812659106171 0.59821005442195807 4.2062499956048134
decision_type=2 2 2 2 2 2 2 2 2 2 2 2 2 2 2 2 2 2 2 2 2 2 2 2 2 2 2 2 2 2
left_child=2 4 3 5 8 15 9 24 20 28 23 12 -12 -13 -6 17 -17 -1 19 -8 21 -2 -10 -4 -5 -7 -27 -15 -3 -30
right_child=1 6 10 7 14 25 18 -9 22 -11 11 13 -14 27 -16 16 -18 -19 -20 -21 -22 -23 -24 -25 -26 26 -28 -29 29 -31
leaf_value=-0.22040520023379792 0.10306569710259646 -0.076676457901219561 -0.52896190398448228 0.062712135767033259 -0.027854733480730767 -0.011310883440701974 -0.12412358627645104 0.078334939123146152 0.037985771876252565 -0.046019047620573267 1.2174473751158943 -0.073055663095931714 0.074565541148185741 -0.16468468002444103 0.01564891882814174 -0.25042036844799853 -0.15734462551973427 -0.088666892894654917 -0.54295751713216311 -0.25638204232872103 0.091779445030199233 0.053287852645142186 0.067395311866062943 -0.2034038946071095 -0.014434504064002637 -0.10037242045928584 -0.02008026787059539 -0.26520593032094864 0.12136257028517623 -0.14961018976262838
leaf_weight=389 2864 2709 37 785 4457 1025 3379 3269 11322 7160 21 1068 190 3327 12925 906 2994 1675 32 316 19274 8632 10556 3477 3685 3067 1104 421 192 2368
leaf_count=389 2864 2709 37 785 4457 1025 3379 3269 11322 7160 21 1068 190 3327 12925 906 2994 1675 32 316 19274 8632 10556 3477 3685 3067 1104 421 192 2368
internal_value=-0.000780023 0.0273564 -0.0891534 -0.0540619 0.053459 -0.114142 -0.0857881 0.0325772 0.069625 -0.0698518 -0.166802 -0.13882 0.188312 -0.153152 0.00449394 -0.156309 -0.178967 -0.113495 -0.138933 -0.135434 0.0820318 0.065689 0.0521757 -0.206832 -0.000886381 -0.0657437 -0.0791203 -0.175976 -0.102238 -0.129287
internal_weight=113626 86186 27440 18899 70030 11160 16156 7739 52648 12429 8541 5027 211 4816 17382 5964 3900 2064 3727 3695 30770 11496 21878 3514 4470 5196 4171 3748 5269 2560
internal_count=113626 86186 27440 18899 70030 11160 16156 7739 52648 12429 8541 5027 211 4816 17382 5964 3900 2064 3727 3695 30770 11496 21878 3514 4470 5196 4171 3748 5269 2560
is_linear=0
shrinkage=0.05


Tree=57
num_leaves=31
num_cat=0
split_feature=0 1 1 0 1 0 1 1 0 0 1 0 1 0 0 0 1 1 1 1 0 1 0 0 1 0 0 1 1 1
split_gain=101994 92093.8 26991.5 35513.5 15855.4 8249.91 7901.77 4467.18 4277.88 3453.66 8508.59 8916.62 3178.29 2766.97 2460.86 2299.57 2094.91 1853.91 1918.7 1815.83 1798.4 2023.61 1656.9 1552.7 1416.71 1414.41 1400.78 1390.4 1363.2 1305.84
threshold=4.2029580716161297 0.24391940188125902 -0.6616821142420839 3.4798280264228474 0.4013054117227623 3.2962372605943853 0.089503271777466475 0.78217850835714009 3.6599288646592698 3.7587056847616118 0.26948431542544993 4.163209113926416 0.94133524972883265 4.2079410597434483 4.2104702482203038 2.6743727390994265 -0.66926218500895385 -0.66476311403078769 -0.663836168103625 0.99518812659106171 4.2078315369189232 0.039298419216266339 4.2054927870493648 4.2075194183444795 0.05597507404019271 3.8701868380452269 2.7880469424112762 -0.66476311403078769 0.99518812659106171 -0.6635774510576854
decision_type=2 2 2 2 2 2 2 2 2 2 2 2 2 2 2 2 2 2 2 2 2 2 2 2 2 2 2 2 2 2
left_child=2 6 3 5 23 15 20 13 27 26 11 -11 -12 -6 -8 -1 -17 -7 -19 22 21 -2 -9 -3 -22 -10 -4 -5 -14 -29
right_child=1 4 9 8 7 17 14 19 25 10 12 -13 28 -15 -16 16 -18 18 -20 -21 24 -23 -24 -25 -26 -27 -28 29 -30 -31
leaf_value=-0.22049980144468409 0.094345684529661897 -0.038351151023066417 -0.50251380269591872 0.059576528593912652 -0.097167936510790975 0.0014971728863004067 0.026112001121294127 -0.06392713980312692 0.060426004322831919 1.1565750099363781 -0.069402877804657537 0.070837269613617346 -0.15645044513465867 -0.049863618159234138 0.056218780802365767 -0.082903709633524683 -0.15240754198046977 -0.15843789880757064 -0.059653926375362702 -0.51580964177846911 0.10001397703453002 0.048548751357658591 -0.15711887278415221 0.0045370913996658621 0.07375256945229601 0.15172434332659712 -0.19323369995989537 -0.056810834070417184 -0.25194563471453352 0.006843007152079127
leaf_weight=884 3360 2831 37 785 5788 1007 14259 608 2768 21 1068 190 3327 6635 12953 1486 4009 581 3193 32 9530 8550 2213 8290 11137 501 3477 1190 421 2495
leaf_count=884 3360 2831 37 785 5788 1007 14259 608 2768 21 1068 190 3327 6635 12953 1486 4009 581 3193 32 9530 8550 2213 8290 11137 501 3477 1190 421 2495
internal_value=-0.000741022 0.0259886 -0.0846957 -0.0513588 -0.0517972 -0.108435 0.0603312 -0.0848606 0.0309483 -0.158462 -0.131879 0.178896 -0.145495 -0.0719032 0.0404429 -0.145653 -0.133612 -0.0587784 -0.0748615 -0.141282 0.0769441 0.0614688 -0.137034 -0.00638069 0.0858623 0.0744182 -0.19649 -0.000842061 -0.167177 -0.0137128
internal_weight=113626 86186 27440 18899 26397 11160 59789 15276 7739 8541 5027 211 4816 12423 27212 6379 5495 4781 3774 2853 32577 11910 2821 11121 20667 3269 3514 4470 3748 3685
internal_count=113626 86186 27440 18899 26397 11160 59789 15276 7739 8541 5027 211 4816 12423 27212 6379 5495 4781 3774 2853 32577 11910 2821 11121 20667 3269 3514 4470 3748 3685
is_linear=0
shrinkage=0.05


Tree=58
num_leaves=31
num_cat=0
split_feature=0 1 1 0 1 0 1 1 0 0 1 0 1 0 0 1 0 0 0 1 0 1 0 0 0 1 1 1 1 1
split_gain=92049.7 83506.3 24359.8 32051 17435.6 7458.94 5168.58 4031.63 3860.79 3116.93 7681.74 8430.26 2599.53 2497.19 2078.82 1977.8 2115.51 1858.75 1795.56 1638.79 1596.89 1752.03 1495.35 1276.5 1264.2 1259.98 1254.84 1224.73 1776.4 1178.52
threshold=4.2029580716161297 0.21308951405532847 -0.6616821142420839 3.4798280264228474 0.4013054117227623 3.2769015374171824 0.084677851579915114 0.78217850835714009 3.6599288646592698 3.7587056847616118 0.42905479745205016 4.163209113926416 0.95832438602939451 4.2079410597434483 4.2104702482203038 -0.66476311403078769 2.8775961260131271 4.2075194183444795 2.5172558643058736 0.99518812659106171 4.2078315369189232 0.035526590940496004 4.2054927870493648 3.8701868380452269 2.7880469424112762 -0.66926218500895385 -0.66476311403078769 -0.66979476814466532 -0.66274421679704876 -0.6635774510576854
decision_type=2 2 2 2 2 2 2 2 2 2 2 2 2 2 2 2 2 2 2 2 2 2 2 2 2 2 2 2 2 2
left_child=2 6 3 5 17 15 20 13 26 24 11 -11 -12 -6 -8 18 -17 -3 -1 22 21 -2 -9 25 -4 -10 -5 -7 -29 -28
right_child=1 4 9 8 7 27 14 19 23 10 12 -13 -14 -15 -16 16 -18 -19 -20 -21 -22 -23 -24 -25 -26 -27 29 28 -30 -31
leaf_value=-0.19835995149051719 0.093195124959047013 -0.034515000177331383 -0.47738810842101637 0.056597702316643232 -0.092309539291402926 -0.0066781382358437353 0.029595708121538153 -0.060730783824386125 0.1445119076877977 1.0987462844167437 -0.080859101537721856 0.054384149195364689 -0.1629488386205302 -0.047370437772791221 0.057922649262355241 -0.229057671350096 -0.1418570185384079 0.006893588541030362 -0.079114173790012537 -0.49001915752887726 0.082853598193463274 0.048064446672859716 -0.14926292825401019 0.14413812625669911 -0.18357201508828405 0.044340432905284971 -0.053970291451864078 -0.089416348719228794 -0.015795299295696435 0.0065008576189782303
leaf_weight=389 2864 3642 37 785 5788 914 12965 608 361 21 1343 242 3421 6635 12942 906 2994 10591 1675 32 19274 8632 2213 501 3477 2407 1190 3178 1104 2495
leaf_count=389 2864 3642 37 785 5788 914 12965 608 361 21 1343 242 3421 6635 12942 906 2994 10591 1675 32 19274 8632 2213 501 3477 2407 1190 3178 1104 2495
internal_value=-0.000703971 0.0246891 -0.0804609 -0.0487908 -0.0435192 -0.103014 0.060202 -0.0806176 0.0294009 -0.150539 -0.125285 0.137774 -0.139807 -0.068308 0.0437466 -0.141168 -0.162114 -0.00370222 -0.101588 -0.134218 0.0740567 0.0593079 -0.130182 0.0706973 -0.186666 0.0574047 -0.000799958 -0.05922 -0.0704351 -0.0130271
internal_weight=113626 86186 27440 18899 29509 11160 56677 15276 7739 8541 5027 263 4764 12423 25907 5964 3900 14233 2064 2853 30770 11496 2821 3269 3514 2768 4470 5196 4282 3685
internal_count=113626 86186 27440 18899 29509 11160 56677 15276 7739 8541 5027 263 4764 12423 25907 5964 3900 14233 2064 2853 30770 11496 2821 3269 3514 2768 4470 5196 4282 3685
is_linear=0
shrinkage=0.05


Tree=59
num_leaves=31
num_cat=0
split_feature=0 1 1 0 1 0 1 1 0 0 1 0 0 0 0 1 0 1 1 1 0 0 1 1 0 1 0 0 1 1
split_gain=83074.9 75364.5 21984.7 28926 15735.7 6772.92 4664.64 3638.54 3520.85 2813.03 7034 5605.8 2253.71 1929.17 1877.35 1688.15 1677.52 1566.74 1716.93 1526.34 1505.87 1496.72 1479.01 1422.47 1351.32 1205.33 1156.41 1220.22 9777.33 5543.61
threshold=4.2029580716161297 0.21308951405532847 -0.6616821142420839 3.4798280264228474 0.4013054117227623 3.2962372605943853 0.084677851579915114 0.78217850835714009 3.5981631387971817 3.7587056847616118 0.90581773459918347 4.1481006113486876 4.2079410597434483 2.6743727390994265 4.2106800729713258 -0.66926218500895385 4.2075194183444795 -0.66476311403078769 -0.66314670257716057 -0.66926218500895385 3.8701868380452269 4.2112886141682795 0.99518812659106171 0.99518812659106171 4.2055386281573091 0.048138544056856865 3.017657434145895 3.6723921289788319 -0.0022132866865079664 -0.0022132866865079664
decision_type=2 2 2 2 2 2 2 2 2 2 2 2 2 2 2 2 2 2 2 2 2 2 2 2 2 2 2 2 2 2
left_child=2 6 3 5 16 13 21 12 -5 26 11 -11 -6 -1 -8 -15 -3 -7 -19 -10 -21 25 24 -12 -9 -2 -4 29 -29 -28
right_child=1 4 9 8 7 17 14 22 19 10 23 -13 -14 15 -16 -17 -18 18 -20 20 -22 -23 -24 -25 -26 -27 27 28 -30 -31
leaf_value=-0.20013911291104597 0.076698303797277267 -0.032789250733872968 -0.36525559693574911 -0.012074849995143137 -0.087694063206791115 0.002540878702950217 0.029425461652049213 -0.059137264744984736 0.1312819289240526 0.77330307960510258 -0.13439627184266717 -0.0032474064557465447 -0.045001916764182102 -0.075036122312082815 0.056489662092631447 -0.13742857361769314 0.0065489096178375202 -0.10134391913581453 -0.033894979114840622 0.034277450614919797 0.13352391237006597 0.086720928787084997 -0.46551820039749148 -0.23120091034369344 -0.14222936647906323 0.052586895674715063 0.046357839868193675 -0.88178760088407082 -0.18296021465769785 -0.18318477720022203
leaf_weight=884 9073 3642 80 3215 5788 1007 14292 630 591 24 3848 734 6635 1486 11615 4009 10591 1889 1885 3504 429 9607 32 421 2191 12090 310 52 1336 1736
leaf_count=884 9073 3642 80 3215 5788 1007 14292 630 591 24 3848 734 6635 1486 11615 4009 10591 1889 1885 3504 429 9607 32 421 2191 12090 310 52 1336 1736
internal_value=-0.000668772 0.0234547 -0.0764379 -0.0463513 -0.0413432 -0.0978629 0.0571919 -0.0765867 0.0279309 -0.143012 -0.119021 0.0213399 -0.0648926 -0.131585 0.0415593 -0.120556 -0.0035171 -0.0528701 -0.0676552 0.0563611 0.045103 0.0703538 -0.127507 -0.143943 -0.123673 0.0629239 -0.177332 -0.172954 -0.209141 -0.148406
internal_weight=113626 86186 27440 18899 29509 11160 56677 15276 7739 8541 5027 758 12423 6379 25907 5495 14233 4781 3774 4524 3933 30770 2853 4269 2821 21163 3514 3434 1388 2046
internal_count=113626 86186 27440 18899 29509 11160 56677 15276 7739 8541 5027 758 12423 6379 25907 5495 14233 4781 3774 4524 3933 30770 2853 4269 2821 21163 3514 3434 1388 2046
is_linear=0
shrinkage=0.05


Tree=60
num_leaves=31
num_cat=0
split_feature=0 1 1 0 1 1 0 0 0 1 1 0 1 1 1 1 0 0 0 1 1 0 0 0 1 0 0 1 0 1
split_gain=73701.8 67109.4 19793.6 27934.4 12119.9 5990.42 5127.88 3365.47 3204.32 4313.9 2686.43 4478.08 2407.66 2079.4 1841.81 1813.97 1780.69 1716.74 1509.47 1450.81 1422.56 17662.2 3740.81 1410.66 1342.83 3225.85 2603.65 3439.71 1337.37 2861.42
threshold=4.2029580716161297 0.24391940188125902 -0.0022132866865079664 3.3829345773626645 0.42905479745205016 0.11521755792358598 3.5517692714646878 3.1798972002998278 4.0016850225900411 0.48363323162759736 -0.6616821142420839 3.5079858025000532 0.92374597262104541 -0.66926218500895385 0.99518812659106171 -0.6616821142420839 3.8240175911680279 4.2112150699723587 4.2077310619281354 0.048138544056856865 -0.6616821142420839 3.6144161971290862 3.6723921289788319 4.2083814024886363 0.61379160706171965 4.2065496251831069 4.20630787515175 0.70837183041219554 4.2080529843511281 0.76175444319795671
decision_type=2 2 2 2 2 2 2 2 2 2 2 2 2 2 2 2 2 2 2 2 2 2 2 2 2 2 2 2 2 2
left_child=2 5 3 7 18 17 10 15 -4 -10 -5 -12 24 -8 -11 -1 20 19 -3 -2 -15 -22 -23 -7 25 -6 27 -26 -28 -30
right_child=1 4 8 6 12 23 13 -9 9 14 11 -13 -14 16 -16 -17 -18 -19 -20 -21 21 22 -24 -25 26 -27 28 -29 29 -31
leaf_value=-0.13719511623207803 0.072051966384875474 -0.038118226806099324 -0.17275927262782265 -0.033944215767116113 -0.160606812764682 0.0070082088024222338 0.1179131641557981 -0.079311998181617674 0.085574117577756847 -0.11115119822483371 0.064709609263652088 0.84556179696863354 -0.19706813983060423 0.022088211813948166 -0.22592692710017764 -0.36650517688725487 0.10013925574362736 0.077527700685577294 0.0019546354587044556 0.047349730348926533 0.96688338562294285 -0.03532518386840821 -0.7191393121083578 0.037222921405072606 0.24316925752275395 -0.04490486354403958 -0.12140289706166979 -0.051672301911006906 -0.02844158910998041 -0.18730095370437311
leaf_weight=4319 8890 3148 3595 4784 670 5260 775 4223 267 3794 111 22 400 4113 385 88 764 13260 9270 17937 27 30 60 14545 106 5973 3704 1481 1191 372
leaf_count=4319 8890 3148 3595 4784 670 5260 775 4223 267 3794 111 22 400 4113 385 88 764 13260 9270 17937 27 30 60 14545 106 5973 3704 1481 1191 372
internal_value=-0.000237524 0.0224534 -0.0717408 -0.0443001 -0.0441005 0.0516954 0.00973532 -0.111209 -0.137658 -0.109276 -0.027782 0.193873 -0.0761767 0.0417118 -0.121725 -0.141774 0.0298865 0.0628102 -0.00820395 0.0555356 0.0171978 -0.15472 -0.491201 0.0291982 -0.0725939 -0.0565743 -0.0881204 -0.031979 -0.105036 -0.0662507
internal_weight=113564 86207 27357 19316 26315 59892 10686 8630 8041 4446 4917 133 13897 5769 4179 4407 4994 40087 12418 26827 4230 117 90 19805 13497 6643 6854 1587 5267 1563
internal_count=113564 86207 27357 19316 26315 59892 10686 8630 8041 4446 4917 133 13897 5769 4179 4407 4994 40087 12418 26827 4230 117 90 19805 13497 6643 6854 1587 5267 1563
is_linear=0
shrinkage=0.05


Tree=61
num_leaves=31
num_cat=0
split_feature=0 1 1 0 1 0 1 0 1 1 0 1 1 0 1 1 1 0 1 0 0 1 1 0 0 1 0 1 1 0
split_gain=66515.9 60716.4 17863.7 25294 13209.9 5961.63 3757.5 2891.9 3996.16 2172.91 2113.38 1820.55 1737.51 1691.59 1622.04 2457.02 1493.14 1479.74 1426.8 1499.31 1363.41 1607.93 1211.9 2911.33 2349.8 3104.34 1206.98 2589.62 1197.44 1143.74
threshold=4.2029580716161297 0.21308951405532847 -0.0022132866865079664 3.4798280264228474 0.42905479745205016 3.2090593733856294 0.10072043667280038 4.0016850225900411 0.88866561193202009 0.92374597262104541 3.8240175911680279 -0.6616821142420839 -0.66926218500895385 4.2077310619281354 -0.66274421679704876 -0.66476311403078769 0.99518812659106171 4.2107734898061189 -0.66476311403078769 2.6743727390994265 4.2078315369189232 0.035526590940496004 0.61379160706171965 4.2065496251831069 4.20630787515175 0.70837183041219554 4.2080529843511281 0.74424765479753441 0.05597507404019271 2.5172558643058736
decision_type=2 2 2 2 2 2 2 2 2 2 2 2 2 2 2 2 2 2 2 2 2 2 2 2 2 2 2 2 2 2
left_child=2 6 3 5 13 11 20 -4 -9 22 12 18 -5 -3 15 -7 -10 -8 29 -20 21 -2 23 -6 25 -24 -26 -28 -22 -1
right_child=1 4 7 10 9 14 17 8 16 -11 -12 -13 -14 -15 -16 -17 -18 -19 19 -21 28 -23 24 -25 26 -27 27 -29 -30 -31
leaf_value=-0.16582417224129342 0.081624646768282322 -0.033417413707681025 -0.16412130920351153 0.077949355854412983 -0.15257647387096104 -0.017517596784971043 0.023119508116667339 0.026014706238313631 -0.11094462403748817 -0.18721473355183846 0.1001881768861701 -0.34722878505320603 0.0075541541354225139 0.0044044373192193139 -0.012109202162732613 -0.093493296672407591 -0.21463058108439692 0.050166088400692102 -0.25047729376703504 -0.13595147508640584 0.082181860102397142 0.039052066085597387 0.23101079576420336 -0.042659619892479614 -0.11533275210713406 -0.049088686999651382 -0.022079066651493114 -0.16431249663335395 0.059039283408685729 -0.069081124095887056
leaf_weight=396 2837 3972 3595 1029 670 1491 11945 523 3538 400 881 96 5917 11561 1460 3717 385 8770 320 2672 9517 10164 106 5973 3704 1481 1114 449 13544 1337
leaf_count=396 2837 3972 3595 1029 670 1491 11945 523 3538 400 881 96 5917 11561 1460 3717 385 8770 320 2672 9517 10164 106 5973 3704 1481 1114 449 13544 1337
internal_value=-0.000225648 0.0213307 -0.0681537 -0.0420851 -0.0369524 -0.0893106 0.0515414 -0.130775 -0.103812 -0.0723679 0.0272357 -0.131669 0.0179827 -0.00526713 -0.0586852 -0.0717422 -0.12112 0.0345701 -0.12729 -0.1482 0.0612902 0.048342 -0.0689642 -0.0537456 -0.0837143 -0.0303801 -0.0997845 -0.0629382 0.0685899 -0.0911874
internal_weight=113564 86207 27357 19316 29430 11489 56777 8041 4446 13897 7827 4821 6946 15533 6668 5208 3923 20715 4725 2992 36062 13001 13497 6643 6854 1587 5267 1563 23061 1733
internal_count=113564 86207 27357 19316 29430 11489 56777 8041 4446 13897 7827 4821 6946 15533 6668 5208 3923 20715 4725 2992 36062 13001 13497 6643 6854 1587 5267 1563 23061 1733
is_linear=0
shrinkage=0.05


Tree=62
num_leaves=31
num_cat=0
split_feature=0 1 1 0 1 0 0 0 1 1 1 0 1 0 1 1 0 1 0 1 0 1 0 1 1 0 0 1 1 1
split_gain=60030.6 54824.7 16122 23012.1 12755.3 4239.92 2732.82 2621.33 3727.93 2533.68 2399.62 4033.17 2259.59 2256.87 1745.34 1713.76 1686.74 3100.21 1674.75 1506.1 1423.69 1398.41 1342.49 1335.66 1283.86 15940.2 3376.08 1221.12 1928.91 1112.96
threshold=4.2029580716161297 0.38248090967220355 -0.0022132866865079664 3.3829345773626645 0.18180554087128556 3.5517692714646878 3.1486491245954151 3.9345095588988146 0.26948431542544993 0.61379160706171965 -0.6616821142420839 3.5079858025000532 0.068674339919785943 4.2065496251831069 -0.66926218500895385 0.95832438602939451 4.20630787515175 0.70837183041219554 4.2099997046384123 -0.6616821142420839 3.8240175911680279 0.45112986590810861 4.2068496107325712 0.035526590940496004 -0.6616821142420839 3.6144161971290862 3.6723921289788319 -0.66476311403078769 -0.6635774510576854 -0.66926218500895385
decision_type=2 2 2 2 2 2 2 2 2 2 2 2 2 2 2 2 2 2 2 2 2 2 2 2 2 2 2 2 2 2
left_child=2 4 3 6 12 10 19 -4 -9 13 -5 -12 22 21 -7 -10 17 -11 -6 29 24 -3 23 -2 -16 -26 -27 -8 -29 -1
right_child=1 9 7 5 18 14 27 8 15 16 11 -13 -14 -15 20 -17 -18 -19 -20 -21 -22 -23 -24 -25 25 26 -28 28 -30 -31
leaf_value=-0.090432615479559261 0.077328380692116894 -0.063640745203353249 -0.15829682274266299 -0.030875357629555886 -0.012254282650662231 0.10795217142347246 -0.032043058576353881 0.11490268456349102 -0.063824667348944653 0.21946025274272235 0.061858166015899933 0.80290602770718655 0.042097125536575172 -0.035441107104175404 0.02060609328524415 -0.13019457109780297 -0.098745271037332716 -0.059328983126504801 0.018825609752396159 -0.34440904032025071 0.09012287962384502 -0.17733020878961381 0.07233893020398717 0.036036607396577096 0.91816150700604471 -0.03393663406372071 -0.68356005668640141 -0.1480678777954641 -0.065585195635113627 -0.14623973595304615
leaf_weight=1379 2773 639 3318 4784 9292 775 1237 193 1414 106 111 22 28622 7698 4113 3116 5465 1683 8124 81 764 469 14669 6667 27 30 60 1008 2388 2537
leaf_count=1379 2773 639 3318 4784 9292 775 1237 193 1414 106 111 22 28622 7698 4113 3116 5465 1683 8124 81 764 469 14669 6667 27 30 60 1008 2388 2537
internal_value=-0.000214365 0.0202642 -0.064746 -0.0399809 0.0393431 0.00906334 -0.100709 -0.124237 -0.100309 -0.0630692 -0.0250514 0.184438 0.0515964 -0.0450443 0.0381398 -0.109478 -0.0849505 -0.0428104 0.00224348 -0.131002 0.0273058 -0.111764 0.0628739 0.0481661 0.0159602 -0.147362 -0.467019 -0.0745752 -0.0900677 -0.126588
internal_weight=113564 86207 27357 19316 70147 10686 8630 8041 4723 16060 4917 133 52731 8806 5769 4530 7254 1789 17416 3997 4994 1108 24109 9440 4230 117 90 4633 3396 3916
internal_count=113564 86207 27357 19316 70147 10686 8630 8041 4723 16060 4917 133 52731 8806 5769 4530 7254 1789 17416 3997 4994 1108 24109 9440 4230 117 90 4633 3396 3916
is_linear=0
shrinkage=0.05


Tree=63
num_leaves=31
num_cat=0
split_feature=0 1 1 0 1 0 1 0 1 1 1 0 1 1 0 0 1 1 0 1 1 0 0 0 0 1 1 1 0 1
split_gain=54177.6 49560 14550.1 20804 8897.25 5417.05 4551.82 2365.75 3382 1938.9 1775.1 1708.53 1623.2 1611.27 1525.47 1434.01 1196.1 1860.17 1183.46 1150.37 1148.27 1177.86 1000.26 977.431 1385.3 2150.81 1123.99 919.71 914.07 996.824
threshold=4.2029580716161297 0.24391940188125902 -0.0022132866865079664 3.3150374316227009 0.42905479745205016 3.5079858025000532 0.1300622843575869 3.9345095588988146 0.88866561193202009 0.92374597262104541 -0.6616821142420839 4.2117077052705172 -0.66476311403078769 0.048138544056856865 3.7899177110824094 2.6743727390994265 -0.66926218500895385 -0.66292656314367393 4.2100283525022411 -0.66926218500895385 0.99518812659106171 4.1108919008022484 3.4119034434975446 4.2109052100318509 4.2083814024886363 0.76175444319795671 0.67611158993753573 -0.66476311403078769 2.955481300684514 -0.66352079279499898
decision_type=2 2 2 2 2 2 2 2 2 2 2 2 2 2 2 2 2 2 2 2 2 2 2 2 2 2 2 2 2 2
left_child=2 6 3 10 18 16 11 -4 -9 23 15 13 -7 -2 -14 27 -5 22 -3 -17 -10 -22 -18 24 -6 26 -26 -1 -21 -30
right_child=1 4 7 5 9 12 -8 8 20 -11 -12 -13 14 -15 -16 19 17 -19 -20 28 21 -23 -24 -25 25 -27 -28 -29 29 -31
leaf_value=-0.12462073461377642 0.063663999628045351 -0.019163898453812719 -0.1503819815778567 0.013554593928490934 -0.071225907367495941 0.083736544725836401 0.021731702982759955 0.024607467127475982 -0.10164821630655463 -0.17391199514921754 -0.2873272006907292 0.069613937064209305 0.0069339215219934754 0.039545680052764043 0.072629595980807829 -0.058643193989963961 -0.10860022748124989 -0.0065308118033401315 0.012705609018999012 -0.15224070822682989 -0.10662131727350732 -0.27656337353587152 -0.047248821613080028 -0.15237928978325865 -0.038017315773382604 -0.23273173756949192 0.055251523392178953 -0.23064144100993872 -0.1307905518602486 -0.075035625601567971
leaf_weight=567 10003 7751 3318 961 9023 1166 16188 523 3792 400 134 11197 4761 22504 1085 1611 1165 1670 4667 924 208 200 1546 294 3691 135 354 320 1291 2115
leaf_count=567 10003 7751 3318 961 9023 1166 16188 523 3792 400 134 11197 4761 22504 1085 1611 1165 1670 4667 924 208 200 1546 294 3691 135 354 320 1291 2115
internal_value=-0.000203647 0.019251 -0.0615087 -0.0379818 -0.0379426 0.000971822 0.0443803 -0.118025 -0.0952933 -0.0654254 -0.107105 0.0527694 0.0298706 0.0469673 0.0191268 -0.103568 -0.0369611 -0.0480421 -0.00718653 -0.0947139 -0.110224 -0.189926 -0.0736134 -0.0622103 -0.0602025 -0.0364071 -0.0298549 -0.162869 -0.108134 -0.0961688
internal_weight=113564 86207 27357 19316 26315 12354 59892 8041 4723 13897 6962 43704 7012 32507 5846 6828 5342 4381 12418 5941 4200 408 2711 13497 13203 4180 4045 887 4330 3406
internal_count=113564 86207 27357 19316 26315 12354 59892 8041 4723 13897 6962 43704 7012 32507 5846 6828 5342 4381 12418 5941 4200 408 2711 13497 13203 4180 4045 887 4330 3406
is_linear=0
shrinkage=0.05


Tree=64
num_leaves=31
num_cat=0
split_feature=0 1 1 0 1 0 1 0 1 1 1 1 1 1 1 0 0 1 0 0 1 0 0 0 1 0 1 1 0 1
split_gain=48895.3 44882.4 13131.5 18775.6 9689.98 4925.44 2859.16 2135.09 3170.04 1749.86 1643.59 2133.84 1602.03 1453.75 1447.67 1400.07 1311.78 1297.18 1294.19 1180.56 1153.41 14386.8 3047.46 1103.96 1038.21 973.754 3940.45 942.225 926.86 912.244
threshold=4.2029580716161297 0.21308951405532847 -0.0022132866865079664 3.3150374316227009 0.42905479745205016 3.5517692714646878 0.084677851579915114 3.9345095588988146 0.26948431542544993 0.92374597262104541 -0.66258612056614341 -0.66476311403078769 -0.6616821142420839 -0.66926218500895385 0.95832438602939451 4.2077310619281354 4.2087076272842721 -0.66363956179557315 2.6743727390994265 3.8240175911680279 -0.6616821142420839 3.6144161971290862 3.6723921289788319 4.2051216697778928 -0.66926218500895385 3.5079858025000532 -0.6616821142420839 0.048138544056856865 4.2127827764752741 0.61379160706171965
decision_type=2 2 2 2 2 2 2 2 2 2 2 2 2 2 2 2 2 2 2 2 2 2 2 2 2 2 2 2 2 2
left_child=2 6 3 12 15 10 23 -4 -9 29 11 -5 18 -7 -10 -3 -8 -13 -1 20 -15 -22 -23 -2 -20 -12 -27 -25 -29 -6
right_child=1 4 7 5 9 13 16 8 14 -11 25 17 -14 19 -16 -17 -18 -19 24 -21 21 22 -24 27 -26 26 -28 28 -30 -31
leaf_value=-0.15472599504339135 0.033051836965444149 -0.030294613196879268 -0.14286288278802753 0.015832337844093908 -0.04589606087273318 0.098367735239406756 0.013673135401033772 0.10792717612855177 -0.05702430407279218 -0.16521639614528977 0.0077310688243585231 -0.1003626227820569 -0.27296084469712495 0.018837655518988455 -0.11802448956668705 0.0041142758389208058 0.03891742293076543 -0.03931103432665467 -0.05571103423948312 0.081967812032604614 0.87190674764138676 -0.0325865109761556 -0.64978350162506104 0.071859230807605659 -0.10272755123673392 0.038436169096434769 0.76241399158130996 0.046348765783210497 0.077215268823180278 -0.071897048639578215
leaf_weight=887 4982 3972 3318 1296 6643 775 7058 193 1414 400 1004 1245 134 4113 3116 11561 18997 2889 1611 764 27 30 60 8958 4330 129 22 13831 2951 6854
leaf_count=887 4982 3972 3318 1296 6643 775 7058 193 1414 400 1004 1245 134 4113 3116 11561 18997 2889 1611 764 27 30 60 8958 4330 129 22 13831 2951 6854
internal_value=-0.000193465 0.0182884 -0.0584333 -0.0360827 -0.031822 0.000923231 0.0442628 -0.112124 -0.0905286 -0.0621542 -0.028627 -0.0401478 -0.101749 0.0346532 -0.0989838 -0.00468455 0.032079 -0.0576974 -0.0983894 0.0247656 0.0144341 -0.140369 -0.444051 0.0545958 -0.0899782 0.0255354 0.143916 0.0587656 0.0517764 -0.0590998
internal_weight=113564 86207 27357 19316 29430 12354 56777 8041 4723 13897 6585 5430 6962 5769 4530 15533 26055 4134 6828 4994 4230 117 90 30722 5941 1155 151 25740 16782 13497
internal_count=113564 86207 27357 19316 29430 12354 56777 8041 4723 13897 6585 5430 6962 5769 4530 15533 26055 4134 6828 4994 4230 117 90 30722 5941 1155 151 25740 16782 13497
is_linear=0
shrinkage=0.05


Tree=65
num_leaves=31
num_cat=0
split_feature=0 1 0 1 1 1 0 1 1 1 0 1 1 1 0 1 0 1 0 0 1 1 1 1 1 1 0 1 0 0
split_gain=44963 19485.2 28894.9 10098.7 8965.82 8073.33 12515.5 4037.09 2461.42 2282.71 2093.54 4508.7 1861.7 1839.53 1820.27 1878.54 1351.06 1158.76 985.331 962.616 1012.4 869.495 858.777 1443.74 854.974 851.577 829.176 841.494 724.448 709.195
threshold=4.2091428143259337 0.52999857268208184 3.7276973426772373 0.19560049498397875 0.16454200840478964 -0.0022132866865079664 3.3150374316227009 0.66046176821179381 0.9899572276429659 0.037513468545582969 4.2072102313008761 0.45112986590810861 -0.66926218500895385 0.056320701452772667 3.4521320138615228 -0.66266939082252119 2.6743727390994265 -0.66476311403078769 4.1959841330863972 4.2083814024886363 0.29651250649177335 -0.66476311403078769 0.34951173794613027 0.52999857268208184 0.035526590940496004 -0.663836168103625 2.955481300684514 -0.66352079279499898 4.2070967715774277 3.5668801272128876
decision_type=2 2 2 2 2 2 2 2 2 2 2 2 2 2 2 2 2 2 2 2 2 2 2 2 2 2 2 2 2 2
left_child=1 2 5 13 9 6 16 22 -3 -4 11 -6 29 24 15 25 17 -1 -10 -12 -21 -18 -5 -24 -2 -14 -23 -28 -13 -8
right_child=3 8 4 7 10 -7 12 -9 18 -11 19 28 14 -15 -16 -17 21 -19 -20 20 -22 26 23 -25 -26 -27 27 -29 -30 -31
leaf_value=-0.10956649331511992 0.014377815997962472 -0.069546463680753678 0.06588429123370286 0.012645474490159162 -0.023827384663719878 -0.13473434843270984 0.018816051064799902 -0.1587189567813285 -0.1195670848146724 0.027505776123991257 0.043583510584240384 -0.18748418407181322 -0.13490869683720996 0.04313813093738629 -0.0032228758703955122 0.011234518822044308 -0.059793269214989508 -0.22652022740100525 -0.38662356512887142 0.038442271176756665 -0.027322114877854405 -0.14412336073512863 -0.027417078200454456 0.057508647606318068 0.072475252371937318 -0.059465096750184535 -0.1243853135866772 -0.071826873314253387 0.0064286974241148757 0.094687661542046095
leaf_weight=534 680 11136 5280 8887 5914 3020 1238 393 2625 14555 1333 528 479 25926 5523 860 1723 351 35 829 1990 913 3462 585 9212 1707 1176 2161 53 410
leaf_count=534 680 11136 5280 8887 5914 3020 1238 393 2625 14555 1333 528 479 25926 5523 860 1723 351 35 829 1990 913 3462 585 9212 1707 1176 2161 53 410
internal_value=0.000297373 -0.0271976 -0.0128304 0.0363119 0.0178546 -0.0593764 -0.0460481 -0.000845771 -0.0798684 0.037722 -0.0191577 -0.0368847 -0.0109768 0.0501373 -0.0203368 -0.0513679 -0.098297 -0.155952 -0.123081 0.00857285 -0.00798239 -0.0897545 0.00395121 -0.0151409 0.0684815 -0.0759964 -0.101901 -0.0903491 -0.169795 0.0376919
internal_weight=113518 64373 50577 49145 30482 20095 17075 13327 13796 19835 10647 6495 10217 35818 8569 3046 6858 885 2660 4152 2819 5973 12934 4047 9892 2186 4250 3337 581 1648
internal_count=113518 64373 50577 49145 30482 20095 17075 13327 13796 19835 10647 6495 10217 35818 8569 3046 6858 885 2660 4152 2819 5973 12934 4047 9892 2186 4250 3337 581 1648
is_linear=0
shrinkage=0.05


Tree=66
num_leaves=31
num_cat=0
split_feature=0 1 0 1 1 1 0 1 1 1 0 1 0 1 1 1 0 1 0 0 1 0 0 1 1 1 1 1 1 1
split_gain=40579.1 17585.4 26077.7 9133.35 8091.65 7286.18 11295.3 3743.81 2225.19 2061.81 1889.42 4127.12 1700.93 1511.11 1267.89 1082.95 1563.63 1036.55 998.433 967.507 3142.83 2773.86 1253.35 1545.65 1333.34 1006.8 919.132 1450.28 906.558 1302.97
threshold=4.2091428143259337 0.52999857268208184 3.7276973426772373 0.18180554087128556 0.16454200840478964 -0.0022132866865079664 3.3150374316227009 0.66046176821179381 0.94133524972883265 0.039298419216266339 4.2072102313008761 0.41943572418293468 3.4939319065458361 0.05671957106282801 -0.6616821142420839 0.99518812659106171 4.1881520144172528 -0.66926218500895385 2.6743727390994265 4.2075194183444795 0.59821005442195807 4.2072102313008761 4.2080529843511281 0.61379160706171965 0.76175444319795671 0.54357157459813754 -0.66476311403078769 -0.66258612056614341 0.34951173794613027 0.52999857268208184
decision_type=2 2 2 2 2 2 2 2 2 2 2 2 2 2 2 2 2 2 2 2 2 2 2 2 2 2 2 2 2 2
left_child=1 2 5 13 9 6 14 28 19 -4 11 -6 26 -2 18 -10 -17 -14 -1 20 21 -3 -21 -24 -25 -23 -8 -28 -5 -30
right_child=3 8 4 7 10 -7 12 -9 15 -11 -12 -13 17 -15 -16 16 -18 -19 -20 22 -22 25 23 24 -26 -27 27 -29 29 -31
leaf_value=-0.14082352185817087 0.06470383810447998 0.22288708477110375 0.061152964420702893 0.01357099893948357 -0.018604147245559116 -0.12799763089378932 0.012205000734484221 -0.15078300838346853 -0.098247431257733053 0.025571287338097395 0.0081442028650394217 -0.13169084771406064 0.06356822397299948 0.041771334236756032 -0.25052665862299145 -0.15001371674033198 -0.46416199098933825 0.00029315580812766843 -0.083081643886844803 -0.11440830998834722 -0.060058242841509096 -0.31679851674828036 -0.10050179802095688 0.0079561883239950542 -0.14553592755950007 0.0023641128310498724 -0.058941802838666929 0.011703720682743127 -0.026046225320895386 0.054633215822152095
leaf_weight=858 10204 191 5722 10234 5551 3020 971 393 3525 14113 4152 944 756 24267 126 397 44 4499 5874 1720 5583 29 1047 926 167 167 3036 955 3462 585
leaf_count=858 10204 191 5722 10234 5551 3020 971 393 3525 14113 4152 944 756 24267 126 397 44 4499 5874 1720 5583 29 1047 926 167 167 3036 955 3462 585
internal_value=0.000282504 -0.0258377 -0.0121889 0.0344963 0.0169619 -0.0564076 -0.0437457 0.00145947 -0.075875 0.0358359 -0.0181998 -0.0350405 -0.010428 0.0485597 -0.0933821 -0.107489 -0.181357 0.0093961 -0.0904409 -0.0631201 -0.0505069 0.0872845 -0.0826282 -0.0570853 -0.0154959 -0.0448589 -0.0314227 -0.0420371 0.00564904 -0.0143839
internal_weight=113518 64373 50577 49145 30482 20095 17075 14674 13796 19835 10647 6495 10217 34471 6858 3966 441 5255 6732 9830 5970 387 3860 2140 1093 196 4962 3991 14281 4047
internal_count=113518 64373 50577 49145 30482 20095 17075 14674 13796 19835 10647 6495 10217 34471 6858 3966 441 5255 6732 9830 5970 387 3860 2140 1093 196 4962 3991 14281 4047
is_linear=0
shrinkage=0.05


Tree=67
num_leaves=31
num_cat=0
split_feature=0 1 0 1 1 1 0 1 1 1 0 1 0 1 1 1 1 0 0 1 1 1 0 1 1 0 0 0 0 1
split_gain=36622.6 15870.8 23535.1 8250.97 7302.71 6575.77 10194 3331.7 2030.11 1869.81 1705.2 3763.59 1535.09 1498.01 1151.25 1144.27 935.486 901.086 889.973 829.517 1308.88 807.247 970.19 12154.3 4541.27 2897.29 2109.94 792.941 787.478 1209.37
threshold=4.2091428143259337 0.52999857268208184 3.7276973426772373 0.19560049498397875 0.16454200840478964 -0.0022132866865079664 3.3150374316227009 0.72537656303778963 0.9899572276429659 0.037513468545582969 4.2072102313008761 0.45112986590810861 3.4939319065458361 0.056320701452772667 0.8471138667079785 -0.6616821142420839 -0.66926218500895385 2.6743727390994265 4.2080529843511281 -0.66476311403078769 -0.66258612056614341 -0.6635774510576854 3.6723921289788319 -0.6616821142420839 -0.6616821142420839 3.5981631387971817 3.5367771867072357 4.1959841330863972 3.425455265970681 -0.663836168103625
decision_type=2 2 2 2 2 2 2 2 2 2 2 2 2 2 2 2 2 2 2 2 2 2 2 2 2 2 2 2 2 2
left_child=1 2 5 13 9 6 15 -5 -3 -4 11 -6 19 -2 -9 17 -14 -1 -12 -8 28 -18 24 -24 -23 26 -26 -10 29 -21
right_child=3 8 4 7 10 -7 12 14 27 -11 18 -13 16 -15 -16 -17 21 -19 -20 20 -22 22 23 -25 25 -27 -28 -29 -30 -31
leaf_value=-0.13378234403861886 0.061822226986530893 -0.062707152729345406 0.059532428207204093 0.0030235979310818057 -0.021358745938117488 -0.12159774934613941 0.01159475167244999 -0.27660193679424433 -0.10817339010453296 0.024797896476539689 0.056174245853564543 -0.15472076279169314 0.060389812889545251 0.038952117138239359 -0.080642972492460316 -0.23800032611877198 -0.02906506561345858 -0.078927561635141141 -0.0033261903028896618 -0.16596144634167789 0.011118534749656605 0.015417705750171068 0.038451562215430807 -0.74217832769666403 0.32737844236965841 0.033111686176723908 0.961158816019694 -0.34774343524660384 -0.027932194290637841 -0.058196246771273052
leaf_weight=858 9892 11136 5280 13020 5914 3020 971 130 2625 14555 772 581 756 25926 177 126 1541 5874 3380 323 955 2358 455 56 29 36 24 35 1371 1342
leaf_count=858 9892 11136 5280 13020 5914 3020 971 130 2625 14555 772 581 756 25926 177 126 1541 5874 3380 323 955 2358 455 56 29 36 24 35 1371 1342
internal_value=0.000268379 -0.0245458 -0.0115795 0.0327715 0.0161138 -0.0535872 -0.0415584 -0.000815248 -0.0720813 0.0340441 -0.0172898 -0.0332884 -0.00990659 0.0452682 -0.163622 -0.088713 0.00892629 -0.0859189 0.00773699 -0.0298515 -0.0399353 0.000278499 0.0155653 -0.0470969 0.0286509 0.379256 0.614373 -0.111326 -0.0559947 -0.079102
internal_weight=113518 64373 50577 49145 30482 20095 17075 13327 13796 19835 10647 6495 10217 35818 307 6858 5255 6732 4152 4962 3991 4499 2958 511 2447 89 53 2660 3036 1665
internal_count=113518 64373 50577 49145 30482 20095 17075 13327 13796 19835 10647 6495 10217 35818 307 6858 5255 6732 4152 4962 3991 4499 2958 511 2447 89 53 2660 3036 1665
is_linear=0
shrinkage=0.05


Tree=68
num_leaves=31
num_cat=0
split_feature=0 1 0 1 1 1 0 1 1 1 0 1 0 0 1 1 1 1 1 1 0 1 0 0 1 1 1 1 1 0
split_gain=33051.9 14323.4 21240.4 7475.36 6590.7 5934.64 9200.06 3081.94 1891.55 1699.42 1538.94 3445.59 1385.41 1319.49 2615.33 1354.15 1232.29 1194.81 1032.71 1018.62 1349.81 844.277 835.019 808.724 913.695 803.665 1175.93 784.961 971.023 784.93
threshold=4.2091428143259337 0.52999857268208184 3.7276973426772373 0.18180554087128556 0.16454200840478964 -0.0022132866865079664 3.3150374316227009 0.66046176821179381 0.90581773459918347 0.039778206153560709 4.2072102313008761 0.41943572418293468 3.4939319065458361 4.2061910970066689 0.70837183041219554 0.72537656303778963 0.05597507404019271 0.74424765479753441 -0.6616821142420839 0.99518812659106171 4.1959841330863972 -0.66926218500895385 3.1121988692531684 4.2083814024886363 0.29651250649177335 0.34951173794613027 0.52999857268208184 -0.662047967150724 -0.66476311403078769 4.0844980415780485
decision_type=2 2 2 2 2 2 2 2 2 2 2 2 2 2 2 2 2 2 2 2 2 2 2 2 2 2 2 2 2 2
left_child=1 2 5 16 9 6 18 25 13 -4 11 -6 27 14 -3 -16 -2 -17 22 -10 29 -14 -1 -12 -25 -5 -27 28 -8 -21
right_child=3 8 4 7 10 -7 12 -9 19 -11 23 -13 21 -15 15 17 -18 -19 -20 20 -22 -23 -24 24 -26 26 -28 -29 -30 -31
leaf_value=-0.098844281542201526 0.059082252446958673 0.26278299409896139 0.054605572564944041 0.012504823653604561 -0.016606002143020087 -0.11551786183965523 0.011015014322239612 -0.13688609314698527 -0.086408979321658599 0.022721084888324534 0.039440466878599985 -0.11993437963761085 0.057370322388001674 -0.064519472163563199 -0.28092998564243316 0.25166355340908736 0.03798643178061302 -0.028365690228556319 -0.22610030947696594 -0.060518448620196987 -0.50207632247890743 0.00026457244693855363 -0.063616617444976736 0.036279256087073448 -0.026196910225764036 -0.024895094614906386 0.051750374272481629 0.049079452284857487 -0.04519002524297594 -0.20071011555884952
leaf_weight=3441 9591 80 5985 10234 5551 3020 971 393 4395 13850 1333 944 756 7153 52 39 24880 1636 126 169 28 4499 3291 829 1990 3462 585 307 3684 244
leaf_count=3441 9591 80 5985 10234 5551 3020 971 393 4395 13850 1333 944 756 7153 52 39 24880 1636 126 169 28 4499 3291 829 1990 3462 585 307 3684 244
internal_value=0.00025496 -0.0233185 -0.0110005 0.0311329 0.0153081 -0.0509078 -0.0394805 0.00124474 -0.0684772 0.0323419 -0.0164253 -0.031624 -0.00941126 -0.0548755 -0.0167001 -0.0296466 0.043856 -0.0218456 -0.0842774 -0.0936779 -0.16612 0.00847998 -0.0816229 0.00735014 -0.00782417 0.00504597 -0.0138159 -0.0283589 -0.0334661 -0.143344
internal_weight=113518 64373 50577 49145 30482 20095 17075 14674 13796 19835 10647 6495 10217 8960 1807 1727 34471 1675 6858 4836 441 5255 6732 4152 2819 14281 4047 4962 4655 413
internal_count=113518 64373 50577 49145 30482 20095 17075 14674 13796 19835 10647 6495 10217 8960 1807 1727 34471 1675 6858 4836 441 5255 6732 4152 2819 14281 4047 4962 4655 413
is_linear=0
shrinkage=0.05


Tree=69
num_leaves=31
num_cat=0
split_feature=0 1 0 1 1 1 0 1 1 1 0 0 1 1 1 0 1 1 1 0 1 1 0 1 1 1 1 1 0 0
split_gain=29829.3 12926.9 19169.5 6746.51 5958.6 5356.01 8303.05 2813.75 1707.12 1376.61 1250.34 1190.84 2360.34 1222.12 1113.53 1096.5 3475.37 1078.32 1039 971.811 1021.22 919.301 1226.65 804.386 854.964 764.863 762.248 761.96 757.238 744.317
threshold=4.2091428143259337 0.52999857268208184 3.7276973426772373 0.18180554087128556 0.13819718639271167 -0.0022132866865079664 3.3150374316227009 0.72537656303778963 0.90581773459918347 0.034309320840942674 3.4939319065458361 4.2061910970066689 0.70837183041219554 0.72537656303778963 0.05671957106282801 4.2072102313008761 0.41943572418293468 0.74424765479753441 0.8471138667079785 2.6743727390994265 -0.66476311403078769 0.99518812659106171 4.1881520144172528 0.36656638181485618 0.52999857268208184 -0.66476311403078769 0.035526590940496004 -0.66926218500895385 3.2562269708225906 4.2102998941715093
decision_type=2 2 2 2 2 2 2 2 2 2 2 2 2 2 2 2 2 2 2 2 2 2 2 2 2 2 2 2 2 2
left_child=1 2 5 14 9 6 19 23 11 -4 -8 12 -3 -14 26 16 -6 -15 29 20 -1 -10 -23 -5 -25 -21 -2 -12 -27 -9
right_child=3 8 4 7 15 -7 10 18 21 -11 27 -13 13 17 -16 -17 -18 -19 -20 25 -22 22 -24 24 -26 28 -28 -29 -30 -31
leaf_value=-0.085415660511494768 0.0043785077099250079 0.24964384336024523 0.055210714996340664 0.0111898721736036 -0.011599204644928683 -0.10974196877552578 -0.026940996080432586 -0.41760068872700568 -0.082088531229895789 0.024209264944396069 0.0545018060122082 -0.061293497124977031 -0.26688349430377667 0.23908038964638345 0.035835839911151114 0.0076591810157323539 -0.11393765839037753 -0.026947405267493174 -0.069766518261052124 -0.044717783358928648 -0.19520949040383018 -0.13005278247141136 -0.40829810683022849 -0.027941178589338745 0.034684203910827362 -0.09526575014512495 0.059173306753700118 0.0002513442533012048 -0.04391790550915891 -0.16739223801663944
leaf_weight=534 680 80 4858 10794 6845 3020 4962 46 4395 13621 756 7153 52 39 24267 4214 944 1636 177 1723 351 397 44 2902 671 3335 9524 4499 915 84
leaf_count=534 680 80 4858 10794 6845 3020 4962 46 4395 13621 756 7153 52 39 24267 4214 944 1636 177 1723 351 397 44 2902 671 3335 9524 4499 915 84
internal_value=0.000242212 -0.0221526 -0.0104505 0.0295762 0.0145427 -0.0483624 -0.0375064 0.0011825 -0.0650533 0.0323593 -0.00894069 -0.0521318 -0.0158651 -0.0281643 0.0416632 -0.0128866 -0.0240023 -0.0207533 -0.148597 -0.0800635 -0.128961 -0.088994 -0.157814 0.00438305 -0.0161803 -0.0728185 0.0555218 0.00805598 -0.0842109 -0.255928
internal_weight=113518 64373 50577 49145 30482 20095 17075 14674 13796 18479 10217 8960 1807 1727 34471 12003 7789 1675 307 6858 885 4836 441 14367 3573 5973 10204 5255 4250 130
internal_count=113518 64373 50577 49145 30482 20095 17075 14674 13796 18479 10217 8960 1807 1727 34471 12003 7789 1675 307 6858 885 4836 441 14367 3573 5973 10204 5255 4250 130
is_linear=0
shrinkage=0.05


Tree=70
num_leaves=31
num_cat=0
split_feature=0 1 0 1 1 1 0 1 1 0 1 1 0 1 1 0 0 0 0 1 1 1 1 0 1 0 1 0 1 0
split_gain=25813.4 11805.2 17004.2 5816.37 5304.36 5174.65 7885.81 2843.33 2024.78 1977.03 1244.94 1941.3 1898.89 9050.29 2699.38 2998.85 3438.57 1806.28 1224.5 1157.33 1141.5 1057.75 962.687 1023.81 921.365 908.196 884.087 1857.95 1426.67 1263.8
threshold=4.2092521302304364 0.50662256577213383 3.7276973426772373 0.19560049498397875 0.10072043667280038 -0.0022132866865079664 3.3150374316227009 0.72537656303778963 0.90581773459918347 4.2061910970066689 -0.66476311403078769 -0.66292656314367393 3.6723921289788319 -0.6616821142420839 -0.6616821142420839 3.5079858025000532 3.5981631387971817 3.5981631387971817 3.5367771867072357 0.069757814832467555 0.8471138667079785 -0.6616821142420839 0.99518812659106171 4.1959841330863972 0.034309320840942674 3.4119034434975446 0.30878179165240022 4.2073187007920287 0.41943572418293468 4.2087076272842721
decision_type=2 2 2 2 2 2 2 2 2 2 2 2 2 2 2 2 2 2 2 2 2 2 2 2 2 2 2 2 2 2
left_child=1 2 5 19 24 6 21 -5 9 -3 -8 17 14 -14 -13 -16 18 25 -17 -2 -9 -1 -10 -24 -4 -12 -6 28 -28 -29
right_child=3 8 4 7 26 -7 10 20 22 -11 11 12 13 -15 15 16 -18 -19 -20 -21 -22 -23 23 -25 -26 -27 27 29 -30 -31
leaf_value=-0.072507725083037253 0.049627875674562921 0.00034628180349993601 0.052581240504905792 0.0030398825815833703 0.0019352976185024722 -0.10428322104995442 0.0312040869945607 -0.26078818383993524 -0.079312634095749984 -0.057450493036026284 -0.087798503999241287 0.015116362858513447 0.057334031712218937 -0.69858231269396276 0.066175442115933292 0.42891490459442139 0.041737959461827435 0.015184778457076116 0.94930296081763044 0.031153932726695872 -0.06853279761058749 -0.21650481324929458 -0.13745948440259576 -0.45025812664202286 0.026547545371786798 -0.0344408567325903 -0.026714405091586929 0.035794426096678295 -0.10666406268710356 -0.031668538897706308
leaf_weight=6716 14019 1818 4856 12654 9187 3065 1852 132 4415 7949 1106 2454 166 52 153 20 31 1494 26 21448 186 130 398 28 11324 2859 1516 1468 883 1317
leaf_count=6716 14019 1818 4856 12654 9187 3065 1852 132 4415 7949 1106 2454 166 52 153 20 31 1494 26 21448 186 130 398 28 11324 2859 1516 1468 883 1317
internal_value=0.0003229 -0.0201966 -0.00878089 0.0279778 0.014726 -0.0444676 -0.0337205 -0.00067102 -0.0597978 -0.0466924 -0.00588759 -0.0141036 0.0189406 -0.122976 0.0304674 0.194256 0.448754 -0.0316698 0.723047 0.0384561 -0.148337 -0.0752421 -0.0862387 -0.158019 0.0343609 -0.0493245 -0.00738049 -0.0238898 -0.0561415 0.00389183
internal_weight=113722 65283 50675 48439 30551 20124 17059 12972 14608 9767 10213 8361 2902 218 2684 230 77 5459 46 35467 318 6846 4841 426 16180 3965 14371 5184 2399 2785
internal_count=113722 65283 50675 48439 30551 20124 17059 12972 14608 9767 10213 8361 2902 218 2684 230 77 5459 46 35467 318 6846 4841 426 16180 3965 14371 5184 2399 2785
is_linear=0
shrinkage=0.05


Tree=71
num_leaves=31
num_cat=0
split_feature=0 1 0 1 1 1 0 1 1 0 0 1 1 1 0 1 1 1 1 0 1 1 0 0 0 0 0 1 1 0
split_gain=23296.6 10654.2 15346.2 5249.27 4816.75 4670.12 7143.38 2566.1 1844.58 2109.8 1294.94 2121.41 1293.25 1174.32 1780.78 1065 1044.49 959.644 1517.6 1816.58 8167.88 3264.35 2012.66 3103.31 2343.58 1394.77 1105.11 910.343 899.043 930.926
threshold=4.2092521302304364 0.50662256577213383 3.7276973426772373 0.19560049498397875 0.17663744513061333 -0.0022132866865079664 3.3505180837725921 0.72537656303778963 0.88866561193202009 4.2061910970066689 4.2073187007920287 0.41943572418293468 0.039778206153560709 -0.66476311403078769 2.955481300684514 0.78217850835714009 0.069757814832467555 -0.66926218500895385 -0.66292656314367393 3.6723921289788319 -0.6616821142420839 -0.6616821142420839 3.5079858025000532 3.5981631387971817 3.3976557356948374 3.5981631387971817 3.5367771867072357 -0.66325312116481017 0.99518812659106171 4.1108919008022484
decision_type=2 2 2 2 2 2 2 2 2 2 2 2 2 2 2 2 2 2 2 2 2 2 2 2 2 2 2 2 2 2
left_child=1 2 5 16 12 6 13 -5 9 -3 11 -6 -4 -1 -15 -9 -2 -8 25 21 -21 -20 24 26 -23 -19 -24 -16 -10 -30
right_child=3 8 4 7 10 -7 17 15 28 -11 -12 -13 -14 14 27 -17 -18 18 19 20 -22 22 23 -25 -26 -27 -28 -29 29 -31
leaf_value=-0.039624916463354504 0.047146481386012538 0.01109579435729186 0.047226445504599118 0.0028878890566064411 -0.017231331362869733 -0.099069060040531509 0.034490341397195069 -0.3754839354327747 -0.074350390171580003 -0.053817212550386621 0.00741698425600532 -0.10133086257249789 0.019659767374280209 -0.13360463039674425 -0.089106385882026323 -0.10522557169070766 0.029596236143733426 -0.041722123713795384 0.016081478784031208 0.054467329795259138 -0.66365319765531106 0.47526157200336461 0.40746919870376586 0.039651021649760587 -0.01756397899316282 0.014691031048084252 0.90183782669214096 -0.041091697708913522 -0.076550955285326905 -0.22437921239695743
leaf_weight=2506 14019 1489 5957 12654 4973 3065 1463 42 4837 7856 3851 883 14887 1239 1958 276 21448 3715 2208 166 52 32 20 31 98 1554 26 1991 214 212
leaf_count=2506 14019 1489 5957 12654 4973 3065 1463 42 4837 7856 3851 883 14887 1239 1958 276 21448 3715 2208 166 52 32 20 31 98 1554 26 1991 214 212
internal_value=0.000306755 -0.0191868 -0.00834185 0.0265789 0.0139897 -0.0422442 -0.0320344 -0.000637468 -0.0568079 -0.0434742 -0.0151029 -0.0299123 0.027538 -0.0677307 -0.0813069 -0.14092 0.0365333 -0.00270747 -0.00959439 0.0214026 -0.116827 0.0338805 0.223736 0.426316 0.103747 -0.025084 0.686895 -0.0648984 -0.0804832 -0.150118
internal_weight=113722 65283 50675 48439 30551 20124 17059 12972 14608 9345 9707 5856 20844 7694 5188 318 35467 9365 7902 2633 218 2415 207 77 130 5269 46 3949 5263 426
internal_count=113722 65283 50675 48439 30551 20124 17059 12972 14608 9345 9707 5856 20844 7694 5188 318 35467 9365 7902 2633 218 2415 207 77 130 5269 46 3949 5263 426
is_linear=0
shrinkage=0.05


Tree=72
num_leaves=31
num_cat=0
split_feature=0 1 0 1 1 1 0 1 1 0 1 0 1 1 1 1 0 1 1 0 0 0 0 1 1 0 1 0 1 1
split_gain=21041.4 9709.27 13905.6 4586.71 4393.19 4214.78 6460.4 2264.08 1683.17 1887.92 1136.16 1068.76 1914.58 1037.7 1037.23 1595.09 1549.54 7371.52 2175.98 2456.12 2800.73 1507.15 997.366 949.892 883.972 947.142 925.095 838.856 833.911 812.48
threshold=4.2093540619516814 0.50662256577213383 3.7276973426772373 0.17663744513061333 0.18180554087128556 -0.0022132866865079664 3.3150374316227009 0.72537656303778963 0.88866561193202009 4.2061910970066689 0.034309320840942674 4.2073187007920287 0.41943572418293468 0.78217850835714009 -0.66476311403078769 -0.66292656314367393 3.6723921289788319 -0.6616821142420839 -0.6616821142420839 3.5079858025000532 3.5981631387971817 3.4119034434975446 3.5367771867072357 -0.6616821142420839 0.048138544056856865 4.2123279581038835 0.037513468545582969 3.6144161971290862 0.47337442032806615 0.99518812659106171
decision_type=2 2 2 2 2 2 2 2 2 2 2 2 2 2 2 2 2 2 2 2 2 2 2 2 2 2 2 2 2 2
left_child=1 2 5 10 24 6 23 -6 9 -3 -4 12 -5 -9 -8 21 18 -18 -17 -20 22 -16 -21 -1 26 -26 -2 -23 -13 -10
right_child=4 8 3 11 7 -7 14 13 29 -11 -12 28 -14 -15 15 16 17 -19 19 20 -22 27 -24 -25 25 -27 -28 -29 -30 -31
leaf_value=-0.065423593465035748 0.0094217076626405549 0.010541002606614034 0.047590855431745599 -0.016369765248374038 0.00494756223574579 -0.094115607141476113 0.02861575339229367 -0.3766310174214213 -0.070584983531911588 -0.050799398418781949 0.02004664089479162 -0.0048588798055149707 -0.096264319859117084 -0.097627590005578149 -0.080783444333204307 0.013843035713302507 0.051743961205279611 -0.63047053447136525 0.058767978506150592 0.38709571838378909 0.037668486564390119 -0.029570491389591037 0.85674593276702449 -0.20188147274347454 0.025932752015782663 0.046566837841109238 0.061814955715278799 0.018626518223530519 0.056753364585662464 -0.1426121661150643
leaf_weight=6716 1016 1489 4856 4973 13475 3065 1852 38 4838 7961 16347 3633 883 271 1106 2454 166 52 153 20 31 3075 26 130 20126 7685 4934 1278 647 426
leaf_count=6716 1016 1489 4856 4973 13475 3065 1852 38 4838 7961 16347 3633 883 271 1106 2454 166 52 153 20 31 3075 26 130 20126 7685 4934 1278 647 426
internal_value=0.000291417 -0.0179385 -0.00769783 0.0131294 0.0256653 -0.040132 -0.0304327 0.00187894 -0.0537557 -0.0411342 0.0263549 -0.0145364 -0.0284167 -0.131939 -0.00524061 -0.0127399 0.0172131 -0.110986 0.0276257 0.174681 0.405 -0.028663 0.65255 -0.0680148 0.0353768 0.0316346 0.0528685 -0.0154203 0.00445493 -0.0764139
internal_weight=113722 66177 51463 31339 47545 20124 17059 13784 14714 9450 21203 10136 5856 309 10213 8361 2902 218 2684 230 77 5459 46 6846 33761 27811 5950 4353 4280 5264
internal_count=113722 66177 51463 31339 47545 20124 17059 13784 14714 9450 21203 10136 5856 309 10213 8361 2902 218 2684 230 77 5459 46 6846 33761 27811 5950 4353 4280 5264
is_linear=0
shrinkage=0.05


Tree=73
num_leaves=31
num_cat=0
split_feature=0 1 0 1 1 1 0 1 1 0 1 1 0 0 1 1 1 0 1 0 1 1 1 0 1 1 0 0 0 0
split_gain=18989.9 8762.61 12549.8 4141.12 3964.85 3803.84 5846.09 2043.33 1521.55 1466.59 1046.82 1037.11 1590.5 992.221 1703.26 936.528 831.489 821.363 797.785 854.796 834.899 788.376 1246.9 1483.38 6652.79 2692.36 1616.99 2527.66 2115.08 1142.82
threshold=4.2093540619516814 0.50662256577213383 3.7276973426772373 0.18180554087128556 0.18180554087128556 -0.0022132866865079664 3.3505180837725921 0.72537656303778963 0.90581773459918347 4.2061910970066689 0.039778206153560709 -0.66476311403078769 2.8775961260131271 4.2073187007920287 0.41943572418293468 0.78217850835714009 -0.66352079279499898 4.204941227132978 0.048138544056856865 4.2123279581038835 0.037513468545582969 -0.66926218500895385 -0.66292656314367393 3.6723921289788319 -0.6616821142420839 -0.6616821142420839 3.5079858025000532 3.5981631387971817 3.3976557356948374 3.5981631387971817
decision_type=2 2 2 2 2 2 2 2 2 2 2 2 2 2 2 2 2 2 2 2 2 2 2 2 2 2 2 2 2 2
left_child=1 2 5 10 18 6 11 -6 9 -3 -4 -1 -13 14 -5 -9 -14 -10 20 -20 -2 -8 29 25 -25 -24 28 -28 -27 -23
right_child=4 8 3 13 7 -7 21 15 17 -11 -12 12 16 -15 -16 -17 -18 -19 19 -21 -22 22 23 24 -26 26 27 -29 -30 -31
leaf_value=-0.034790901671794966 0.0089506225333311675 0.00075433935654504341 0.042740123658445456 -0.015981556646316574 0.0047001841712264857 -0.089409826746967069 0.03133503670003062 -0.35779946226822701 -0.067665180284459781 -0.048964249904180489 0.018044066041859489 -0.13300661944201525 -0.092541536553284731 0.0042321867140252892 -0.091451101732574258 -0.092746210715482599 -0.045494640007843354 -0.14067593554997049 0.024636114331113429 0.044238495990846158 0.058724208374254419 -0.037723549542955502 0.014585253201002707 0.049156764326953747 -0.5989470069225018 0.44856010675430302 0.61992266780656324 0.035785035164125505 -0.01962418556213379 0.013340829490750498
leaf_weight=2506 1016 1818 5957 4876 13475 3065 1463 38 4419 8055 15343 935 1400 4280 883 271 2853 422 20126 7685 4934 3715 2208 166 52 32 46 31 98 1554
leaf_count=2506 1016 1818 5957 4876 13475 3065 1463 38 4419 8055 15343 935 1400 4280 883 271 2853 422 20126 7685 4934 3715 2208 166 52 32 46 31 98 1554
internal_value=0.000276846 -0.0170416 -0.00731294 0.0124729 0.024382 -0.0381254 -0.0289111 0.001785 -0.0510679 -0.0398091 0.0249508 -0.0612037 -0.0739621 -0.0140018 -0.0275529 -0.125342 -0.0609815 -0.0740297 0.033608 0.0300528 0.0502251 -0.00238042 -0.0086226 0.0194742 -0.105437 0.0307498 0.203172 0.38475 0.0956212 -0.022663
internal_weight=113722 66177 51463 31339 47545 20124 17059 13784 14714 9873 21300 7694 5188 10039 5759 309 4253 4841 33761 27811 5950 9365 7902 2633 218 2415 207 77 130 5269
internal_count=113722 66177 51463 31339 47545 20124 17059 13784 14714 9873 21300 7694 5188 10039 5759 309 4253 4841 33761 27811 5950 9365 7902 2633 218 2415 207 77 130 5269
is_linear=0
shrinkage=0.05


Tree=74
num_leaves=31
num_cat=0
split_feature=0 1 0 1 1 1 0 1 1 0 1 1 0 1 1 0 1 0 0 1 0 1 0 0 1 1 0 1 1 0
split_gain=17138.4 7908.26 11326.2 3794.37 3618.62 3432.97 5296.78 1992.55 1395.77 1561.58 863.876 1497.15 871.767 850.521 845.216 751.874 735.295 1108.61 1293.3 1120.31 1046.93 732.514 890.664 709.707 660.061 908.201 629.453 615.192 605.514 602.985
threshold=4.2093540619516814 0.50662256577213383 3.7276973426772373 0.10072043667280038 0.1300622843575869 -0.0022132866865079664 3.3150374316227009 0.72537656303778963 0.88866561193202009 4.2061910970066689 -0.66476311403078769 -0.663836168103625 3.4119034434975446 -0.6616821142420839 0.78217850835714009 3.4656563857364762 0.30878179165240022 4.2073187007920287 4.2087076272842721 0.48363323162759736 4.205970920258518 0.99518812659106171 4.1959841330863972 2.6743727390994265 0.5840315508993168 0.36656638181485618 4.2069679798942632 0.8682140037659869 0.033651016964345741 4.2049753771465506
decision_type=2 2 2 2 2 2 2 2 2 2 2 2 2 2 2 2 2 2 2 2 2 2 2 2 2 2 2 2 2 2
left_child=1 2 5 28 -2 6 13 24 9 -3 -8 12 -12 23 -9 -13 -5 19 -19 20 -18 29 -23 -1 25 -6 -21 -11 -4 -10
right_child=4 8 3 16 7 -7 10 14 21 27 11 15 -14 -15 -16 -17 17 18 -20 26 -22 22 -24 -25 -26 -27 -28 -29 -30 -31
leaf_value=-0.10095529723392721 0.03486567591305454 0.009976235307913207 0.044307633021585219 0.0020076043532669687 0.012436431406737518 -0.08493933541350808 0.026243104562748889 -0.33990948780586849 -0.057041048560970788 -0.043924733302854319 -0.13671201795714746 -0.021840508848391289 -0.038700731902843642 -0.18816632986068726 -0.088108899876667798 0.011694413937436818 -0.021322441695636858 0.032750239849172413 -0.032583216626863608 -0.19976707817931502 -0.11858367462857411 -0.1128279595827712 -0.40457825330751285 -0.052739908064563884 0.093095324224104048 -0.017909448870554054 0.012543547932397238 -0.1482183716725558 0.022633442621685221 -0.11102384184147207
leaf_weight=878 27646 1489 4407 9512 16460 3065 1852 38 4249 7817 283 2811 1144 130 271 4123 1861 1468 1565 169 325 398 28 5838 230 2900 44 144 11988 589
leaf_count=878 27646 1489 4407 9512 16460 3065 1852 38 4249 7817 283 2811 1144 130 271 4123 1861 1468 1565 169 325 398 28 5838 230 2900 44 144 11988 589
internal_value=0.000263004 -0.0161895 -0.00694729 0.0118493 0.0231629 -0.0362191 -0.0274655 0.00690407 -0.0485145 -0.037021 -0.00465471 -0.0114987 -0.0581381 -0.0614952 -0.119075 -0.00190043 -0.0063737 -0.0210502 -0.000961221 -0.0464483 -0.0357826 -0.0691478 -0.132004 -0.0590432 0.00889118 0.00789082 -0.155909 -0.0458112 0.0284595 -0.0636132
internal_weight=113722 66177 51463 31339 47545 20124 17059 19899 14714 9450 10213 8361 1427 6846 309 6934 14944 5432 3033 2399 2186 5264 426 6716 19590 19360 213 7961 16395 4838
internal_count=113722 66177 51463 31339 47545 20124 17059 19899 14714 9450 10213 8361 1427 6846 309 6934 14944 5432 3033 2399 2186 5264 426 6716 19590 19360 213 7961 16395 4838
is_linear=0
shrinkage=0.05


Tree=75
num_leaves=31
num_cat=0
split_feature=0 1 0 1 1 0 1 0 1 1 1 1 1 0 1 1 1 1 0 1 1 0 1 1 1 0 1 1 0 1
split_gain=16025.6 6975.26 10418.1 3832.12 3473.41 2898.02 4338.79 1455.61 1433.72 1254.47 1122.23 956.33 984.388 908.447 5951.7 877.135 842.3 788.256 810.736 673.058 661.477 629.512 1253.73 617.155 604.597 1100.13 2007.21 973.309 628.033 629.49
threshold=4.2090870767876725 0.52999857268208184 3.7276973426772373 0.20817236634261524 0.10072043667280038 3.1798972002998278 -0.0022132866865079664 3.5517692714646878 0.74424765479753441 -0.66280767692497322 0.9899572276429659 -0.66476311403078769 -0.663836168103625 4.2072102313008761 0.59821005442195807 0.069757814832467555 0.78217850835714009 -0.66476311403078769 2.7880469424112762 0.8682140037659869 -0.66926218500895385 4.163209113926416 0.94133524972883265 0.033651016964345741 0.29651250649177335 4.2070967715774277 0.45112986590810861 0.35835823550598178 4.2087814111788378 0.39186529923390212
decision_type=2 2 2 2 2 2 2 2 2 2 2 2 2 2 2 2 2 2 2 2 2 2 2 2 2 2 2 2 2 2
left_child=1 2 5 15 23 17 7 9 -5 11 13 -7 -13 14 -3 -2 -10 -1 -19 -15 -9 -16 -23 -4 -6 26 -26 -27 29 -29
right_child=3 10 4 8 24 6 -8 20 16 -11 -12 12 -14 19 21 -17 -18 18 -20 -21 -22 22 -24 -25 25 27 -28 28 -30 -31
leaf_value=-0.042348126280945718 0.039110785820755681 0.24257641117164522 0.042725171617744029 4.7402827365355038e-05 0.0013129647119594142 -0.0047989481416138065 -0.080762585957433283 0.068119822170560493 -0.32959098878659704 0.00974224683519667 -0.077138199126942586 -0.085083197907233982 -0.033104967115304945 -0.054337344953017945 0.0014500430128670091 0.023339255008083939 -0.078168001078345165 -0.13540314756122424 -0.072228489261095652 -0.16525107108532114 0.005436919060832531 -0.034308238266378063 -0.10614122687510621 0.020702759448314633 -0.021362482039196613 -0.062749443830252577 -0.12930096902298155 0.13319002718162665 -0.033280606063393253 0.018655192867859084
leaf_weight=1571 14276 196 4395 12152 8510 2008 2895 486 38 2154 2678 1202 3761 4570 893 23049 270 652 2297 141 3141 4509 702 11520 2128 509 540 128 576 1911
leaf_count=1571 14276 196 4395 12152 8510 2008 2895 486 38 2154 2678 1202 3761 4570 893 23049 270 652 2297 141 3141 4509 702 11520 2128 509 540 128 576 1911
internal_value=7.59956e-05 -0.0164591 -0.00786004 0.0213566 0.0107143 -0.0356907 -0.0255035 -0.0129584 -0.00265279 -0.0236087 -0.0481091 -0.0339139 -0.0456937 -0.0410489 -0.0286297 0.0293715 -0.109188 -0.0709559 -0.0861959 -0.057657 0.0138361 -0.0373382 -0.0439852 0.0267843 -0.00716818 -0.0196292 -0.0432091 0.000508739 0.0128217 0.0258452
internal_weight=113858 64073 50384 49785 30217 20167 15647 12752 12460 9125 13689 6971 4963 11011 6300 37325 308 4520 2949 4711 3627 6104 5211 15915 14302 5792 2668 3124 2615 2039
internal_count=113858 64073 50384 49785 30217 20167 15647 12752 12460 9125 13689 6971 4963 11011 6300 37325 308 4520 2949 4711 3627 6104 5211 15915 14302 5792 2668 3124 2615 2039
is_linear=0
shrinkage=0.05


Tree=76
num_leaves=31
num_cat=0
split_feature=0 1 0 1 1 0 1 1 0 1 1 1 0 1 0 1 1 1 0 1 1 0 0 1 1 0 1 1 1 0
split_gain=14463.1 6295.17 9402.34 3465.31 3134.75 2633.75 4093.64 1330.18 1158.2 1207.06 1040.08 1012.82 819.874 5371.41 793.192 760.175 723.749 831.095 718.368 714.565 668.552 7322.96 607.734 1020.89 2193.61 568.135 1131.49 556.983 545.649 992.871
threshold=4.2090870767876725 0.52999857268208184 3.7276973426772373 0.19560049498397875 0.10072043667280038 3.2339217085615384 -0.0022132866865079664 0.74424765479753441 3.5822972156049366 -0.66280767692497322 -0.66476311403078769 0.9899572276429659 4.2072102313008761 0.59821005442195807 2.6743727390994265 0.78217850835714009 -0.66926218500895385 -0.663836168103625 2.5172558643058736 0.069757814832467555 -0.6616821142420839 3.6723921289788319 4.2082787309598624 0.67611158993753573 0.76175444319795671 4.163209113926416 0.94133524972883265 0.033651016964345741 0.29651250649177335 4.2070967715774277
decision_type=2 2 2 2 2 2 2 2 2 2 2 2 2 2 2 2 2 2 2 2 2 2 2 2 2 2 2 2 2 2
left_child=1 2 5 19 27 10 8 -5 9 16 18 12 13 -3 -12 -9 -7 -18 -1 -2 -10 -22 -14 -24 -25 -15 -27 -4 -6 -30
right_child=3 11 4 7 28 6 -8 15 20 -11 14 -13 22 25 -16 -17 17 -19 -20 -21 21 -23 23 24 -26 26 -28 -29 29 -31
leaf_value=-0.092563970139886764 0.037155246451386174 0.23044759140050572 0.04058891236338464 0.001356734058489634 0.0012473161407510671 -0.0011386311524021458 -0.076720223316169248 -0.31311143605332625 0.022346443609134785 0.013715262505164978 -0.15149751756080362 -0.073281289792332394 -0.067132524819700529 0.0013775436205175171 -0.071662162893742165 -0.07425960105257455 -0.071925429001257341 -0.026391657573050089 -0.016354961064182258 0.022749502372294152 0.32805006554786198 -0.55458120691015367 -0.052278231313609771 0.11297141824703122 -0.16495398185666235 -0.032592826687494768 -0.10083416412772539 0.019667621675802268 -0.041048646715985938 0.00048330203716596352
leaf_weight=395 14276 196 4395 13519 8510 1739 2855 38 2740 2173 344 2678 3197 893 3255 270 1363 3785 1424 21682 47 47 1138 281 95 4509 702 11520 2668 3124
leaf_count=395 14276 196 4395 13519 8510 1739 2855 38 2740 2173 344 2678 3197 893 3255 270 1363 3785 1424 21682 47 47 1138 281 95 4509 702 11520 2668 3124
internal_value=7.21957e-05 -0.0156362 -0.00746704 0.0202888 0.0101786 -0.0339061 -0.0229546 -0.000984063 -0.0100489 -0.0187752 -0.0637187 -0.0457036 -0.0389964 -0.0271982 -0.079293 -0.103728 -0.0290267 -0.0384473 -0.0329039 0.0284689 0.0178484 -0.113266 -0.0547741 -0.0286779 0.0427509 -0.0354712 -0.041786 0.0254451 -0.00680977 -0.0186478
internal_weight=113858 64073 50384 49785 30217 20167 14749 13827 11894 9060 5418 13689 11011 6300 3599 308 6887 5148 1819 35958 2834 94 4711 1514 376 6104 5211 15915 14302 5792
internal_count=113858 64073 50384 49785 30217 20167 14749 13827 11894 9060 5418 13689 11011 6300 3599 308 6887 5148 1819 35958 2834 94 4711 1514 376 6104 5211 15915 14302 5792
is_linear=0
shrinkage=0.05


Tree=77
num_leaves=31
num_cat=0
split_feature=0 1 0 1 0 0 1 1 1 1 1 1 1 1 0 0 1 1 1 0 1 0 0 1 1 0 0 0 1 0
split_gain=13068.9 12595.9 2877.05 3500.13 2477.79 2093.92 1951.34 1564.62 1404.99 1089.38 959.026 938.673 762.955 742.951 733.069 722.113 663.303 653.183 750.063 648.327 645.552 549.604 513.234 1032.67 610.659 543.333 500.917 499.777 494.508 907.492
threshold=4.2044682993536604 0.34213339639349516 3.2339217085615384 -0.0022132866865079664 4.1763048044315134 3.5822972156049366 0.1300622843575869 0.94133524972883265 0.82659308966095224 -0.66280767692497322 0.97366692785173814 -0.66476311403078769 0.99518812659106171 0.031197422311893905 4.2119832905866774 2.7880469424112762 -0.66926218500895385 -0.66926218500895385 -0.663836168103625 2.5172558643058736 0.048138544056856865 3.8701868380452269 3.9345095588988146 0.88866561193202009 0.97366692785173814 4.1317818897369714 4.2050474292910884 4.2111802113758516 0.94133524972883265 4.1317818897369714
decision_type=2 2 2 2 2 2 2 2 2 2 2 2 2 2 2 2 2 2 2 2 2 2 2 2 2 2 2 2 2 2
left_child=2 6 11 5 22 9 14 13 -3 17 -9 19 -12 -6 20 -13 -7 -4 -19 -1 -2 -18 -5 -24 28 -26 -10 -8 -25 -30
right_child=1 8 3 4 7 16 27 10 26 -11 12 15 -14 -15 -16 -17 21 18 -20 -21 -22 -23 23 24 25 -27 -28 -29 29 -31
leaf_value=-0.087935772532762232 0.034298419009950058 -0.022274935213156783 -0.0010816994003264439 -0.075466402626575085 0.057232186839812328 0.070547892571951085 0.003853329147881487 -0.15875171917698366 0.0085503329503092366 0.013029499143416477 -0.00028846057084336562 -0.12294379725282373 -0.2022207118637328 -0.011558367810618432 0.039110798693280949 -0.064793808981180132 0.0097494365409768798 -0.068329157877265206 -0.025072074699241123 -0.015537213979879514 0.018941890324956717 0.069745123212007765 0.12999745074659586 -0.054295018063125658 -0.051577570663274931 -0.10674368313434096 -0.077649170076886431 0.020438314911946476 -0.065423351554150258 0.077342793830416423
leaf_weight=395 9642 15718 1739 3146 432 629 15777 278 188 2173 284 652 56 4293 9560 2947 3912 1363 3785 1424 23580 423 80 445 1883 585 1628 6379 187 275
leaf_count=395 9642 15718 1739 3146 432 629 15777 278 188 2173 284 652 56 4293 9560 2947 3912 1363 3785 1424 23580 423 80 445 1883 585 1628 6379 187 275
internal_value=6.85859e-05 0.0105187 -0.027391 -0.0204762 -0.0403671 -0.0035355 0.0206724 -0.0150543 -0.0270858 -0.0178365 -0.0898694 -0.0605327 -0.0335479 -0.00526895 0.0269098 -0.0753283 0.0225658 -0.0275754 -0.036525 -0.0312587 0.0233988 0.0156037 -0.0608558 -0.047552 -0.0517605 -0.0646538 -0.0687254 0.00862836 -0.0166772 0.0195565
internal_weight=113858 82472 31386 25968 11944 14024 64938 5343 17534 9060 618 5418 340 4725 42782 3599 4964 6887 5148 1819 33222 4335 6601 3455 3375 2468 1816 22156 907 462
internal_count=113858 82472 31386 25968 11944 14024 64938 5343 17534 9060 618 5418 340 4725 42782 3599 4964 6887 5148 1819 33222 4335 6601 3455 3375 2468 1816 22156 907 462
is_linear=0
shrinkage=0.05


Tree=78
num_leaves=31
num_cat=0
split_feature=0 1 0 1 1 0 1 0 1 1 0 1 0 1 1 1 1 1 0 0 1 0 1 1 1 1 0 0 0 1
split_gain=11932.7 5194.98 7621.49 2839.13 2560.11 2159.79 3183.59 1136.41 1101.17 903.628 846.564 698.704 672.04 611.455 972.348 567.208 867.079 566.962 634.465 559.34 484.625 1366.27 1557.17 868.816 859.582 748.734 710.718 655.982 525.072 4699.53
threshold=4.2090870767876725 0.52999857268208184 3.7276973426772373 0.20817236634261524 0.10072043667280038 3.1798972002998278 -0.0022132866865079664 3.4656563857364762 0.74424765479753441 0.99518812659106171 4.1959841330863972 0.78217850835714009 4.2119832905866774 0.04882569966417271 0.033651016964345741 -0.66476311403078769 -0.66314670257716057 -0.66476311403078769 2.6743727390994265 4.0844980415780485 0.82659308966095224 4.2062499956048134 0.70837183041219554 0.72537656303778963 0.74424765479753441 0.66046176821179381 4.204831364457017 4.2070967715774277 4.2073187007920287 0.59821005442195807
decision_type=2 2 2 2 2 2 2 2 2 2 2 2 2 2 2 2 2 2 2 2 2 2 2 2 2 2 2 2 2 2
left_child=1 2 5 12 -4 17 7 15 -5 20 19 -10 13 14 -2 -7 -17 -1 -19 -11 21 22 25 -24 -25 -3 -26 -22 29 -23
right_child=3 9 4 8 -6 6 -8 -9 11 10 -12 -13 -14 -15 -16 16 -18 18 -20 -21 27 28 23 24 26 -27 -28 -29 -30 -31
leaf_value=-0.036767875125603089 -0.050625017819857336 0.04042630517855287 0.022901334893491332 0.00012876692142681212 -0.0062476172943426141 0.0013266462670050232 -0.069125992889437243 0.0044998147520796178 -0.29634211926083814 -0.022537220499050693 -0.38972625457323518 -0.067351213748959179 0.035112048685914186 0.017178061817013666 0.043959650814533693 -0.053654457138023359 -0.012436263160011852 -0.13777545288551685 -0.065527087399338907 -0.14345499010329757 -0.045768025959948007 0.19025197685483641 -0.17858375250282935 0.23791295872178186 0.29076841643878393 0.31457409203955622 -0.005945956400814952 -0.12019650759936598 -0.048354595139346285 -0.043417396511932632
leaf_weight=1571 291 40 15915 12152 14302 1530 2895 6117 38 159 26 270 11936 20997 4101 2594 2511 344 2605 240 5788 241 59 43 21 66 518 312 4168 2008
leaf_count=1571 291 40 15915 12152 14302 1530 2895 6117 38 159 26 270 11936 20997 4101 2594 2511 344 2605 240 5788 241 59 43 21 66 518 312 4168 2008
internal_value=6.51566e-05 -0.0142031 -0.00678203 0.0184283 0.00910485 -0.030586 -0.0217915 -0.0110455 -0.00223764 -0.041517 -0.113284 -0.0956033 0.025327 0.0207269 0.0376928 -0.0253771 -0.0333804 -0.0610299 -0.0739548 -0.0952697 -0.0392175 -0.0303984 0.0335996 0.00424329 0.0227773 0.211122 0.00561434 -0.0495749 -0.0378484 -0.0183777
internal_weight=113858 64073 50384 49785 30217 20167 15647 12752 12460 13689 425 308 37325 25389 4392 6635 5105 4520 2949 399 13264 7164 747 641 582 106 539 6100 6417 2249
internal_count=113858 64073 50384 49785 30217 20167 15647 12752 12460 13689 425 308 37325 25389 4392 6635 5105 4520 2949 399 13264 7164 747 641 582 106 539 6100 6417 2249
is_linear=0
shrinkage=0.05


Tree=79
num_leaves=31
num_cat=0
split_feature=0 1 0 1 1 0 1 1 0 1 1 1 0 1 0 1 0 0 1 0 0 0 1 1 0 1 0 1 0 0
split_gain=10769.3 4688.47 6878.39 2564.83 2310.5 1953.96 3000.53 1021.3 888.179 970.912 815.524 776.072 764.024 630.58 600.631 599.612 6608.97 591.666 1429.74 593.056 579.485 566.419 552.391 880.193 504.804 473.767 487.97 1043.95 450.46 1376.05
threshold=4.2090870767876725 0.52999857268208184 3.7276973426772373 0.19560049498397875 0.10072043667280038 3.2339217085615384 -0.0022132866865079664 0.74424765479753441 3.5822972156049366 -0.66249311328193683 0.99518812659106171 -0.66476311403078769 4.1959841330863972 0.78217850835714009 2.7880469424112762 -0.6616821142420839 3.6723921289788319 3.5079858025000532 -0.6616821142420839 3.5367771867072357 2.5172558643058736 4.2121265642130519 0.04882569966417271 0.033651016964345741 4.0844980415780485 0.033651016964345741 3.8701868380452269 -0.662047967150724 4.163209113926416 4.0016850225900411
decision_type=2 2 2 2 2 2 2 2 2 2 2 2 2 2 2 2 2 2 2 2 2 2 2 2 2 2 2 2 2 2
left_child=1 2 5 21 25 11 8 -5 9 -7 -3 20 24 -9 -13 -10 -17 -11 -19 -20 -1 22 23 -2 -12 26 27 -4 29 -28
right_child=3 10 4 7 -6 6 -8 13 15 17 12 14 -14 -15 -16 16 -18 18 19 -21 -22 -23 -24 -25 -26 -27 28 -29 -30 -31
leaf_value=-0.081700590260539066 -0.046760732615226418 -0.037256638410247567 0.0082948967823236342 0.0012565594149449785 -0.0059352365310864769 -0.022602669521491311 -0.065654592290651154 -0.28152501567413935 0.020115034020161751 0.010084793056504478 -0.0214103592430833 -0.11161431368630369 -0.37023993478371553 -0.063983653321586273 -0.058580721738126632 0.31093510769783184 -0.52756460879711398 0.036034730281591841 0.55319568316141765 0.17275663375854494 -0.013253681246829586 0.034315098924177313 0.017054012252697769 0.041957127576632863 -0.13628223998239264 0.016427800100323808 0.074797396914391065 0.28432009928992819 0.039195129611081674 0.4982846856117249
leaf_weight=395 299 13264 1609 13519 14302 7863 2855 38 2740 999 159 652 26 270 2947 47 47 157 21 20 1424 10501 20855 4303 240 11520 469 35 2262 20
leaf_count=395 299 13264 1609 13519 14302 7863 2855 38 2740 999 159 652 26 270 2947 47 47 157 21 20 1424 10501 20855 4303 240 11520 469 35 2262 20
internal_value=6.18988e-05 -0.0134929 -0.00644292 0.0175068 0.00864961 -0.0290567 -0.0196237 -0.00079454 -0.00857464 -0.0162164 -0.0394412 -0.0547351 -0.107619 -0.0908232 -0.0681884 0.0158552 -0.108315 0.0257347 0.104695 0.367616 -0.0281171 0.0245443 0.0205139 0.036193 -0.0905062 0.0217563 0.035723 0.0141713 0.0486023 0.0921179
internal_weight=113858 64073 50384 49785 30217 20167 14749 13827 11894 9060 13689 5418 425 308 3599 2834 94 1197 198 41 1819 35958 25457 4602 399 15915 4395 1644 2751 489
internal_count=113858 64073 50384 49785 30217 20167 14749 13827 11894 9060 13689 5418 425 308 3599 2834 94 1197 198 41 1819 35958 25457 4602 399 15915 4395 1644 2751 489
is_linear=0
shrinkage=0.05


Tree=80
num_leaves=31
num_cat=0
split_feature=0 1 0 1 0 1 1 0 1 1 1 1 0 1 1 0 0 0 0 1 1 0 1 1 0 0 1 0 0 0
split_gain=9749.01 8597.4 2023.83 2966.49 1589.43 1376.02 1305.5 1166.73 1118.49 844.978 706.625 696.421 598.811 592.745 589.223 798.928 567.501 552.819 527.997 434.512 421.032 419.516 1258.03 467.714 462.994 410.171 370.509 455.263 370.462 346.194
threshold=4.2044682993536604 0.30238758275585748 3.2562269708225906 -0.0022132866865079664 4.0511569599221975 0.94133524972883265 0.8471138667079785 3.5079858025000532 0.10072043667280038 0.031197422311893905 -0.66926218500895385 -0.66476311403078769 2.5172558643058736 0.99518812659106171 -0.66369999296714022 3.5981631387971817 2.6743727390994265 4.204941227132978 4.2109709744446677 -0.66258612056614341 0.39186529923390212 4.1881520144172528 0.97366692785173814 0.97366692785173814 4.1317818897369714 4.2051216697778928 0.048138544056856865 4.2127827764752741 4.1108919008022484 4.1959841330863972
decision_type=2 2 2 2 2 2 2 2 2 2 2 2 2 2 2 2 2 2 2 2 2 2 2 2 2 2 2 2 2 2
left_child=2 8 11 7 -5 9 20 19 17 -6 -9 12 -1 21 15 -12 -13 -2 -10 -4 -3 23 -23 24 -7 -8 -19 -28 -15 -24
right_child=1 6 3 4 5 13 25 10 18 -11 14 16 -14 28 -16 -17 -18 26 -20 -21 -22 22 29 -25 -26 -27 27 -29 -30 -31
leaf_value=-0.08168158175233077 0.0050228003028693798 -0.0023173698260783625 -0.022199688104236559 -0.061858288068464752 0.057437923425882401 -0.058176075105762316 0.004121857351484768 0.051848947317645423 0.005701903604031478 -0.013918763650865629 -0.068510677518897528 -0.12321174356203549 -0.011796354580062089 -0.044603209883035698 0.016860342890056512 0.0036890582210487794 -0.056107916026007953 0.034800797596415092 0.020146950283766261 0.011494802642279735 -0.019791117896608784 -0.16957705991069005 -0.031212448843700048 -0.047853667338618081 0.040944365885032238 -0.075050280382671947 0.019947306123783995 0.039505097188240856 -0.15415543885014596 0.14029618180874323
leaf_weight=381 3300 4578 5507 3851 454 180 188 996 17204 4814 535 346 1568 122 4188 1350 3525 9492 10005 1158 13958 211 85 1598 341 1260 18943 3530 210 45
leaf_count=381 3300 4578 5507 3851 454 180 188 996 17204 4814 535 346 1568 122 4188 1350 3525 9492 10005 1158 13958 211 85 1598 341 1260 18943 3530 210 45
internal_value=0.000463403 0.00949869 -0.0232147 -0.0171738 -0.0354344 -0.0228093 -0.0190473 -0.00133705 0.0186299 -0.00776919 0.0128136 -0.0498332 -0.0254579 -0.0511872 0.00641168 -0.0168026 -0.0621058 0.0245064 0.0110135 -0.0163455 -0.0154755 -0.0427237 -0.094195 -0.0344407 0.0066993 -0.064771 0.0265179 0.0230194 -0.113898 0.0281559
internal_weight=113923 82458 31465 25645 11911 8060 19984 13734 62474 5268 7069 5820 1949 2792 6073 1885 3871 35265 27209 6665 18536 2460 341 2119 521 1448 31965 22473 332 130
internal_count=113923 82458 31465 25645 11911 8060 19984 13734 62474 5268 7069 5820 1949 2792 6073 1885 3871 35265 27209 6665 18536 2460 341 2119 521 1448 31965 22473 332 130
is_linear=0
shrinkage=0.05


Tree=81
num_leaves=31
num_cat=0
split_feature=0 1 0 1 0 1 1 1 0 1 1 0 1 0 0 0 0 1 0 1 0 0 1 1 1 0 0 1 1 1
split_gain=8798.48 7759.15 1832.9 2867.5 1424.58 1291.64 1178.22 1009.43 845.815 762.593 637.729 574.546 531.774 721.032 502.228 476.518 468.354 418.846 425.263 379.981 370.179 352.638 355.852 357.661 337.299 404.254 331.953 362.612 433.988 328.29
threshold=4.2044682993536604 0.30238758275585748 3.2962372605943853 -0.0022132866865079664 4.0016850225900411 0.94133524972883265 0.8471138667079785 0.10072043667280038 3.5079858025000532 0.031197422311893905 -0.66926218500895385 4.2035116318896408 -0.66369999296714022 3.5981631387971817 4.2050126521464852 4.2109709744446677 2.6743727390994265 -0.66926218500895385 2.955481300684514 0.39186529923390212 4.2051216697778928 3.017657434145895 -0.66352079279499898 -0.6616821142420839 0.048138544056856865 4.2127827764752741 4.2109052100318509 0.42905479745205016 0.41080745890771148 -0.66476311403078769
decision_type=2 2 2 2 2 2 2 2 2 2 2 2 2 2 2 2 2 2 2 2 2 2 2 2 2 2 2 2 2 2
left_child=2 7 16 8 -5 9 19 14 -4 -6 -10 -7 13 -12 -2 -9 29 18 -18 -3 -8 -19 -23 -24 -16 -26 -21 28 -28 -1
right_child=1 6 3 4 5 11 20 15 10 -11 12 -13 -14 -15 24 -17 17 21 -20 26 -22 22 23 -25 25 -27 27 -29 -30 -31
leaf_value=-0.054822140652537377 0.0061690845946168228 -0.0022015017346803376 -0.013553040298306871 -0.061173596218104136 0.054566025957136957 -0.045772765871463665 0.0039157647084682541 0.0054168083589762085 0.049256499800045629 -0.013222824955370419 -0.065085143239681273 -0.30216362544081432 0.016017326444779434 0.0035046052043455553 0.033373930979822858 0.01913960260528709 0.028062948181868143 -0.069905852009069347 -0.033000740168768125 -0.017518615240333973 -0.071297766000627441 -0.062459660524808724 -0.017682174329732663 -0.076580811510778501 0.019077279462381878 0.037529842139094931 -0.048621355100368052 -0.10856541226578267 0.15897390611710088 -0.11705115627863504
leaf_weight=547 3823 4578 5830 3344 454 3214 188 17204 996 4814 535 22 4188 1350 9265 10005 386 1280 1091 13582 1260 1039 1726 303 18647 3530 134 211 31 346
leaf_count=547 3823 4578 5830 3344 454 3214 188 17204 996 4814 535 22 4188 1350 9265 10005 386 1280 1091 13582 1260 1039 1726 303 18647 3530 134 211 31 346
internal_value=0.000440233 0.00902376 -0.022054 -0.0157664 -0.0335253 -0.0226532 -0.018095 0.0176984 0.000545506 -0.00738073 0.012173 -0.0475158 0.0060911 -0.0159625 0.0232811 0.0104628 -0.0452155 -0.0400464 -0.0170423 -0.0147017 -0.0615325 -0.0478607 -0.0386633 -0.0264778 0.0253617 0.0220144 -0.0188016 -0.0651446 -0.00961861 -0.0789333
internal_weight=113923 82458 31465 24747 11848 8504 19984 62474 12899 5268 7069 3236 6073 1885 35265 27209 6718 5825 1477 18536 1448 4348 3068 2029 31442 22177 13958 376 165 893
internal_count=113923 82458 31465 24747 11848 8504 19984 62474 12899 5268 7069 3236 6073 1885 35265 27209 6718 5825 1477 18536 1448 4348 3068 2029 31442 22177 13958 376 165 893
is_linear=0
shrinkage=0.05


Tree=82
num_leaves=31
num_cat=0
split_feature=0 1 0 1 0 1 0 1 1 1 0 1 0 1 1 0 0 1 1 0 0 0 1 0 0 1 1 1 0 0
split_gain=7940.63 7004.77 1657.92 2255.28 1313.63 1165.7 1139.07 1134 792.992 688.24 542.153 536.964 518.528 477.46 428.492 441.412 437.263 416.569 581.941 508.319 401.113 389.323 349.202 328.264 315.343 645.962 553.506 458.471 417.852 339.189
threshold=4.2044682993536604 0.27368111193524619 3.2090593733856294 -0.0022132866865079664 4.0016850225900411 0.94133524972883265 3.4798280264228474 0.8471138667079785 0.084677851579915114 0.031197422311893905 3.8701868380452269 -0.662047967150724 4.2035116318896408 0.39186529923390212 -0.66476311403078769 2.5172558643058736 2.8775961260131271 -0.66926218500895385 -0.66363956179557315 3.5981631387971817 4.204941227132978 4.2109709744446677 0.99518812659106171 4.2051216697778928 4.1881520144172528 0.97366692785173814 0.97366692785173814 0.99518812659106171 4.1317818897369714 4.1959841330863972
decision_type=2 2 2 2 2 2 2 2 2 2 2 2 2 2 2 2 2 2 2 2 2 2 2 2 2 2 2 2 2 2
left_child=2 8 14 6 -5 9 11 13 20 -6 17 -4 24 -3 15 -1 -16 -8 19 -19 -2 -10 23 -9 26 -26 28 29 -7 -27
right_child=1 7 3 4 5 12 10 22 21 -11 -12 -13 -14 -15 16 -17 -18 18 -20 -21 -22 -23 -24 -25 25 27 -28 -29 -30 -31
leaf_value=-0.074856395605863546 0.0057919949463270878 -0.0014060807164768237 -0.021373758949041463 -0.05804399698516112 0.051837724985530201 -0.052978631985477281 0.035603168614689588 0.0066011580016045656 0.0073137578192639958 -0.012561683880893263 0.061793885000603781 0.041158394142985347 -0.28705544454807586 -0.017861483412948572 -0.08665996107964255 -0.013814360615670422 -0.046336803127285393 -0.051744911092175487 0.012500503666455146 -0.00074225202822023604 0.025062996190518102 0.018926030625906691 -0.24004380132000033 -0.06448368346434076 -0.14874689003775771 -0.027363189235329627 -0.048341279159520953 -0.17665164435611053 0.041185786910464345 0.14632042584763397
leaf_weight=381 3002 6443 6327 3465 454 180 1070 187 19170 4814 476 363 22 13958 959 1330 2249 778 4250 1313 26860 11577 26 1235 196 85 2336 34 341 42
leaf_count=381 3002 6443 6327 3465 454 180 1070 187 19170 4814 476 363 22 13958 959 1330 2249 778 4250 1313 26860 11577 26 1235 196 85 2336 34 341 42
internal_value=0.000418221 0.00857257 -0.0209513 -0.0160107 -0.032094 -0.0215206 -0.0028049 -0.0156993 0.0173224 -0.0070117 0.0100677 -0.0179808 -0.0451401 -0.0126646 -0.0476137 -0.027407 -0.058391 0.00674543 0.00187589 -0.0197189 0.0231257 0.0116861 -0.0584559 -0.0551357 -0.0434841 -0.0877898 -0.0379479 -0.0135812 0.00865297 0.0300755
internal_weight=113923 82458 31465 26546 11969 8504 14577 21849 60609 5268 7887 6690 3236 20401 4919 1711 3208 7411 6341 2091 29862 30747 1448 1422 3214 357 2857 161 521 127
internal_count=113923 82458 31465 26546 11969 8504 14577 21849 60609 5268 7887 6690 3236 20401 4919 1711 3208 7411 6341 2091 29862 30747 1448 1422 3214 357 2857 161 521 127
is_linear=0
shrinkage=0.05


Tree=83
num_leaves=31
num_cat=0
split_feature=0 1 0 1 0 1 0 1 1 0 0 1 1 0 0 1 0 1 1 0 1 0 0 1 1 0 1 0 1 1
split_gain=7166.42 6323.93 1508.86 2344.71 1160.56 1056.29 1056.31 959.28 849.829 685.243 553.934 533.24 442.448 593.924 387.361 374.476 524.627 357.255 343.353 381.831 340.941 370.734 340.044 1041.44 928.298 580.891 448.33 379.011 1494.65 1843.37
threshold=4.2044682993536604 0.30238758275585748 3.2962372605943853 -0.0022132866865079664 4.0016850225900411 0.90581773459918347 4.163209113926416 0.8471138667079785 0.1300622843575869 3.5079858025000532 4.2117077052705172 -0.66926218500895385 -0.66369999296714022 3.5981631387971817 2.6743727390994265 0.99518812659106171 4.1108919008022484 0.04882569966417271 -0.66926218500895385 2.955481300684514 0.031197422311893905 4.1763048044315134 4.2094499233704212 0.72537656303778963 0.55552898264406514 4.2102196418742031 0.36656638181485618 4.20630787515175 0.64469578816960282 0.70837183041219554
decision_type=2 2 2 2 2 2 2 2 2 2 2 2 2 2 2 2 2 2 2 2 2 2 2 2 2 2 2 2 2 2
left_child=2 8 14 9 -5 6 -6 22 10 -4 17 -11 13 -13 -1 -7 -17 -2 19 -16 21 -8 27 24 26 -25 -24 28 -3 -30
right_child=1 7 3 4 5 15 20 -9 -10 11 -12 12 -14 -15 18 16 -18 -19 -20 -21 -22 -23 23 25 -26 -27 -28 -29 29 -31
leaf_value=-0.07158247465520684 0.024620535471523292 -0.038553584129020796 -0.012138649426422827 -0.055212716775375807 0.22870385665252493 -0.034768734384380932 -0.17593030065298082 -0.055533057472899175 0.0074153870015700486 0.044926739950372954 0.029498749574832894 -0.059243639411456953 0.014509876977248194 0.0030074842630376762 0.027350519275458032 -0.02424906548573175 -0.140231730353442 0.013033654019042407 -0.043292607993670705 -0.030511013850549242 -0.011450585234654823 0.0443249552046108 0.012840888320453828 -0.3972428107261658 0.088443070370379434 -0.099927451461553574 -0.018272037857368559 -0.021020003448265497 0.25827186655613688 0.024520841561603231
leaf_weight=893 9551 1081 5830 3344 48 3395 20 1448 19804 996 11198 535 4188 1350 386 182 210 21921 4348 1091 4222 427 2114 20 287 92 2560 11383 93 906
leaf_count=893 9551 1081 5830 3344 48 3395 20 1448 19804 996 11198 535 4188 1350 386 182 210 21921 4348 1091 4222 427 2114 20 287 92 2560 11383 93 906
internal_value=0.00039731 0.00814394 -0.0199037 -0.0141989 -0.0302576 -0.0204445 -0.00465517 -0.0163386 0.0159753 0.00055127 0.0199482 0.011017 0.00545564 -0.0146606 -0.0409184 -0.0401114 -0.0863826 0.01655 -0.0362174 -0.0153894 -0.00705423 0.0344701 -0.0132767 -0.00224439 0.00115952 -0.153019 -0.0042 -0.0174339 0.0021917 0.0462814
internal_weight=113923 82458 31465 24747 11848 8504 4717 19984 62474 12899 42670 7069 6073 1885 6718 3787 392 31472 5825 1477 4669 447 18536 5073 4961 112 4674 13463 2080 999
internal_count=113923 82458 31465 24747 11848 8504 4717 19984 62474 12899 42670 7069 6073 1885 6718 3787 392 31472 5825 1477 4669 447 18536 5073 4961 112 4674 13463 2080 999
is_linear=0
shrinkage=0.05


Tree=84
num_leaves=31
num_cat=0
split_feature=0 1 0 1 0 0 1 1 1 0 0 1 0 1 1 1 0 1 1 1 0 0 0 1 1 1 1 1 1 0
split_gain=6484.08 5713.69 1422.41 1631.46 1280.67 923.748 786.938 774.242 574.308 926.646 482.975 482.726 475.755 426.525 733.912 424.353 395.112 669.841 427.34 367.409 391.89 363.707 362.613 336.907 487.804 336.074 333.404 328.382 308.836 365.159
threshold=4.2045965417176916 0.30238758275585748 3.2090593733856294 -0.0022132866865079664 4.1959841330863972 3.4798280264228474 0.8471138667079785 0.10072043667280038 0.48363323162759736 4.2039867446699422 3.8701868380452269 -0.662047967150724 4.2050126521464852 0.92374597262104541 0.95832438602939451 0.8682140037659869 3.9345095588988146 0.8682140037659869 0.8471138667079785 -0.66476311403078769 2.955481300684514 2.5172558643058736 4.2113589837547467 -0.66926218500895385 -0.663836168103625 0.92374597262104541 0.94133524972883265 0.82659308966095224 0.95832438602939451 4.1481006113486876
decision_type=2 2 2 2 2 2 2 2 2 2 2 2 2 2 2 2 2 2 2 2 2 2 2 2 2 2 2 2 2 2
left_child=2 7 19 5 16 11 -3 -2 -6 13 23 -4 -8 15 26 -10 -5 18 27 21 -21 -1 -9 -7 -25 -14 -15 -18 -19 -30
right_child=1 6 3 4 8 10 12 22 9 -11 -12 -13 25 14 -16 -17 17 28 -20 20 -22 -23 -24 24 -26 -27 -28 -29 29 -31
leaf_value=-0.067534452565796585 0.020460087670486418 -0.012609008693783673 -0.019342237970021471 -0.053705954717956195 -0.0041348582994798861 0.031949998192641736 0.042416923516429964 0.0053828446746792 -0.067881655163087307 -0.17740110367950468 0.057955100332245435 0.039947717789735021 -0.04488645573651634 -0.050505776838822805 -0.0052838241884136487 0.094068197144475674 0.05940653025270342 -0.011961971680411486 0.21833460821824918 -0.074798526768871942 -0.039044267922108369 -0.012125205799466335 0.018133247581859677 -0.023828648864771061 0.0091762475952969266 -0.10255465252805535 -0.28981894476469172 -0.1077129466710864 -0.032858600902417677 -0.072390417711064456
leaf_weight=381 34476 18384 6327 3175 5283 1070 124 18945 63 126 476 363 959 22 139 113 143 1077 34 1266 1942 1330 7902 1452 4889 343 43 37 2250 789
leaf_count=381 34476 18384 6327 3175 5283 1070 124 18945 63 126 476 363 959 22 139 113 143 1077 34 1266 1942 1330 7902 1452 4889 343 43 37 2250 789
internal_value=0.000377445 0.00796078 -0.0183862 -0.0140112 -0.0266786 -0.00245872 -0.0153845 0.0155023 -0.00900875 -0.0598956 0.00913359 -0.0161252 -0.051166 -0.0209332 -0.0701362 0.0360975 -0.0403084 -0.0304845 0.0557623 -0.0431746 -0.0531543 -0.0244636 0.00913573 0.00599784 0.00161859 -0.0600786 -0.208821 0.0250542 -0.0349686 -0.043122
internal_weight=113923 81133 32790 27871 13294 14577 19810 61323 5789 506 7887 6690 1426 380 204 176 7505 4330 214 4919 3208 1711 26847 7411 6341 1302 65 180 4116 3039
internal_count=113923 81133 32790 27871 13294 14577 19810 61323 5789 506 7887 6690 1426 380 204 176 7505 4330 214 4919 3208 1711 26847 7411 6341 1302 65 180 4116 3039
is_linear=0
shrinkage=0.05


Tree=85
num_leaves=31
num_cat=0
split_feature=1 0 1 0 1 1 0 0 0 1 1 0 1 1 0 0 1 0 0 1 1 0 0 1 1 0 1 0 0 0
split_gain=5789.3 6531.24 1570.91 1169.33 1886.69 757.649 778.712 574.19 493.074 530.714 492.1 1711.9 6312.85 1008.95 1326.23 4273.95 660.574 1028.53 625.931 491.823 419.48 316.627 315.927 312.136 297.862 551.859 404.567 291.188 277.828 346.977
threshold=0.4013054117227623 3.7276973426772373 0.18180554087128556 3.2962372605943853 -0.0022132866865079664 0.99518812659106171 4.1108919008022484 4.2100283525022411 4.2120315195525455 0.04882569966417271 -0.66280767692497322 3.6723921289788319 -0.6616821142420839 -0.6616821142420839 3.5079858025000532 3.5981631387971817 -0.66476311403078769 3.4119034434975446 3.4798280264228474 -0.66335966830573134 0.82659308966095224 4.2070967715774277 4.2050126521464852 -0.66442365959318073 -0.66926218500895385 2.955481300684514 -0.66352079279499898 3.4656563857364762 3.5668801272128876 3.4388022870276038
decision_type=2 2 2 2 2 2 2 2 2 2 2 2 2 2 2 2 2 2 2 2 2 2 2 2 2 2 2 2 2 2
left_child=1 3 8 24 10 20 -7 -4 9 -3 16 13 -13 27 18 -16 28 19 -15 -18 -2 -22 -11 -19 -1 -26 -27 -12 29 -5
right_child=5 2 7 4 -6 6 -8 -9 -10 22 11 12 -14 14 15 -17 17 23 -20 -21 21 -23 -24 -25 25 26 -28 -29 -30 -31
leaf_value=-0.020316998126934049 -0.017465903942202907 0.022873578297067012 -0.0081658916933643778 0.028908873476503838 -0.047866386874289166 -0.021034143709166106 -0.15439359084807436 0.0096395965154204722 0.026280214167875005 -0.0032610846327974057 0.00084372578752697064 0.045413851513438033 -0.59614607187417845 0.086488329370816561 0.62511580193584626 -0.098775590093512292 -0.079010559127948535 -0.065521922464849378 -0.17585391998291017 -0.021156145200676543 -0.029813946237166929 -0.071182232302711687 0.012678645291927247 -0.0013919361192497814 -0.070322336939289021 -0.056218736473983594 -0.019962953038975644 0.038713863066736132 0.048902923632333478 -0.02014015362604489
leaf_weight=2000 13440 13121 10012 789 2758 215 223 8266 10984 3504 1090 146 52 144 44 38 783 198 27 692 5751 503 27548 4549 1353 1179 2215 950 526 664
leaf_count=2000 13440 13121 10012 789 2758 215 223 8266 10984 3504 1090 146 52 144 44 38 783 198 27 692 5751 503 27548 4549 1353 1179 2215 950 526 664
internal_value=0.000434545 0.00566467 0.0125901 -0.0195158 -0.0109948 -0.0238903 -0.0889318 -0.000113579 0.0167999 0.0144425 -0.00148383 0.0179793 -0.123077 0.0301595 0.124339 0.289654 -0.00739563 -0.0153987 0.0450659 -0.051868 -0.0224437 -0.0331411 0.01088 -0.00406683 -0.0365021 -0.0433212 -0.0325574 0.0184793 0.017766 0.00649418
internal_weight=113764 93632 73435 20197 13450 20132 438 18278 55157 44173 10692 2491 198 2293 253 82 8201 6222 171 1475 19694 6254 31052 4747 6747 4747 3394 2040 1979 1453
internal_count=113764 93632 73435 20197 13450 20132 438 18278 55157 44173 10692 2491 198 2293 253 82 8201 6222 171 1475 19694 6254 31052 4747 6747 4747 3394 2040 1979 1453
is_linear=0
shrinkage=0.05


Tree=86
num_leaves=31
num_cat=0
split_feature=1 0 1 1 0 1 0 0 1 0 1 0 0 0 1 1 0 0 1 0 0 1 0 0 0 0 1 0 1 0
split_gain=5224.84 5894.44 1417.74 1065.94 1708.52 683.779 702.787 541.667 4234.11 1365.95 1147.41 5592.61 1034.6 518.206 452.269 1054.12 706.949 607.787 535.171 451.09 445.75 480.238 427.592 407.653 483.225 548.342 378.581 331.372 297.136 290.708
threshold=0.4013054117227623 3.7276973426772373 0.18180554087128556 -0.6616821142420839 3.3976557356948374 0.99518812659106171 4.1108919008022484 3.6144161971290862 -0.0022132866865079664 3.6723921289788319 -0.0022132866865079664 3.5079858025000532 3.0674868398523891 4.2100283525022411 -0.66476311403078769 -0.66401739011758709 3.3329922903862736 2.955481300684514 -0.66280767692497322 3.4798280264228474 4.2121265642130519 0.04882569966417271 3.645893636145678 3.3505180837725921 3.3976557356948374 3.4119034434975446 0.82659308966095224 3.5668801272128876 -0.66274421679704876 4.2050474292910884
decision_type=2 2 2 2 2 2 2 2 2 2 2 2 2 2 2 2 2 2 2 2 2 2 2 2 2 2 2 2 2 2
left_child=1 3 20 4 14 26 -7 10 9 -9 11 12 -5 -4 16 -16 -1 -17 -19 23 21 -3 28 -14 -25 -26 -2 -13 -6 -23
right_child=5 2 13 7 22 6 -8 8 -10 -11 -12 27 19 -15 15 17 -18 18 -20 -21 -22 29 -24 24 25 -27 -28 -29 -30 -31
leaf_value=-0.02170885395475522 -0.016592608633928606 0.021800729083907559 -0.0077575971406897695 -0.20359309926510805 -0.0068476711800623761 -0.019982436189731195 -0.14667391109409755 -0.15114602446556091 -0.045501923432263239 -0.56633877662511967 -0.0457512529920025 0.65311299085617069 -0.026803827622244439 0.0091576167849910014 -0.095000859250643332 -0.061371860585586469 0.052618145345004558 -0.031786369441611485 0.0069635273495611731 -0.16706121939199944 0.025369292355901036 -0.0026423988920256884 0.028899915362665632 0.26883988176073348 -0.18041907310485841 0.12457656179155624 -0.031484079395115404 0.39036631792783738 0.020630557559827747 0.012217768356921316
leaf_weight=2405 13440 13260 10012 63 5400 215 223 32 1920 52 1076 30 93 8266 677 1129 369 2948 1277 27 10248 3731 1365 35 20 56 6254 20 1203 27918
leaf_count=2405 13440 13260 10012 63 5400 215 223 32 1920 52 1076 30 93 8266 677 1129 369 2948 1277 27 10248 3731 1365 35 20 56 6254 20 1203 27918
internal_value=0.000412818 0.00538143 0.0119606 -0.01854 -0.0133502 -0.0226957 -0.0844852 -0.0439632 -0.0607036 -0.40817 -0.0203381 0.0591519 -0.023988 -0.0001079 -0.0285306 -0.0362159 -0.0118218 -0.0287827 -0.0200743 0.0249952 0.0159599 0.0138127 0.00342489 0.0504144 0.115111 0.0443146 -0.0213215 0.548014 -0.00184142 0.010466
internal_weight=113764 93632 73435 20197 16773 20132 438 3424 2004 84 1420 344 294 18278 8805 6031 2774 5354 4225 231 55157 44909 7968 204 111 76 19694 50 6603 31649
internal_count=113764 93632 73435 20197 16773 20132 438 3424 2004 84 1420 344 294 18278 8805 6031 2774 5354 4225 231 55157 44909 7968 204 111 76 19694 50 6603 31649
is_linear=0
shrinkage=0.05


Tree=87
num_leaves=31
num_cat=0
split_feature=1 0 1 1 0 1 0 1 1 0 0 1 0 1 0 1 0 0 0 0 0 1 0 1 1 0 0 0 0 0
split_gain=4715.42 5319.73 1279.51 962.007 1547.78 617.11 634.266 507.752 913.548 852.602 531.677 498.928 488.855 3821.28 1232.77 1035.54 5074.57 1044.02 671.886 467.681 403.289 432.371 364.025 341.669 305.426 285.756 258.049 250.764 369.475 237.222
threshold=0.4013054117227623 3.7276973426772373 0.18180554087128556 -0.6616821142420839 3.4119034434975446 0.99518812659106171 4.1108919008022484 -0.66476311403078769 -0.66401739011758709 3.3329922903862736 2.955481300684514 -0.66280767692497322 3.6144161971290862 -0.0022132866865079664 3.6723921289788319 -0.0022132866865079664 3.5221603261481738 3.2562269708225906 3.5668801272128876 4.2100283525022411 4.2120315195525455 0.04882569966417271 3.645893636145678 0.82659308966095224 -0.66274421679704876 4.2070967715774277 4.2050126521464852 2.5172558643058736 2.955481300684514 4.2080529843511281
decision_type=2 2 2 2 2 2 2 2 2 2 2 2 2 2 2 2 2 2 2 2 2 2 2 2 2 2 2 2 2 2
left_child=1 3 20 4 7 23 -7 9 -9 27 -10 -12 15 14 -14 16 17 -5 -18 -4 21 -3 24 -2 -6 -25 -23 -1 -29 -27
right_child=5 2 19 12 22 6 -8 8 10 -11 11 -13 13 -15 -16 -17 18 -19 -20 -21 -22 26 -24 25 -26 29 -28 28 -30 -31
leaf_value=-0.058069698223646542 -0.015762978606832553 0.020639862784333846 -0.0073697171955597815 -0.14097435626218904 -0.0062419810154430641 -0.018983314743476684 -0.13934021424376844 -0.087925590402064144 -0.058303268094456566 0.05493244934132812 -0.030978342778492398 0.0050254835610885375 -0.143588724732399 -0.043226827271282679 -0.53802183499703049 -0.043463690421062691 0.77578265326363705 0.05363308475707388 0.37084794580936431 0.0086997356681278708 0.023735737163028035 -0.0029659104100092301 0.027454919453178135 -0.026749044775652125 0.022747121708363186 -0.09871974387417802 0.011439947013985994 0.019223190492372373 -0.027512378589131532 -0.029960639823898363
leaf_weight=377 13440 13121 10012 106 5091 215 223 706 1129 442 3142 1387 32 1920 52 1076 21 197 20 8266 10984 3504 1365 5751 1106 264 27548 601 1427 239
leaf_count=377 13440 13121 10012 106 5091 215 223 706 1129 442 3142 1387 32 1920 52 1076 21 197 20 8266 10984 3504 1365 5751 1106 264 27548 601 1427 239
internal_value=0.000392177 0.00511236 0.0113626 -0.017613 -0.0126827 -0.021561 -0.0802609 -0.0264448 -0.0342966 -0.00889328 -0.0276048 -0.0199522 -0.0417651 -0.0576684 -0.387762 -0.0193212 0.0561943 -0.0144474 0.578254 -0.000102505 0.0151619 0.0130299 0.00408045 -0.0202554 -0.0010682 -0.0299099 0.00981435 -0.0206234 -0.0136622 -0.0660489
internal_weight=113764 93632 73435 20197 16773 20132 438 9211 6364 2847 5658 4529 3424 2004 84 1420 344 303 41 18278 55157 44173 7562 19694 6197 6254 31052 2405 2028 503
internal_count=113764 93632 73435 20197 16773 20132 438 9211 6364 2847 5658 4529 3424 2004 84 1420 344 303 41 18278 55157 44173 7562 19694 6197 6254 31052 2405 2028 503
is_linear=0
shrinkage=0.05


Tree=88
num_leaves=31
num_cat=0
split_feature=1 0 1 1 0 1 0 1 1 0 0 0 1 0 1 0 0 0 0 0 1 0 0 0 0 1 0 0 1 1
split_gain=4255.67 4801.06 1154.76 868.211 1396.87 556.942 572.425 458.246 833.213 769.473 554.47 441.191 3448.71 1112.57 934.574 4593.28 866.87 422.082 415.232 364.629 391.817 343.762 436.11 494.879 334.119 311.368 536.855 598.385 1049.89 1587.9
threshold=0.4013054117227623 3.7276973426772373 0.18180554087128556 -0.6616821142420839 3.4119034434975446 0.99518812659106171 4.1108919008022484 -0.66476311403078769 -0.66352079279499898 3.3329922903862736 2.8775961260131271 3.6144161971290862 -0.0022132866865079664 3.6723921289788319 -0.0022132866865079664 3.5079858025000532 3.0674868398523891 4.2100283525022411 3.4798280264228474 4.2121265642130519 0.04882569966417271 3.3505180837725921 3.3976557356948374 3.4119034434975446 3.6838237122462423 0.69194094421133112 4.2067386580003294 4.2073187007920287 0.49456154115686563 0.59821005442195807
decision_type=2 2 2 2 2 2 2 2 2 2 2 2 2 2 2 2 2 2 2 2 2 2 2 2 2 2 2 2 2 2
left_child=1 3 19 4 7 25 -7 9 -9 -1 -10 14 13 -13 15 16 -5 -4 21 20 -3 -18 -23 -24 -6 26 -2 28 -28 -30
right_child=5 2 17 11 24 6 -8 8 10 -11 -12 12 -14 -15 -16 -17 18 -19 -20 -21 -22 22 23 -25 -26 -27 27 -29 29 -31
leaf_value=-0.019592240167728588 -0.042271608981572582 0.019677076715161314 -0.0070012313278780304 -0.18636472343637178 0.00058877603564781711 -0.018034149568181401 -0.1323732051012762 -0.059932731116497308 -0.060403401364749754 0.052185825679695652 -0.012745048840744143 -0.13640927970409394 -0.041065485849976546 -0.5111207430179302 -0.041290505828688984 0.49642252302169798 -0.023646310436469253 0.0082647492590121573 -0.16138979593912761 0.022914040733256907 0.0094388055113520056 0.25271623475211008 -0.17407974243164062 0.11566608122416906 0.037474850131513464 -0.025825149917977176 -0.10149601398802854 -0.013356338283917916 0.13464868532084837 -0.0049279689980103016
leaf_weight=2405 1379 13260 10012 63 6888 215 223 1937 731 442 3696 32 1920 52 1076 50 93 8266 27 10248 31649 35 20 56 674 9395 136 7918 328 538
leaf_count=2405 1379 13260 10012 63 6888 215 223 1937 731 442 3696 32 1920 52 1076 50 93 8266 27 10248 31649 35 20 56 674 9395 136 7918 328 538
internal_value=0.000372568 0.00485674 0.0107944 -0.0167324 -0.0120485 -0.0204829 -0.0762479 -0.0251225 -0.0325818 -0.00844861 -0.0206145 -0.0396768 -0.054785 -0.368374 -0.0183551 0.0533846 -0.021962 -9.73799e-05 0.0228751 0.0144038 0.0124618 0.0472631 0.106674 0.0394172 0.00387643 -0.0192427 -0.013238 -0.00874949 0.0276548 0.0479371
internal_weight=113764 93632 73435 20197 16773 20132 438 9211 6364 2847 4427 3424 2004 84 1420 344 294 18278 231 55157 44909 204 111 76 7562 19694 10299 8920 1002 866
internal_count=113764 93632 73435 20197 16773 20132 438 9211 6364 2847 4427 3424 2004 84 1420 344 294 18278 231 55157 44909 204 111 76 7562 19694 10299 8920 1002 866
is_linear=0
shrinkage=0.05


Tree=89
num_leaves=31
num_cat=0
split_feature=1 0 1 1 0 1 1 1 0 0 1 0 1 0 1 0 0 0 0 0 1 0 0 1 1 0 1 0 1 0
split_gain=3840.74 4332.96 1042.47 783.561 1260.68 519.062 413.567 780.81 694.449 445.12 429.53 398.175 3112.46 1004.1 843.453 4179.82 855.139 606.377 379.272 306.821 278.619 278.21 265.824 411.727 257.704 288.241 254.962 519.804 227.554 226.315
threshold=0.4013054117227623 3.7276973426772373 0.11521755792358598 -0.6616821142420839 3.4119034434975446 0.95832438602939451 -0.66476311403078769 -0.66401739011758709 3.3329922903862736 2.955481300684514 -0.66280767692497322 3.6144161971290862 -0.0022132866865079664 3.6723921289788319 -0.0022132866865079664 3.5221603261481738 3.2562269708225906 3.5668801272128876 4.2106484328702471 3.645893636145678 -0.66292656314367393 3.4388022870276038 4.2052027035499506 0.037513468545582969 0.048138544056856865 4.213483268661812 0.99518812659106171 4.0844980415780485 0.031197422311893905 2.5172558643058736
decision_type=2 2 2 2 2 2 2 2 2 2 2 2 2 2 2 2 2 2 2 2 2 2 2 2 2 2 2 2 2 2
left_child=1 3 22 4 6 -2 8 -8 29 -9 -11 14 13 -13 15 16 -5 -17 -4 20 -6 -22 23 -3 28 -26 -7 -28 -24 -1
right_child=5 2 18 11 19 26 7 9 -10 10 -12 12 -14 -15 -16 17 -18 -19 -20 -21 21 -23 24 -25 25 -27 27 -29 -30 -31
leaf_value=-0.054186604369495961 -0.015717973219240258 0.019054627902102331 -0.00094035873843692757 -0.1279078227169109 -0.007283123541897283 -0.031724071029501387 -0.080532673646223657 -0.05285479418189272 0.049576535438739473 -0.027994698086190456 0.0054114618647392717 -0.12958880960941316 -0.039012211575172845 -0.48556470962671139 -0.039225980564674925 0.71217238562447693 0.048218251605929463 0.32748447239398959 0.010591383684728329 0.025142067676749522 -0.030894674917628224 0.026087601608586308 -0.00057051553102619357 -0.0027902451061599864 0.013419897865967652 0.036257620636391534 -0.0030483103518982135 -0.11519435701335048 0.027280963606882893 -0.011999517847987994
leaf_weight=377 16541 4078 19622 106 4603 3153 706 1129 442 3142 1387 32 1920 52 1076 21 197 20 11200 1365 255 1339 808 4579 23740 1467 167 271 7941 2028
leaf_count=377 16541 4078 19622 106 4603 3153 706 1129 442 3142 1387 32 1920 52 1076 21 197 20 11200 1365 255 1339 808 4579 23740 1467 167 271 7941 2028
internal_value=0.000353939 0.00461391 0.0102547 -0.0158957 -0.0114461 -0.0194588 -0.0238664 -0.0309527 -0.00802618 -0.0247661 -0.0177641 -0.037693 -0.0520457 -0.349955 -0.0174374 0.0507153 -0.0133968 0.52452 0.00325001 0.00368261 -0.00104422 0.0169719 0.0153212 0.00750009 0.0173152 0.014749 -0.0366897 -0.0724355 0.0247088 -0.0186126
internal_weight=113764 93632 73435 20197 16773 20132 9211 6364 2847 5658 4529 3424 2004 84 1420 344 303 41 30822 7562 6197 1594 42613 8657 33956 25207 3591 438 8749 2405
internal_count=113764 93632 73435 20197 16773 20132 9211 6364 2847 5658 4529 3424 2004 84 1420 344 303 41 30822 7562 6197 1594 42613 8657 33956 25207 3591 438 8749 2405
is_linear=0
shrinkage=0.05


Tree=90
num_leaves=31
num_cat=0
split_feature=0 1 0 1 0 1 1 0 1 0 0 0 1 1 0 1 0 0 0 1 1 1 1 0 1 1 1 1 1 1
split_gain=3934.4 3800.19 956.848 1084.66 717.908 827.361 1143.44 537.749 509.252 1128.32 757.465 760.943 1119.8 704.635 690.716 2415.68 692.14 608.248 553.805 548.977 542.078 529.043 515.342 1191.22 980.73 552.442 494.005 2814.25 923.289 891.084
threshold=4.2045965417176916 0.27368111193524619 3.2962372605943853 -0.0022132866865079664 4.1763048044315134 0.94133524972883265 0.97366692785173814 3.5079858025000532 0.67611158993753573 4.2067386580003294 4.2068496107325712 4.2073187007920287 0.49456154115686563 0.90581773459918347 4.2082787309598624 0.74424765479753441 4.2092521302304364 4.2104436574005799 4.2089699472680069 0.59821005442195807 0.74424765479753441 0.37425178688405297 0.70837183041219554 4.206360742460606 0.72537656303778963 0.69194094421133112 0.52999857268208184 0.59821005442195807 0.64469578816960282 0.56918043419434328
decision_type=2 2 2 2 2 2 2 2 2 2 2 2 2 2 2 2 2 2 2 2 2 2 2 2 2 2 2 2 2 2
left_child=2 -2 -1 7 -5 -6 -7 -4 10 13 21 12 -12 22 20 16 -16 18 -17 -14 -11 -3 23 -10 -24 -25 -23 29 -29 -28
right_child=1 8 3 4 5 6 -8 -9 9 14 11 -13 19 -15 15 17 -18 -19 -20 -21 -22 26 24 25 -26 -27 27 28 -30 -31
leaf_value=-0.031827258788854035 0.011994748523741307 0.002556880947646745 -0.011689412160255827 -0.032743003389377329 -0.0038557331592787417 -0.13752020463048895 -6.6846285626525066e-05 0.0089007449820775568 0.2708794911254625 -0.086365220761724884 -0.096333056547807466 -0.0068838679573517319 0.1264498444215211 -0.069050529125404783 0.13534112095992273 -0.081186063564588545 -0.045099985243669205 -0.029862699172913267 -0.2571462141500937 0.030410941264538971 -0.037075435207851483 -0.080767339863962728 -0.13107945445602334 -0.1144870781472751 0.012785768115160424 0.11183633304183156 0.47705317139625553 -0.1465280160451857 0.0083082938522824803 0.13290408556199362
leaf_weight=6766 59399 545 5764 6432 6119 287 320 7049 61 1050 116 13762 269 321 257 113 67 234 74 333 1190 785 127 56 1762 52 27 207 180 62
leaf_count=6766 59399 545 5764 6432 6119 287 320 7049 61 1050 116 13762 269 321 257 113 67 234 74 333 1190 785 127 56 1762 52 27 207 180 62
internal_value=-0.000450593 0.00545836 -0.0150797 -0.0107167 -0.0208 -0.00937897 -0.0650571 -0.000361853 -0.0124749 -0.0258369 -0.00807397 -0.00426579 0.0459153 -0.000149611 -0.0463092 -0.00460369 0.0980277 -0.0835884 -0.150817 0.0733253 -0.06018 -0.038607 0.0105973 0.0942477 0.00311352 -0.00551655 -0.0563978 -0.0162087 -0.0745111 0.237309
internal_weight=113786 81049 32737 25971 13158 6726 607 12813 21650 5364 16286 14480 718 2379 2985 745 324 421 187 602 2240 1806 2058 169 1889 108 1261 476 387 89
internal_count=113786 81049 32737 25971 13158 6726 607 12813 21650 5364 16286 14480 718 2379 2985 745 324 421 187 602 2240 1806 2058 169 1889 108 1261 476 387 89
is_linear=0
shrinkage=0.05


Tree=91
num_leaves=31
num_cat=0
split_feature=0 1 0 1 0 1 1 0 1 1 1 1 1 1 0 0 1 1 0 1 1 1 1 0 1 0 1 1 0 0
split_gain=3550.79 3429.67 863.555 978.905 647.912 746.694 1031.96 485.319 488.438 463.431 460.579 418.282 365.749 383.049 423.715 295.192 295.18 296.719 288.918 293.377 278.344 338.614 268.936 283.578 221.937 1751.83 3535.25 1343.26 1181.45 855.055
threshold=4.2045965417176916 0.27368111193524619 3.2962372605943853 -0.0022132866865079664 4.1763048044315134 0.94133524972883265 0.97366692785173814 3.5079858025000532 -0.66476311403078769 0.1300622843575869 0.90581773459918347 -0.663836168103625 0.99518812659106171 0.99350906400522165 4.1959841330863972 4.2050834773621171 0.92374597262104541 0.031197422311893905 3.5221603261481738 -0.66401739011758709 -0.6616821142420839 -0.0022132866865079664 0.38248090967220355 4.210939725719931 -0.66237459076634098 3.5981631387971817 -0.6616821142420839 -0.6616821142420839 3.7107793083163441 3.5367771867072357
decision_type=2 2 2 2 2 2 2 2 2 2 2 2 2 2 2 2 2 2 2 2 2 2 2 2 2 2 2 2 2 2
left_child=2 9 20 7 -5 16 -7 -4 -9 15 22 18 13 14 -8 -2 17 -6 19 -10 -1 -22 -3 -24 -13 26 -26 -27 -29 -28
right_child=1 10 3 4 5 6 12 8 11 -11 -12 24 -14 -15 -16 -17 -18 -19 -20 -21 21 -23 23 -25 25 27 29 28 -30 -31
leaf_value=-0.02772092940728238 0.0013115880170631901 -0.0016691804182208737 -0.011104941044391647 -0.031105853219592812 0.031985398241596852 -0.13064418892613014 -0.037322895463107492 0.038280467259131451 -0.042247943056596293 0.004573200198913884 -0.057362229784484957 0.0059406528043532596 -0.118703383869595 0.16457940880663513 0.13016788566795487 0.015616493959434777 0.090564368955972724 -0.0082702349442811858 -0.01710352712810331 -0.26964988935252893 -0.13452979925829564 -0.037067784941663927 -0.013000231088433709 -0.052659333633904862 0.034264702756061326 0.041910725125489989 0.28476264590308781 -0.28889403865761953 0.083818264603614814 0.70682484550135483
leaf_weight=6374 3986 5945 5764 6432 499 287 177 1149 37 17543 542 4091 54 41 48 37870 82 5538 1253 23 137 255 14698 465 144 200 21 73 30 28
leaf_count=6374 3986 5945 5764 6432 499 287 177 1149 37 17543 542 4091 54 41 48 37870 82 5538 1253 23 137 255 14698 465 144 200 21 73 30 28
internal_value=-0.000428063 0.00518544 -0.0143258 -0.0101808 -0.01976 -0.00891002 -0.0618043 -0.00034376 0.00845571 0.011395 -0.0118512 0.00264746 -6.3503e-05 0.0240213 -0.00159153 0.0142542 -0.00366295 -0.00494283 -0.022236 -0.129419 -0.0302359 -0.0711298 -0.0106825 -0.0142164 0.00977019 0.0413562 0.159094 -0.0336389 -0.180337 0.525941
internal_weight=113786 81049 32737 25971 13158 6726 607 12813 7049 59399 21650 5900 320 266 225 41856 6119 6037 1313 60 6766 392 21108 15163 4587 496 193 303 103 49
internal_count=113786 81049 32737 25971 13158 6726 607 12813 7049 59399 21650 5900 320 266 225 41856 6119 6037 1313 60 6766 392 21108 15163 4587 496 193 303 103 49
is_linear=0
shrinkage=0.05


Tree=92
num_leaves=31
num_cat=0
split_feature=0 1 0 1 1 1 0 1 0 1 1 0 0 1 1 0 1 1 1 0 1 0 0 0 0 1 1 0 1 0
split_gain=3236.34 1695.5 1965.89 1196.95 846.251 925.862 652.427 489.503 484.997 428.144 680.325 632.719 504.083 389.452 452.693 383.047 1011.54 508.5 878.75 813.867 683.374 415.402 389.403 737.881 360.299 1036.87 406.913 331.473 308.834 396.411
threshold=4.2085508141781736 0.61379160706171965 3.4388022870276038 0.1300622843575869 0.74424765479753441 0.59821005442195807 4.2103275741755049 0.36656638181485618 4.2089699472680069 -0.66476311403078769 -0.66352079279499898 3.3329922903862736 2.6743727390994265 0.037513468545582969 0.048138544056856865 4.2064204226126582 0.88866561193202009 0.70837183041219554 0.72537656303778963 4.2062499956048134 0.74424765479753441 4.2054927870493648 4.2049753771465506 4.2052027035499506 4.2050834773621171 0.48363323162759736 0.035526590940496004 4.2061910970066689 0.82659308966095224 4.1881520144172528
decision_type=2 2 2 2 2 2 2 2 2 2 2 2 2 2 2 2 2 2 2 2 2 2 2 2 2 2 2 2 2 2
left_child=1 2 9 13 5 7 8 -5 -6 11 -11 -1 -12 -2 -15 16 17 19 -19 -3 27 22 28 -24 25 -4 -26 -20 -22 -30
right_child=3 15 24 4 6 -7 -8 -9 -10 10 12 -13 -14 14 -16 -17 -18 18 20 -21 21 -23 23 -25 26 -27 -28 -29 29 -31
leaf_value=-0.018377624946360603 -0.014617212665487184 0.20895019109234397 -0.0024886219296487429 0.0035708412588021155 -0.059368582375879803 0.056745159694136862 -0.02709006148099434 -0.01423134839178012 -0.25807052033350752 -0.053534526440664358 -0.08368367272610433 0.0401354488092239 -0.01688455474332741 0.030374607226930972 0.013653285123073934 -0.037858315334511138 -0.030401493369139377 -0.15986461473459548 0.25266466362531798 -0.022947669321749832 0.15519544312264771 -0.017151207986491671 0.2000696311087421 0.023241569127355304 0.03421696266123566 -0.17253824144601823 0.0043316464378813091 0.010316103058201928 0.075046844073836147 -0.036798295063962198
leaf_weight=2385 1035 81 22549 18558 56 738 240 4876 68 2123 298 573 5403 4921 22807 4230 4973 77 43 71 32 845 89 175 1234 90 14796 21 109 290
leaf_count=2385 1035 81 22549 18558 56 738 240 4876 68 2123 298 573 5403 4921 22807 4230 4973 77 43 71 32 845 89 175 1234 90 14796 21 109 290
internal_value=-0.00040666 -0.00832222 -0.00436758 0.0085764 0.000463747 0.00160324 -0.0752062 -0.000133327 -0.168334 -0.0232472 -0.0293736 -0.00704294 -0.0203762 0.0154968 0.0166209 -0.0260424 -0.0186988 0.0130512 0.00513218 0.100629 0.0130529 0.00639971 0.0350336 0.0828541 0.000896594 -0.00316464 0.00663224 0.173144 0.00574212 -0.00624411
internal_weight=113786 60487 49451 53299 24536 24172 364 23434 124 10782 7824 2958 5701 28763 27728 11036 6806 1833 1681 152 1604 1540 695 264 38669 22639 16030 64 431 399
internal_count=113786 60487 49451 53299 24536 24172 364 23434 124 10782 7824 2958 5701 28763 27728 11036 6806 1833 1681 152 1604 1540 695 264 38669 22639 16030 64 431 399
is_linear=0
shrinkage=0.05


Tree=93
num_leaves=31
num_cat=0
split_feature=0 1 0 1 1 1 0 1 0 1 1 0 0 1 1 0 1 1 1 0 1 0 0 0 1 0 1 1 0 1
split_gain=2920.8 1530.19 1774.22 1080.24 763.742 835.59 588.816 441.776 437.71 386.4 634.437 571.029 448.608 351.48 408.556 345.7 912.914 458.921 793.071 734.515 616.745 374.9 351.436 665.938 328.245 616.863 939.225 506.09 459.959 520.941
threshold=4.2085508141781736 0.61379160706171965 3.4388022870276038 0.1300622843575869 0.74424765479753441 0.59821005442195807 4.2103275741755049 0.36656638181485618 4.2089699472680069 -0.66476311403078769 -0.663836168103625 3.3329922903862736 3.017657434145895 0.037513468545582969 0.048138544056856865 4.2064204226126582 0.88866561193202009 0.70837183041219554 0.72537656303778963 4.2062499956048134 0.74424765479753441 4.2054927870493648 4.2049753771465506 4.2052027035499506 0.21308951405532847 3.7899177110824094 -0.0022132866865079664 0.037513468545582969 4.2067386580003294 0.52999857268208184
decision_type=2 2 2 2 2 2 2 2 2 2 2 2 2 2 2 2 2 2 2 2 2 2 2 2 2 2 2 2 2 2
left_child=1 2 9 13 5 7 8 -5 -6 11 -11 -1 -12 -2 -15 16 17 19 -19 -3 -20 22 -22 -24 25 26 -4 -27 29 -26
right_child=3 15 24 4 6 -7 -8 -9 -10 10 12 -13 -14 14 -16 -17 -18 18 20 -21 21 -23 23 -25 28 27 -28 -29 -30 -31
leaf_value=-0.017458743574818331 -0.013886352238683414 0.19850267905879904 0.0017802710891452408 0.0033922994369632951 -0.056400152043040309 0.053907900218041697 -0.025735559093882334 -0.013519781351895169 -0.24516699417110754 -0.062310158115485195 -0.04710805823973143 0.038128676380064945 -0.015322543430216008 0.028855877362902127 0.012970620929717711 -0.035965399282096043 -0.028881418398041533 -0.15187138345866624 0.16448684106580913 -0.021800286949835195 0.0054550146187057075 -0.01629364655964826 0.19006615048379041 0.022079492145351001 -0.020848280546291859 0.023299514606013663 -0.033734016680902666 0.0041478054101389021 0.0054238265513365065 0.08424694484392227
leaf_weight=2385 1035 81 7793 18558 56 738 240 4876 68 1144 1406 573 5274 4921 22807 4230 4973 77 64 71 431 845 89 175 4622 4429 2446 15597 3661 121
leaf_count=2385 1035 81 7793 18558 56 738 240 4876 68 1144 1406 573 5274 4921 22807 4230 4973 77 64 71 431 845 89 175 4622 4429 2446 15597 3661 121
internal_value=-0.000386327 -0.0079061 -0.00414921 0.00814758 0.00044056 0.00152308 -0.0714459 -0.00012666 -0.159917 -0.0220849 -0.0279049 -0.0066908 -0.0220127 0.014722 0.0157898 -0.0247403 -0.0177638 0.0123987 0.00487557 0.095598 0.0124002 0.00607973 0.0332819 0.0787114 0.000851764 0.00327927 -0.00670376 0.00838345 -0.00789032 -0.0181672
internal_weight=113786 60487 49451 53299 24536 24172 364 23434 124 10782 7824 2958 6680 28763 27728 11036 6806 1833 1681 152 1604 1540 695 264 38669 30265 10239 20026 8404 4743
internal_count=113786 60487 49451 53299 24536 24172 364 23434 124 10782 7824 2958 6680 28763 27728 11036 6806 1833 1681 152 1604 1540 695 264 38669 30265 10239 20026 8404 4743
is_linear=0
shrinkage=0.05


Tree=94
num_leaves=31
num_cat=0
split_feature=0 1 0 1 1 1 1 1 1 1 0 0 1 1 0 1 1 1 1 1 0 1 0 0 1 1 0 1 0 1
split_gain=2636.02 1380.99 1601.23 974.92 689.277 754.12 542.427 398.703 348.726 578.688 515.353 409.02 317.409 346.416 311.994 823.905 414.176 715.747 699.4 556.612 338.347 324.698 402.922 303.948 926.027 364.779 299.155 294.212 567.788 308.05
threshold=4.2085508141781736 0.61379160706171965 3.4388022870276038 0.1300622843575869 0.74424765479753441 0.59821005442195807 0.8471138667079785 0.36656638181485618 -0.66476311403078769 -0.66401739011758709 3.3329922903862736 2.6743727390994265 0.035526590940496004 0.023304082315542939 4.2064204226126582 0.88866561193202009 0.70837183041219554 0.72537656303778963 0.67611158993753573 0.74424765479753441 4.2054927870493648 0.80403983572463045 4.2053251092588484 4.2050834773621171 0.48363323162759736 0.1503227300650993 4.2061910970066689 -0.66476311403078769 3.5079858025000532 -0.66442365959318073
decision_type=2 2 2 2 2 2 2 2 2 2 2 2 2 2 2 2 2 2 2 2 2 2 2 2 2 2 2 2 2 2
left_child=1 2 8 12 5 7 -6 -5 10 -10 -1 -11 13 -2 15 16 18 -18 -3 26 21 22 -21 24 27 -25 -19 28 -4 -29
right_child=3 14 23 4 6 -7 -8 -9 9 11 -12 -13 -14 -15 -16 -17 17 19 -20 20 -22 -23 -24 25 -26 -27 -28 29 -30 -31
leaf_value=-0.016585806783513891 0.024870017264313322 -0.0095966680849223981 -0.035749092493464904 0.0032226844516244158 -0.12758307431584165 0.051212506503343774 -0.005480514937917587 -0.012843792695989193 -0.068210026741411287 -0.076863353302809773 0.03622224339646455 -0.019436330698683595 0.014782661126382022 -0.050051796862395817 -0.034167129760349378 -0.027437346889038747 -0.14427782126684227 0.231807086495466 0.20537580495674007 0.20778765383142012 -0.015478964691221184 0.017281385377528501 0.010810642242431641 0.012260535708346725 -0.16298568935857879 -0.0031233585516469977 0.001575956866145134 -0.057277547738241667 0.03621176527080542 -0.003127035395963219
leaf_weight=2385 254 81 360 18558 186 738 178 4876 752 325 573 6747 28116 393 4230 4973 77 43 71 54 845 591 50 9587 90 6443 21 266 1149 20774
leaf_count=2385 254 81 360 18558 186 738 178 4876 752 325 573 6747 28116 393 4230 4973 77 43 71 54 845 591 50 9587 90 6443 21 266 1149 20774
internal_value=-0.000367011 -0.0075108 -0.00394174 0.0077402 0.000418532 0.00144693 -0.0678736 -0.000120328 -0.0209806 -0.0265096 -0.00635626 -0.0220754 0.0139859 -0.0206389 -0.0235033 -0.0168756 0.0117787 0.00463179 0.0908181 0.0117802 0.00577574 0.0316178 0.113087 0.000809176 -0.00292097 0.00607723 0.156262 -0.00228211 0.0190442 -0.00381164
internal_weight=113786 60487 49451 53299 24536 24172 364 23434 10782 7824 2958 7072 28763 647 11036 6806 1833 1681 152 1604 1540 695 104 38669 22639 16030 64 22549 1509 21040
internal_count=113786 60487 49451 53299 24536 24172 364 23434 10782 7824 2958 7072 28763 647 11036 6806 1833 1681 152 1604 1540 695 104 38669 22639 16030 64 22549 1509 21040
is_linear=0
shrinkage=0.05


Tree=95
num_leaves=31
num_cat=0
split_feature=0 1 0 1 1 0 1 1 0 1 0 0 1 1 1 1 1 1 1 0 0 0 0 1 0 0 1 0 1 1
split_gain=2353.07 1365.88 1610.42 472.88 440.516 420.095 606.076 405.477 1282.1 611.521 420.613 1122.71 724.518 521.719 471.181 488.433 346.556 796.753 570.732 500.649 343.051 512.748 335.135 1239.51 1106.56 666.87 1164.82 774.165 677.541 618.292
threshold=4.2094499233704212 0.49456154115686563 3.5221603261481738 0.1300622843575869 -0.66476311403078769 4.2050834773621171 0.48363323162759736 0.48363323162759736 4.2070967715774277 0.30238758275585748 4.2074246467047258 4.2083814024886363 0.39186529923390212 0.41943572418293468 0.47337442032806615 0.46250386419151496 0.72537656303778963 0.56918043419434328 0.8471138667079785 4.2102196418742031 4.2079410597434483 4.2083814024886363 4.2075194183444795 0.61379160706171965 4.20630787515175 4.20630787515175 0.88866561193202009 4.2074246467047258 0.70837183041219554 0.55552898264406514
decision_type=2 2 2 2 2 2 2 2 2 2 2 2 2 2 2 2 2 2 2 2 2 2 2 2 2 2 2 2 2 2
left_child=1 2 -1 -2 -4 6 -6 9 -9 -7 -11 12 -12 -14 15 -13 17 -5 19 -18 -10 -22 23 24 -3 26 28 -27 -25 -26
right_child=3 22 4 16 5 7 -8 8 20 10 11 14 13 -15 -16 -17 18 -19 -20 -21 21 -23 -24 25 29 27 -28 -29 -30 -31
leaf_value=-0.017299622186261292 0.012552357724938344 -0.15459267999412438 0.034104693254000409 0.0019480802526647941 -0.0028283121402367536 0.01085347931931048 -0.14620184084853613 -0.12887144610285758 0.25021863726528865 -0.045463459224895864 0.21756579903885723 -0.018017258286187107 -0.038208443917534952 0.071963389376868497 0.075390287953615187 -0.11180801406227703 -0.33874071264266969 0.09163112878740072 0.0032750490257802255 -0.083858178050390308 -0.061516411090269688 0.15337595324782494 -0.030326690281002544 0.15235212278366089 0.01347091233291936 -0.048310047227981545 -0.022873640454052189 0.048081545033266504 0.01787034112317885 0.10060558725978629
leaf_weight=13484 27543 66 1090 18571 18837 14750 74 61 48 748 64 2030 153 361 125 149 25 251 176 84 38 103 4855 100 396 2529 5011 227 1477 419
leaf_count=13484 27543 66 1090 18571 18837 14750 74 61 48 748 64 2030 153 361 125 149 25 251 176 84 38 103 4855 100 396 2529 5011 227 1477 419
internal_value=-0.000267766 -0.00625723 -0.00242256 0.0083595 0.00277022 0.00186042 -0.00338934 0.00718937 0.0704377 0.00632909 -0.0120552 -0.0033843 0.0589223 0.039169 -0.019015 -0.0244307 0.00231543 0.00314404 -0.0524077 -0.142317 0.134765 0.0954617 -0.0195095 -0.0143733 0.0423213 -0.0197187 -0.0110793 -0.0403707 0.026398 0.0582678
internal_weight=113845 67195 52115 46650 38631 37541 18911 18630 250 18380 3630 2882 578 514 2304 2179 19107 18822 285 109 189 141 15080 10225 881 9344 6588 2756 1577 815
internal_count=113845 67195 52115 46650 38631 37541 18911 18630 250 18380 3630 2882 578 514 2304 2179 19107 18822 285 109 189 141 15080 10225 881 9344 6588 2756 1577 815
is_linear=0
shrinkage=0.05


Tree=96
num_leaves=31
num_cat=0
split_feature=0 1 0 1 1 0 1 0 1 1 1 0 0 0 1 0 0 1 0 1 1 1 0 1 0 0 1 1 0 1
split_gain=2145.11 1142.78 1461.81 511.392 401.823 634.482 652.477 385.063 856.508 763.368 351.662 413.172 306.506 302.459 1118.66 998.672 601.85 1051.25 698.684 611.481 589.36 885.497 786.394 1484.75 766.333 579.228 1294.99 1292.45 617.045 570.281
threshold=4.2102196418742031 0.49456154115686563 3.5079858025000532 0.24391940188125902 -0.66476311403078769 3.7899177110824094 -0.0022132866865079664 4.2094499233704212 0.74424765479753441 0.52999857268208184 0.037513468545582969 4.2097280195538902 4.2052407124980471 4.2075194183444795 0.61379160706171965 4.20630787515175 4.20630787515175 0.88866561193202009 4.2074246467047258 0.70837183041219554 0.59821005442195807 0.56918043419434328 4.2079410597434483 0.76175444319795671 4.2091428143259337 4.2072102313008761 0.52999857268208184 0.59821005442195807 4.2069679798942632 0.76175444319795671
decision_type=2 2 2 2 2 2 2 2 2 2 2 2 2 2 2 2 2 2 2 2 2 2 2 2 2 2 2 2 2 2
left_child=1 2 -1 4 -4 6 -6 13 9 -9 11 -7 -12 14 15 -3 17 19 29 -16 21 -15 -22 24 -24 26 28 -28 -17 -18
right_child=-2 7 3 -5 5 10 -8 8 -10 -11 12 -13 -14 20 16 25 18 -19 -20 -21 22 -23 23 -25 -26 -27 27 -29 -30 -31
leaf_value=-0.016757918796710704 0.0098550303790626292 -0.14686304777578424 0.033535959415752041 -0.0076362135282047388 0.00080488606336134394 0.022134927930214796 -0.031749703085280662 -0.047850279984527462 -0.22490689763517091 0.077437271003299307 -0.003440385847601301 -0.11580570459365845 0.0083690515146536693 -0.028287518620034421 0.14473451595008374 -0.15476785630334991 -0.064732827480641852 -0.021729958640137638 0.045677470271414077 0.016976822415283536 -0.048429091465539649 -0.097939518316744426 0.040075077076893374 -0.10564924557323113 -0.10441433390075661 0.014174053246505464 0.23836851689880822 0.015141723709473132 0.073906451867798637 -0.015969248101985783
leaf_weight=13044 35918 66 1175 10640 4785 4181 2269 179 33 379 7862 55 18245 1698 100 59 1552 5011 227 1477 939 624 1256 239 99 417 178 102 59 977
leaf_count=13044 35918 66 1175 10640 4785 4181 2269 179 33 379 7862 55 18245 1698 100 59 1552 5011 227 1477 939 624 1256 239 99 417 178 102 59 977
internal_value=-0.000254378 -0.00491399 -0.00187615 0.00206837 0.00474536 0.00384077 -0.00966667 -0.0169824 0.0226085 0.0372465 0.00698091 0.0203439 0.0048127 -0.018534 -0.0136546 0.0402053 -0.0187328 -0.0105253 -0.0383521 0.0250781 -0.0288104 -0.0470054 -0.012131 0.00925164 0.0295183 0.0553544 0.0985006 0.15705 -0.0404307 -0.0458945
internal_weight=113845 77927 62256 49212 38572 37397 7054 15671 591 558 30343 4236 26107 15080 10225 881 9344 6588 2756 1577 4855 2322 2533 1594 1355 815 398 280 118 2529
internal_count=113845 77927 62256 49212 38572 37397 7054 15671 591 558 30343 4236 26107 15080 10225 881 9344 6588 2756 1577 4855 2322 2533 1594 1355 815 398 280 118 2529
is_linear=0
shrinkage=0.05


Tree=97
num_leaves=31
num_cat=0
split_feature=0 1 0 1 0 1 1 0 0 1 1 0 0 1 1 0 1 0 1 0 0 0 1 0 1 0 0 1 0 1
split_gain=1935.96 1031.36 1324.52 434.397 398.282 820.088 381.864 378.938 347.52 772.999 688.94 288.336 476.719 1192.26 875.528 724.923 611.635 385.475 325.399 753.116 576.89 283.073 273.791 272.969 1009.59 901.301 543.17 953.796 630.563 531.898
threshold=4.2102196418742031 0.49456154115686563 3.4656563857364762 0.24391940188125902 3.7899177110824094 -0.0022132866865079664 0.037513468545582969 4.2097280195538902 4.2094499233704212 0.74424765479753441 0.52999857268208184 4.2035116318896408 4.2073187007920287 0.47337442032806615 0.46250386419151496 4.2083814024886363 0.46250386419151496 4.2098241418237548 0.46250386419151496 4.2078315369189232 4.2077310619281354 4.2049040222917133 0.069757814832467555 4.2075194183444795 0.61379160706171965 4.20630787515175 4.20630787515175 0.80403983572463045 4.2074246467047258 0.59821005442195807
decision_type=2 2 2 2 2 2 2 2 2 2 2 2 2 2 2 2 2 2 2 2 2 2 2 2 2 2 2 2 2 2
left_child=1 2 -1 4 5 -4 7 -6 23 10 -10 -5 14 15 -13 18 -17 -15 19 -14 -20 -8 -2 24 25 -3 27 -26 -28 -25
right_child=22 8 3 11 6 -7 21 -9 9 -11 -12 12 13 17 -16 16 -18 -19 20 -21 -22 -23 -24 29 26 -27 28 -29 -30 -31
leaf_value=-0.016956016437921256 0.015704275184337882 -0.13951989506004434 0.0037582085967476867 0.029504681166397102 0.022044661845049662 -0.030160583695805428 -0.0063291776386840016 -0.11001542178067295 -0.045457764364409591 -0.21366155192707526 0.073565409195641349 -0.015844110465035758 -0.096678669020994423 0.085382492819494518 -0.099816292717600674 -0.0096973959125808019 -0.094007179546003627 -0.064827841853207738 0.30649557478966249 0.058212279588428222 0.044366751802870287 0.0070586584192511908 0.0063574356812576534 -0.044655100764596639 0.048973972338211276 0.052586651952691556 -0.043599817975280244 -0.016136485703119537 0.043393598206593588 -0.011524446164888388
leaf_weight=11683 11547 66 6980 508 4398 2393 4849 55 179 33 379 3018 97 468 346 5425 224 47 31 411 65 21258 24371 2322 621 815 2529 5967 227 2533
leaf_count=11683 11547 66 6980 508 4398 2393 4849 55 179 33 379 3018 97 468 346 5425 224 47 31 411 65 21258 24371 2322 621 815 2529 5967 227 2533
internal_value=-0.000241659 -0.00466829 -0.00178234 0.00172297 0.00411495 -0.00490152 0.00688038 0.0204136 -0.0161333 0.021478 0.0353841 -0.0072544 -0.00909744 -0.00145113 -0.024481 -0.00747375 -0.0130405 0.071674 0.0445904 0.0286366 0.129013 0.00457206 0.00936228 -0.0176073 -0.0129719 0.038195 -0.0177961 -0.00999902 -0.0364345 -0.0273698
internal_weight=113845 77927 62256 50573 39933 9373 30560 4453 15671 591 558 10640 10132 6768 3364 6253 5649 515 604 508 96 26107 35918 15080 10225 881 9344 6588 2756 4855
internal_count=113845 77927 62256 50573 39933 9373 30560 4453 15671 591 558 10640 10132 6768 3364 6253 5649 515 604 508 96 26107 35918 15080 10225 881 9344 6588 2756 4855
is_linear=0
shrinkage=0.05


Tree=98
num_leaves=31
num_cat=0
split_feature=0 1 0 1 1 0 1 0 1 0 0 1 0 1 0 0 0 1 1 1 1 1 1 0 0 0 1 1 1 1
split_gain=1747.21 930.801 1200.89 438.843 328.38 366.635 1744.97 383.862 357.998 419.887 322.956 763.245 455.214 2582.84 381.289 327.737 313.637 697.631 621.768 281.649 489.589 277.615 272.239 489.896 314.068 310.229 909.585 3362.02 599.588 340.118
threshold=4.2102196418742031 0.49456154115686563 3.5221603261481738 0.18180554087128556 -0.6616821142420839 3.4939319065458361 -0.0022132866865079664 3.4798280264228474 -0.66274421679704876 3.017657434145895 3.8240175911680279 -0.0022132866865079664 4.163209113926416 -0.662047967150724 3.9345095588988146 4.1763048044315134 4.2094499233704212 0.74424765479753441 0.52999857268208184 -0.66476311403078769 -0.66377067496524145 -0.0011725711818398666 0.99518812659106171 4.0844980415780485 4.1959841330863972 4.2070967715774277 0.52999857268208184 0.59821005442195807 0.5840315508993168 0.92374597262104541
decision_type=2 2 2 2 2 2 2 2 2 2 2 2 2 2 2 2 2 2 2 2 2 2 2 2 2 2 2 2 2 2
left_child=1 2 4 10 8 7 -7 -6 19 -10 11 -4 13 14 -12 -14 22 18 -18 -1 -21 -9 25 -24 -25 26 -3 28 -28 -27
right_child=-2 16 3 -5 5 6 -8 21 9 -11 12 -13 15 -15 -16 -17 17 -19 -20 20 -22 -23 23 24 -26 29 27 -29 -30 -31
leaf_value=-0.0049487682722360966 0.0088941649350907908 -0.14526773956873693 0.0057935297528550981 -0.0054334859595167873 -0.039443243383057824 -0.53771615596044631 -0.028139966832739966 0.19533815230092696 -0.03545049415336126 0.016528516009928346 0.011244194622479713 -0.028671634525100805 -0.19099402541205998 0.5441221965551376 0.094342186456096599 0.0066121400468007645 -0.04318488147161776 -0.20297846803159425 0.06988713792469943 -0.045752334751141703 -0.014697956958779719 -0.028603550791740418 0.011977248848555331 -0.078253925964236262 -0.25230195784363252 -0.022819190463218827 0.33718881441014159 -0.011468409342646636 0.13305605311651489 -0.15121953821239564
leaf_weight=3415 35918 121 5764 14224 926 21 84 31 496 1793 668 2227 21 25 174 25669 179 33 379 1702 4991 25 167 244 29 6306 70 8017 74 52
leaf_count=3415 35918 121 5764 14224 926 21 84 31 496 1793 668 2227 21 25 174 25669 179 33 379 1702 4991 25 167 244 29 6306 70 8017 74 52
internal_value=-0.000229576 -0.00443488 -0.00169323 0.00195813 -0.0149003 -0.041251 -0.130055 -0.0317557 -0.0125898 0.00526526 0.00500139 -0.00381152 0.00765319 0.0432869 0.0284165 0.00645061 -0.0153266 0.0204041 0.0336149 -0.0166332 -0.0225949 0.0953642 -0.0167269 -0.0554784 -0.0967425 -0.0155623 -0.00918501 -0.00716737 0.232287 -0.0238693
internal_weight=113845 77927 62256 48772 13484 1087 105 982 12397 2289 34548 7991 26557 867 842 25690 15671 591 558 10108 6693 56 15080 440 273 14640 8282 8161 144 6358
internal_count=113845 77927 62256 48772 13484 1087 105 982 12397 2289 34548 7991 26557 867 842 25690 15671 591 558 10108 6693 56 15080 440 273 14640 8282 8161 144 6358
is_linear=0
shrinkage=0.05


Tree=99
num_leaves=31
num_cat=0
split_feature=0 1 0 1 1 1 0 1 1 0 0 1 1 0 0 1 1 0 1 0 1 0 0 0 0 1 1 0 0 1
split_gain=1576.85 840.048 1092.63 329.882 385.733 318.154 438.699 660.224 327.035 340.301 283.057 629.612 561.146 260.224 430.239 1076.02 790.164 654.243 552 363.324 293.673 679.687 534.925 259.975 255.567 247.097 245.696 447.54 279.982 820.9
threshold=4.2102196418742031 0.49456154115686563 3.3829345773626645 -0.6616821142420839 -0.0022132866865079664 0.24391940188125902 3.7899177110824094 -0.0022132866865079664 0.037513468545582969 4.2097280195538902 4.2094499233704212 0.74424765479753441 0.52999857268208184 4.2035116318896408 4.2073187007920287 0.47337442032806615 0.46250386419151496 4.2083814024886363 0.46250386419151496 4.2090870767876725 0.46250386419151496 4.2078315369189232 4.2079410597434483 4.2064821181253196 4.2052407124980471 0.069757814832467555 0.99518812659106171 4.1108919008022484 4.2070967715774277 0.52999857268208184
decision_type=2 2 2 2 2 2 2 2 2 2 2 2 2 2 2 2 2 2 2 2 2 2 2 2 2 2 2 2 2 2
left_child=1 2 3 -1 -5 6 7 -4 9 -8 26 12 -12 -7 16 17 23 20 -19 -17 21 -16 -22 -15 -10 -2 28 -28 29 -3
right_child=25 10 5 4 -6 13 8 -9 24 -11 11 -13 -14 14 15 19 -18 18 -20 -21 22 -23 -24 -25 -26 -27 27 -29 -30 -31
leaf_value=-0.015212350622422106 0.014474353263931162 -0.13800435282967308 0.001127798917132401 -0.11649170758780734 -0.02747924225197898 0.028301121936432694 0.020301404774505233 -0.02725841847194262 -0.0034406101499691727 -0.10484525713053616 -0.041025632892490768 -0.19282954998991708 0.066392781728716432 -0.0117940399591848 -0.091573058391354753 0.10007203446683247 -0.094553803005982526 -0.0089408515878375804 -0.089035147318853508 0.012742126304755875 0.24848279203805657 0.055573340131133034 0.011966594717666215 -0.086896737990900877 0.0073429506655742459 0.0055948557166692822 -0.0020481954133095537 -0.10290241433619374 -0.022675868605869814 -0.0068089972855327812
leaf_weight=8420 11547 121 9441 174 405 508 4398 2616 7862 55 179 33 379 2898 97 328 346 5425 224 187 45 411 51 120 18245 24371 219 221 6358 8161
leaf_count=8420 11547 121 9441 174 405 508 4398 2616 7862 55 179 33 379 2898 97 328 346 5425 224 187 45 411 51 120 18245 24371 219 221 6358 8161
internal_value=-0.000218097 -0.00421313 -0.00160857 -0.0177227 -0.0542291 0.00111429 0.00304528 -0.00503114 0.00623171 0.0187557 -0.0145603 0.0193839 0.0319342 -0.00662001 -0.00837089 -0.0011069 -0.0229852 -0.00682839 -0.0121168 0.068362 0.0426326 0.0274765 0.122834 -0.0147802 0.00409553 0.00844946 -0.0158906 -0.0527045 -0.0147841 -0.00872576
internal_weight=113845 77927 62256 8999 579 53257 42617 12057 30560 4453 15671 591 558 10640 10132 6768 3364 6253 5649 515 604 508 96 3018 26107 35918 15080 440 14640 8282
internal_count=113845 77927 62256 8999 579 53257 42617 12057 30560 4453 15671 591 558 10640 10132 6768 3364 6253 5649 515 604 508 96 3018 26107 35918 15080 440 14640 8282
is_linear=0
shrinkage=0.05


Tree=100
num_leaves=31
num_cat=0
split_feature=0 1 0 1 1 1 0 0 0 1 1 1 0 1 1 0 1 0 0 1 1 0 1 0 0 0 0 0 0 1
split_gain=1529.11 1309.8 502.491 453.322 541.724 462.772 320.183 287.754 264.512 251.4 267.498 266.578 333.104 221.966 215.935 509.57 458.839 505.683 1351.46 2220.06 1489.81 804.36 2259.88 364.134 320.043 275.682 552.026 232.423 220.698 287.677
threshold=4.2047970190402397 0.27368111193524619 3.1121988692531684 -0.66476311403078769 -0.663836168103625 0.95832438602939451 3.645893636145678 4.2119832905866774 3.5668801272128876 0.26948431542544993 0.048138544056856865 0.031197422311893905 4.2097280195538902 0.99518812659106171 -0.0022132866865079664 3.9345095588988146 -0.66249311328193683 3.6723921289788319 3.7276973426772373 -0.6616821142420839 -0.6616821142420839 3.5822972156049366 -0.6616821142420839 3.9345095588988146 4.1108919008022484 3.5668801272128876 3.5517692714646878 3.4798280264228474 4.2039867446699422 0.41943572418293468
decision_type=2 2 2 2 2 2 2 2 2 2 2 2 2 2 2 2 2 2 2 2 2 2 2 2 2 2 2 2 2 2
left_child=2 7 -1 8 6 14 -5 9 -4 10 11 12 -2 -3 16 -16 23 21 19 -19 -20 25 -23 27 -17 26 -18 -6 -26 -30
right_child=1 13 3 4 5 -7 -8 -9 -10 -11 -12 -13 -14 -15 15 24 17 18 20 -21 -22 22 -24 -25 28 -27 -28 -29 29 -31
leaf_value=-0.02627338883628412 0.016700024367977243 -0.0064917257418171843 0.0025260796633310954 -0.043907917049823914 -0.01314033553912421 -0.023668768720388443 -0.0041082545471381486 0.014590428090786015 0.035043230683864252 0.053920252339722696 0.0038365406079999827 0.016319578228765601 -0.054521171858256327 -0.15556462764739992 -0.026464476430077467 0.19235471059523879 0.020492867652619061 0.045316278785467151 -0.0071981943999840457 -0.39241927862167358 0.44353025323626671 0.034825007178717192 0.45104345277298336 0.09098913321400634 0.0083094874001698772 -0.11426956448704005 0.21905937992657223 0.0035505008230655444 -0.0058581095021971452 -0.054589918251134767
leaf_weight=3621 349 21243 2307 1627 4039 3414 733 12441 858 272 36189 7766 310 25 2957 21 1262 60 110 56 22 135 43 101 2917 36 36 4313 5980 319
leaf_count=3621 349 21243 2307 1627 4039 3414 733 12441 858 272 36189 7766 310 25 2957 21 1262 60 110 56 22 135 43 101 2917 36 36 4313 5980 319
internal_value=6.03086e-05 0.00393025 -0.00863813 -0.00660095 -0.00861602 -0.00652022 -0.0315464 0.00786176 0.0113412 0.00599678 0.0057046 0.0137287 -0.0168031 -0.00666696 -0.00390742 -0.00839945 0.00145593 0.0246818 -0.0414945 -0.166004 0.0679232 0.0355362 0.135372 -0.00337994 -0.00261637 0.0222147 0.0260001 -0.00452113 -0.00306064 -0.00832603
internal_weight=113562 78595 34967 31346 28181 25821 2360 57327 3165 44886 44614 8425 659 21268 22407 12194 10213 1760 248 116 132 1512 178 8453 9237 1334 1298 8352 9216 6299
internal_count=113562 78595 34967 31346 28181 25821 2360 57327 3165 44886 44614 8425 659 21268 22407 12194 10213 1760 248 116 132 1512 178 8453 9237 1334 1298 8352 9216 6299
is_linear=0
shrinkage=0.05


Tree=101
num_leaves=31
num_cat=0
split_feature=0 1 0 1 1 1 0 0 0 1 1 1 0 1 0 1 0 1 0 0 1 1 0 1 0 1 0 0 0 0
split_gain=1380.02 1182.1 453.498 409.123 488.906 417.652 289.184 259.698 238.722 226.888 241.417 240.587 300.627 207.899 199.165 194.881 459.887 414.102 456.379 1219.69 2003.6 1344.56 725.935 2039.54 328.631 293.533 248.803 498.203 209.762 186.042
threshold=4.2047970190402397 0.27368111193524619 3.1121988692531684 -0.66476311403078769 -0.663836168103625 0.95832438602939451 3.6838237122462423 4.2119832905866774 3.5668801272128876 0.26948431542544993 0.048138544056856865 0.031197422311893905 4.2097280195538902 0.92374597262104541 4.2087076272842721 -0.0022132866865079664 3.9345095588988146 -0.66249311328193683 3.6723921289788319 3.7276973426772373 -0.6616821142420839 -0.6616821142420839 3.5822972156049366 -0.6616821142420839 3.9345095588988146 0.031197422311893905 3.5668801272128876 3.5517692714646878 3.4798280264228474 2.5172558643058736
decision_type=2 2 2 2 2 2 2 2 2 2 2 2 2 2 2 2 2 2 2 2 2 2 2 2 2 2 2 2 2 2
left_child=2 7 29 8 6 15 -5 9 -4 10 11 12 -2 -3 -11 17 -17 24 22 20 -20 -21 26 -24 28 -18 27 -19 -6 -1
right_child=1 13 3 4 5 -7 -8 -9 -10 14 -12 -13 -14 -15 -16 16 25 18 19 21 -22 -23 23 -25 -26 -27 -28 -29 -30 -31
leaf_value=-0.054893235158224564 0.015865022975572629 -0.0056867683597519487 0.002399776299105056 -0.040302582060758561 -0.012483318590646227 -0.022485330681682764 -0.00032382907376426171 0.013860906693802664 0.033291069573235958 -0.013338829736303855 0.0036447135325896767 0.015503599277976121 -0.051795113057446399 -0.044114194010539169 0.079577335041193742 -0.025141252630721245 0.032109021606652632 0.019468224761183279 0.043050464640061063 -0.0068382850911637601 -0.37279830149241855 0.42135374004190623 0.033083755766489996 0.42849127747291749 0.086439677571306148 -0.004782009875690712 -0.1085560894622985 0.20810641241777272 0.0033729753337703827 -0.020668649975926944
leaf_weight=454 349 20910 2307 1750 4039 3414 610 12441 858 83 36189 7766 310 358 189 2957 575 1262 60 110 56 22 135 43 101 8662 36 36 4313 3167
leaf_count=454 349 20910 2307 1750 4039 3414 610 12441 858 83 36189 7766 310 358 189 2957 575 1262 60 110 56 22 135 43 101 8662 36 36 4313 3167
internal_value=5.72932e-05 0.00373374 -0.00820622 -0.0062709 -0.00818522 -0.00619421 -0.0299691 0.00746867 0.0107741 0.00569694 0.00541937 0.0130423 -0.015963 -0.00633361 0.0512242 -0.00371205 -0.00797948 0.00138314 0.0234477 -0.0394198 -0.157704 0.0645271 0.0337594 0.128604 -0.00321094 -0.00248556 0.021104 0.0247001 -0.00429508 -0.0249597
internal_weight=113562 78595 34967 31346 28181 25821 2360 57327 3165 44886 44614 8425 659 21268 272 22407 12194 10213 1760 248 116 132 1512 178 8453 9237 1334 1298 8352 3621
internal_count=113562 78595 34967 31346 28181 25821 2360 57327 3165 44886 44614 8425 659 21268 272 22407 12194 10213 1760 248 116 132 1512 178 8453 9237 1334 1298 8352 3621
is_linear=0
shrinkage=0.05


Tree=102
num_leaves=31
num_cat=0
split_feature=0 0 1 1 0 1 1 1 1 1 1 1 1 0 1 1 1 0 1 0 0 1 0 0 1 0 0 0 0 1
split_gain=1256.45 536.458 663.753 419.706 419.001 446.787 404.742 434.533 428.046 420.225 367.395 791.773 706.118 698.423 568.879 388.094 559.092 350.092 336.804 415.921 312.351 395.866 810.674 1013.47 517.164 537.329 391.386 365.399 515.391 1242.36
threshold=4.2080529843511281 3.1121988692531684 0.37425178688405297 0.1300622843575869 3.7899177110824094 0.037513468545582969 -0.0022132866865079664 -0.66280767692497322 -0.66476311403078769 -0.663836168103625 0.59821005442195807 0.74424765479753441 0.49456154115686563 4.2090870767876725 0.56918043419434328 0.47337442032806615 0.46250386419151496 4.2094031629545396 0.52999857268208184 4.2092001896398363 4.2101662756017779 0.67611158993753573 4.2093540619516814 4.2090870767876725 0.66046176821179381 4.2085508141781736 4.2087076272842721 4.2092521302304364 4.2082787309598624 0.69194094421133112
decision_type=2 2 2 2 2 2 2 2 2 2 2 2 2 2 2 2 2 2 2 2 2 2 2 2 2 2 2 2 2 2
left_child=1 -1 4 -2 6 -6 7 8 -3 -10 12 20 15 14 -14 16 -5 -17 -15 -20 21 22 23 24 -12 -26 -27 28 29 -23
right_child=3 2 -4 10 5 -7 -8 -9 9 -11 11 -13 13 18 -16 17 -18 -19 19 -21 -22 27 -24 -25 25 26 -28 -29 -30 -31
leaf_value=-0.023711733174518437 0.0096585526122635948 0.0087748772540406014 -0.013332588233672726 0.0019022974956777656 0.017966477588587718 0.00037945925052118465 -0.023373827832235537 0.013484412060251512 -0.033025096656126934 -0.0069931650361733325 0.046479520567900917 -0.028550844726905819 -0.031096417215157848 -0.027116352400421546 -0.1060172858143424 0.082717996008033243 -0.063861236146583067 -0.0014217911401411168 0.16760570666994212 0.019405090146634999 -0.1520880922675133 0.3400508073243228 0.15185426589661996 -0.18716474481415554 -0.16079200431978441 0.21286546496505088 -0.062886334547112066 -0.026515267593938796 0.14266634169623427 -0.085993998715436309
leaf_weight=3621 28598 2946 13766 22023 4460 18976 2956 3111 2055 6312 546 533 939 370 347 279 328 222 54 384 20 22 113 61 68 22 31 61 261 77
leaf_count=3621 28598 2946 13766 22023 4460 18976 2956 3111 2055 6312 546 533 939 370 347 279 328 222 54 384 20 22 113 61 68 22 31 61 261 77
internal_value=5.44285e-05 -0.00507474 -0.00383835 0.0054471 -0.000636235 0.00372637 -0.00651897 -0.0030648 -0.00761572 -0.0133868 0.00094656 0.022666 -0.000633682 -0.0284233 -0.0513122 0.00191276 0.00093722 0.0454345 0.00800645 0.0376764 0.0439597 0.0470666 0.0272533 0.00791274 0.0257534 -0.067771 0.0515767 0.0866462 0.105821 0.00868262
internal_weight=113562 58203 54582 55359 40816 23436 17380 14424 11313 8367 26761 1815 24946 2094 1286 22852 22351 501 808 438 1282 1262 841 728 667 121 53 421 360 99
internal_count=113562 58203 54582 55359 40816 23436 17380 14424 11313 8367 26761 1815 24946 2094 1286 22852 22351 501 808 438 1282 1262 841 728 667 121 53 421 360 99
is_linear=0
shrinkage=0.05


Tree=103
num_leaves=31
num_cat=0
split_feature=0 1 0 1 1 1 0 0 1 1 0 1 0 1 0 1 1 0 1 0 0 1 1 0 1 0 0 0 0 0
split_gain=1145.98 978.329 365.846 343.309 315.071 354.561 272.925 228.826 275.315 249.712 246.085 244.809 222.361 192.352 180.084 169.578 162.478 371.397 351.742 412.76 1099.32 1808.25 1213.14 655.156 1840.68 290.25 289.873 224.545 449.628 206.484
threshold=4.2047970190402397 0.27368111193524619 3.1121988692531684 -0.66926218500895385 -0.663836168103625 0.95832438602939451 3.9345095588988146 4.2127827764752741 0.048138544056856865 0.031197422311893905 4.2097280195538902 0.26948431542544993 3.6304826699867676 0.99518812659106171 4.2087076272842721 -0.6616821142420839 -0.0022132866865079664 3.9345095588988146 -0.66249311328193683 3.6723921289788319 3.7276973426772373 -0.6616821142420839 -0.6616821142420839 3.5822972156049366 -0.6616821142420839 4.1108919008022484 3.9345095588988146 3.5668801272128876 3.5517692714646878 4.2039867446699422
decision_type=2 2 2 2 2 2 2 2 2 2 2 2 2 2 2 2 2 2 2 2 2 2 2 2 2 2 2 2 2 2
left_child=2 7 15 12 6 16 -5 8 9 10 -2 -10 -4 -3 -13 -1 18 -18 26 23 21 -21 -22 27 -25 -19 -6 28 -20 -27
right_child=1 13 3 4 5 -7 -8 -9 11 -11 -12 14 -14 -15 -16 -17 17 25 19 20 22 -23 -24 24 -26 29 -28 -29 -30 -31
leaf_value=-0.02044646066725777 0.014173448465919298 -0.0055935885777035135 0.0043056603805189239 -0.025946392448141394 -0.0039970370044297458 -0.020694435692053887 0.084633730364996093 0.01599973736324568 0.0036650197627393979 0.015784522293567065 -0.045418427378375106 -0.012701873006635762 0.040785265215809517 -0.14436620426177979 0.074351728748547979 -0.078822761722082316 -0.022716197617399885 0.18331798343431382 0.017820592034994087 0.040223721712827683 -0.0073009787093509335 -0.35483260921069554 0.39942847138101406 0.030755347484998682 0.40639250999273258 0.0082182757368735211 0.081219367048527946 -0.10380251148405176 0.19702686878542108 -0.0078726079859784553
leaf_weight=3492 349 21243 2309 2649 8352 3414 57 6046 41638 8658 344 83 510 25 209 129 2957 21 1262 60 110 56 22 135 43 2917 101 36 36 6299
leaf_count=3492 349 21243 2309 2649 8352 3414 57 6046 41638 8658 344 83 510 25 209 129 2957 21 1262 60 110 56 22 135 43 2917 101 36 36 6299
internal_value=5.17071e-05 0.00340193 -0.00747857 -0.00574031 -0.00738522 -0.00568414 -0.0236171 0.00679974 0.00571507 0.0134729 -0.0154075 0.00398496 0.0109054 -0.00575671 0.049607 -0.0225261 -0.00339713 -0.00729367 0.00125522 0.0215907 -0.0381971 -0.150493 0.0604873 0.0313972 0.121499 -0.00235652 -0.00297884 0.0193746 0.0227909 -0.00277961
internal_weight=113562 78595 34967 31346 28527 25821 2706 57327 51281 9351 693 41930 2819 21268 292 3621 22407 12194 10213 1760 248 116 132 1512 178 9237 8453 1334 1298 9216
internal_count=113562 78595 34967 31346 28527 25821 2706 57327 51281 9351 693 41930 2819 21268 292 3621 22407 12194 10213 1760 248 116 132 1512 178 9237 8453 1334 1298 9216
is_linear=0
shrinkage=0.05


Tree=104
num_leaves=31
num_cat=0
split_feature=0 0 1 1 1 1 1 0 1 1 1 0 1 1 1 1 1 0 0 1 0 1 1 0 1 0 0 1 0 0
split_gain=1050.62 433.776 564.965 346.456 343.127 709.722 622.227 630.327 513.413 356.077 498.861 342.291 388.392 328.178 365.67 359.858 346.339 315.958 309.858 608.056 305.52 351.157 500.522 493.344 303.966 375.369 281.897 357.269 731.633 914.654
threshold=4.2080529843511281 3.1121988692531684 0.37425178688405297 0.1300622843575869 0.59821005442195807 0.74424765479753441 0.49456154115686563 4.2090870767876725 0.56918043419434328 0.47337442032806615 0.46250386419151496 3.7899177110824094 0.037513468545582969 -0.0022132866865079664 -0.66280767692497322 -0.66476311403078769 -0.663836168103625 4.2094031629545396 4.2084723515306495 0.8682140037659869 4.2087076272842721 0.34951173794613027 0.39186529923390212 4.2083814024886363 0.52999857268208184 4.2092001896398363 4.2101662756017779 0.67611158993753573 4.2093540619516814 4.2090870767876725
decision_type=2 2 2 2 2 2 2 2 2 2 2 2 2 2 2 2 2 2 2 2 2 2 2 2 2 2 2 2 2 2
left_child=1 -1 11 -2 6 26 9 8 -8 10 20 13 -13 14 15 -3 -17 -11 -7 -20 21 -5 23 -23 -9 -26 27 28 29 -6
right_child=3 2 -4 4 5 18 7 24 -10 17 -12 12 -14 -15 -16 16 -18 -19 19 -21 -22 22 -24 -25 25 -27 -28 -29 -30 -31
leaf_value=-0.021399839253580574 0.0088066724879789227 0.0080718964664016554 -0.012288614534660205 -0.0041634686643171109 0.024745418827260276 0.042627724016746207 -0.029261917839644037 -0.025480853804651451 -0.10043673678073142 0.078861775831987002 -0.060388494905658646 0.016644902752090879 0.00024742855673888308 -0.021069326529503676 0.012399560510251283 -0.030076521912514892 -0.0064436550298349743 -0.0010710190201591416 -0.097988936978051208 0.026160950688308621 0.00040682726289510696 0.30646914278759674 0.03059276998345245 0.080730132829575307 0.15950509492928786 0.018714512953978139 -0.14420401006937028 0.082593598481236721 0.14454123426014476 -0.17752683740414557
leaf_weight=3621 28598 2946 13766 473 667 124 939 370 347 279 328 4460 18976 2956 3111 2055 6312 222 243 166 20962 34 470 84 54 384 20 421 113 61
leaf_count=3621 28598 2946 13766 473 667 124 939 370 347 279 328 4460 18976 2956 3111 2055 6312 222 243 166 20962 34 470 84 54 384 20 421 113 61
internal_value=4.91217e-05 -0.00464114 -0.00352936 0.00498034 0.000891344 0.0218811 -0.000635815 -0.0267224 -0.0484669 0.00175458 0.000820145 -0.000575123 0.00336796 -0.00589216 -0.00278181 -0.00695658 -0.0122481 0.0434425 -0.0266093 -0.0476005 0.00173176 0.0279082 0.0537073 0.145774 0.00788581 0.0360723 0.0420414 0.044993 0.0261703 0.00779678
internal_weight=113562 58203 54582 55359 26761 1815 24946 2094 1286 22852 22351 40816 23436 17380 14424 11313 8367 501 533 409 22023 1061 588 118 808 438 1282 1262 841 728
internal_count=113562 58203 54582 55359 26761 1815 24946 2094 1286 22852 22351 40816 23436 17380 14424 11313 8367 501 533 409 22023 1061 588 118 808 438 1282 1262 841 728
is_linear=0
shrinkage=0.05


Tree=105
num_leaves=31
num_cat=0
split_feature=0 1 1 1 0 0 1 1 1 1 0 1 1 0 0 0 0 1 1 0 0 1 1 1 0 0 1 0 1 0
split_gain=949.143 561.641 744.569 523.422 745.674 700.732 1632.22 1245.39 772.608 657.833 605.195 468.753 860.37 808.216 449.243 538.102 415.851 626.741 361.114 421.31 691.5 404.56 349.533 338.251 435.027 293.157 264.897 899.532 351.213 791.031
threshold=4.2086262929321903 0.74424765479753441 0.8471138667079785 0.51724704080845141 4.2074246467047258 4.2070967715774277 0.59821005442195807 0.52999857268208184 0.5840315508993168 0.44135527888097464 3.3829345773626645 0.67611158993753573 0.66046176821179381 4.2092521302304364 4.2039867446699422 4.2070967715774277 4.2079410597434483 0.46250386419151496 0.63060179185295528 4.2087814111788378 4.2090870767876725 0.64469578816960282 0.1300622843575869 0.48363323162759736 4.2054927870493648 4.2072102313008761 0.64469578816960282 4.2069679798942632 0.82659308966095224 4.2064204226126582
decision_type=2 2 2 2 2 2 2 2 2 2 2 2 2 2 2 2 2 2 2 2 2 2 2 2 2 2 2 2 2 2
left_child=3 11 -3 4 9 6 7 -5 -9 10 -1 12 18 -13 -11 23 17 -6 22 -20 -21 -22 -2 24 -16 -17 27 -8 29 -28
right_child=1 2 -4 5 16 -7 26 8 -10 14 -12 13 -14 -15 15 25 -18 -19 19 20 21 -23 -24 -25 -26 -27 28 -29 -30 -31
leaf_value=-0.013850913615373765 0.0086728223108011367 -0.12745147508845941 0.014025962276176149 -0.14307490995774666 -0.0052951073954383768 -0.029037633028663259 -0.094930572250615006 0.32750900657454007 0.091693011428030935 0.075739026081456398 0.00062583283593461905 0.14542054978035693 -0.17965029236816227 -0.056056012918551772 0.01553904867340701 0.12278586898712403 0.015905291817085731 0.11700917148160553 -0.055236382763634656 0.26248281810146112 0.10520871652931463 -0.12435998453625613 0.00042659740656969487 -0.1354063421065731 -0.099354299658499484 -0.022485967366991187 0.045436838060651102 0.1592878784348325 -0.012123614176653181 -0.016929946087320145
leaf_weight=9028 28740 185 187 30 167 4521 230 71 68 67 36034 148 63 75 136 47 1366 281 47 52 61 28 23243 203 209 133 941 41 6248 1106
leaf_count=9028 28740 185 187 30 167 4521 230 71 68 67 36034 148 63 75 136 47 1366 281 47 52 61 28 23243 203 209 133 941 41 6248 1106
internal_value=-1.71864e-05 0.00488757 -0.0563324 -0.00427003 -0.00182621 -0.0130585 -0.00478809 0.149089 0.212146 -0.00306996 -0.00227453 0.00532171 0.00501288 0.0776594 -0.0481565 -0.059559 0.0296152 0.0714181 0.00523588 0.0744077 0.117622 0.0329849 0.00498571 -0.0841957 -0.054063 0.0154461 -0.00782396 -0.0564695 -0.0062347 0.0117399
internal_weight=113756 52829 372 60927 47671 13256 8735 169 139 45857 45062 52457 52234 223 795 728 1814 448 52171 188 141 89 51983 548 345 180 8566 271 8295 2047
internal_count=113756 52829 372 60927 47671 13256 8735 169 139 45857 45062 52457 52234 223 795 728 1814 448 52171 188 141 89 51983 548 345 180 8566 271 8295 2047
is_linear=0
shrinkage=0.05


Tree=106
num_leaves=31
num_cat=0
split_feature=0 1 1 1 0 0 1 1 1 1 0 1 1 0 0 0 0 1 1 0 0 0 1 1 1 0 1 1 0 0
split_gain=856.601 506.881 671.973 472.388 672.971 632.41 1473.08 1123.97 697.278 593.695 553.111 423.049 776.484 729.414 405.442 485.637 375.305 565.634 325.905 380.232 624.078 368.989 323.772 318.738 305.271 392.612 271.673 287.052 487.612 826.142
threshold=4.2086262929321903 0.74424765479753441 0.8471138667079785 0.51724704080845141 4.2074246467047258 4.2070967715774277 0.59821005442195807 0.52999857268208184 0.5840315508993168 0.44135527888097464 3.4798280264228474 0.67611158993753573 0.66046176821179381 4.2092521302304364 4.2039867446699422 4.2070967715774277 4.2079410597434483 0.46250386419151496 0.63060179185295528 4.2087814111788378 4.2090870767876725 4.2095328946485546 0.070954679831247813 0.037513468545582969 0.48363323162759736 4.2054927870493648 -0.6616821142420839 -0.0022132866865079664 3.3976557356948374 3.3505180837725921
decision_type=2 2 2 2 2 2 2 2 2 2 2 2 2 2 2 2 2 2 2 2 2 2 2 2 2 2 2 2 2 2
left_child=3 11 -3 4 9 6 7 -5 -9 10 26 12 18 -13 -11 24 17 -6 22 -20 -21 -22 23 -2 25 -16 -1 28 29 -28
right_child=1 2 -4 5 16 -7 -8 8 -10 14 -12 13 -14 -15 15 -17 -18 -19 19 20 21 -23 -24 -25 -26 -27 27 -29 -30 -31
leaf_value=-0.0091243843803902724 -0.0157676584921418 -0.12107889957688245 0.013324663877975255 -0.1359211702644825 -0.0050303534264425319 -0.027585750394615124 -0.0074327600019638319 0.31113355468276521 0.087108362104524592 0.0719520762117941 0.0012062762266830552 0.13814952116887513 -0.17066777535374203 -0.053253212074438727 0.014762096007111456 0.014673816520824202 0.015110027317705464 0.11115871211915739 -0.052474552694153277 0.24935867279911272 -0.071622703224420547 0.13200596156737043 0.0021969663719976279 0.012833149196305935 -0.1286360245069553 -0.094386585950673202 -0.087017357797769021 -0.019329756278567381 -0.19305569957679428 0.18014838695526125
leaf_weight=11228 1046 185 187 30 167 4521 8566 71 68 67 32905 148 63 75 136 180 1366 281 47 52 44 45 36759 14178 203 209 167 656 71 35
leaf_count=11228 1046 185 187 30 167 4521 8566 71 68 67 32905 148 63 75 136 180 1366 281 47 52 44 45 36759 14178 203 209 167 656 71 35
internal_value=-1.63269e-05 0.00464319 -0.0535158 -0.00405653 -0.0017349 -0.0124056 -0.00454869 0.141634 0.201538 -0.00291646 -0.0021608 0.00505563 0.00476224 0.0737764 -0.0457487 -0.056581 0.0281344 0.0678472 0.00497408 0.0706873 0.111741 0.0313356 0.00473643 0.0108681 -0.0799859 -0.0513599 -0.0112744 -0.0372594 -0.0803431 -0.0407263
internal_weight=113756 52829 372 60927 47671 13256 8735 169 139 45857 45062 52457 52234 223 795 728 1814 448 52171 188 141 89 51983 15224 548 345 12157 929 273 202
internal_count=113756 52829 372 60927 47671 13256 8735 169 139 45857 45062 52457 52234 223 795 728 1814 448 52171 188 141 89 51983 15224 548 345 12157 929 273 202
is_linear=0
shrinkage=0.05


Tree=107
num_leaves=31
num_cat=0
split_feature=0 1 1 1 0 0 1 1 1 1 0 0 0 1 1 0 1 0 1 1 1 0 0 1 0 1 0 1 0 0
split_gain=773.083 457.46 606.456 426.33 607.356 570.75 1329.45 1014.38 629.294 543.716 517.121 418.025 385.046 381.802 700.777 658.297 362.601 338.713 510.484 299.574 316.283 276.68 256.594 252.068 240.451 239.069 811.828 343.295 1322.18 265.193
threshold=4.2086262929321903 0.74424765479753441 0.8471138667079785 0.51724704080845141 4.2074246467047258 4.2070967715774277 0.59821005442195807 0.52999857268208184 0.5840315508993168 0.41943572418293468 3.3829345773626645 4.2035116318896408 4.2070967715774277 0.67611158993753573 0.66046176821179381 4.2092521302304364 0.48363323162759736 4.2079410597434483 0.46250386419151496 0.59821005442195807 0.1300622843575869 4.2061910970066689 4.2069679798942632 0.92374597262104541 2.5172558643058736 0.64469578816960282 4.2069679798942632 0.70837183041219554 4.2064204226126582 4.2069679798942632
decision_type=2 2 2 2 2 2 2 2 2 2 2 2 2 2 2 2 2 2 2 2 2 2 2 2 2 2 2 2 2 2
left_child=3 13 -3 4 9 6 7 -5 22 10 24 -11 16 14 19 -15 21 18 -6 20 -2 -13 -9 -7 -1 26 -8 28 -27 -29
right_child=1 2 -4 5 17 23 25 8 -10 11 -12 12 -14 15 -16 -17 -18 -19 -20 -21 -22 -23 -24 -25 -26 27 -28 29 -30 -31
leaf_value=-0.048551222746014498 0.0078996724937708818 -0.11502495678494105 0.01265843176559351 -0.12912511167426904 -0.004778833282431086 -0.024945382426323066 -0.089812407159934882 0.35717807438969618 0.082752945884952661 0.066016604743675669 0.0007619545860734682 -0.022134486884426544 0.017019591089841482 0.13124204427037292 -0.16213438843214323 -0.050590551470716796 -0.11847452928507052 0.014354525902998835 0.10560077923338436 0.048899476739683062 3.7331193993741819e-05 -0.10339811370848753 0.1489073721425874 -0.13673652233738526 -0.010776010902573109 0.17340078302659095 0.15169512694928705 -0.0068656560638959592 -0.0092752143345160836 -0.067944327885269676
leaf_weight=443 28740 185 187 30 167 4470 230 50 68 88 35777 425 185 148 63 75 215 1366 281 381 23050 139 21 51 8585 128 41 7547 438 182
leaf_count=443 28740 185 187 30 167 4470 230 50 68 88 35777 425 185 148 63 75 215 1366 281 381 23050 139 21 51 8585 128 41 7547 438 182
internal_value=-1.55107e-05 0.00441103 -0.05084 -0.00385371 -0.00164815 -0.0117853 -0.00432126 0.134553 0.191462 -0.00277064 -0.00193639 -0.0383017 -0.0478246 0.00480284 0.00452413 0.0700876 -0.063224 0.0267277 0.0644548 0.00472538 0.00440041 -0.0421622 0.295577 -0.0262065 -0.0126296 -0.00706112 -0.0532744 -0.00555132 0.0320367 -0.00830392
internal_weight=113756 52829 372 60927 47671 13256 8735 169 139 45857 44805 1052 964 52457 52234 223 779 1814 448 52171 51790 564 71 4521 9028 8566 271 8295 566 7729
internal_count=113756 52829 372 60927 47671 13256 8735 169 139 45857 44805 1052 964 52457 52234 223 779 1814 448 52171 51790 564 71 4521 9028 8566 271 8295 566 7729
is_linear=0
shrinkage=0.05


Tree=108
num_leaves=31
num_cat=0
split_feature=0 1 1 1 0 0 1 1 1 1 0 0 0 1 1 0 1 0 1 1 0 0 1 1 1 0 1 1 0 0
split_gain=697.707 412.858 547.326 384.763 548.139 515.102 1199.83 915.477 567.938 490.704 472.225 377.268 347.504 344.576 632.451 594.113 327.248 305.688 466.364 273.685 343.16 563.231 361.293 275.719 287.661 249.703 247.516 258.148 443.798 743.707
threshold=4.2086262929321903 0.74424765479753441 0.8471138667079785 0.51724704080845141 4.2074246467047258 4.2070967715774277 0.59821005442195807 0.52999857268208184 0.5840315508993168 0.41943572418293468 3.4798280264228474 4.2035116318896408 4.2070967715774277 0.67611158993753573 0.66046176821179381 4.2092521302304364 0.48363323162759736 4.2079410597434483 0.41943572418293468 0.63060179185295528 4.2087814111788378 4.2090870767876725 0.64469578816960282 0.070954679831247813 0.037513468545582969 4.2061910970066689 -0.6616821142420839 -0.0022132866865079664 3.3976557356948374 3.3505180837725921
decision_type=2 2 2 2 2 2 2 2 2 2 2 2 2 2 2 2 2 2 2 2 2 2 2 2 2 2 2 2 2 2
left_child=3 13 -3 4 9 6 7 -5 -9 10 26 -11 16 14 19 -15 25 18 -6 23 -21 -22 -23 24 -2 -13 -1 28 29 -28
right_child=1 2 -4 5 17 -7 -8 8 -10 11 -12 12 -14 15 -16 -17 -18 -19 -20 20 21 22 -24 -25 -26 -27 27 -29 -30 -31
leaf_value=-0.0081993353526499928 -0.01537425965491979 -0.1092737065114685 0.012025509197215107 -0.12266885419686635 -0.031548323811819927 -0.024896140912732539 -0.0067080660879615993 0.28079803407611981 0.078615296701900664 0.062715776560997416 0.0012927539394406772 -0.021027762391056647 0.016168612990830396 0.1246799437580882 -0.15402766958115593 -0.048061024603744347 -0.11255080223083497 0.013636799448692699 0.089281950803122664 -0.052295815413619606 0.23444577168243438 0.095576449648522951 -0.12136930009084089 0.0019278779049930297 0.011796508156762706 -0.098228207355190958 -0.082037206591332817 -0.018051357783814437 -0.18344101032740634 0.1714490134375436
leaf_weight=11228 1046 185 187 30 104 4521 8566 71 68 88 32648 425 185 148 63 75 215 1366 344 47 52 61 28 36759 14178 139 167 656 71 35
leaf_count=11228 1046 185 187 30 104 4521 8566 71 68 88 32648 425 185 148 63 75 215 1366 344 47 52 61 28 36759 14178 139 167 656 71 35
internal_value=-1.47352e-05 0.00419048 -0.048298 -0.00366102 -0.00156575 -0.011196 -0.00410519 0.127825 0.181888 -0.00263211 -0.00183957 -0.0363867 -0.0454333 0.0045627 0.00429792 0.0665832 -0.0600628 0.0253913 0.0612321 0.00448911 0.064708 0.103709 0.0273239 0.00427132 0.00992968 -0.0400541 -0.0102515 -0.0350544 -0.0759114 -0.0381163
internal_weight=113756 52829 372 60927 47671 13256 8735 169 139 45857 44805 1052 964 52457 52234 223 779 1814 448 52171 188 141 89 51983 15224 564 12157 929 273 202
internal_count=113756 52829 372 60927 47671 13256 8735 169 139 45857 44805 1052 964 52457 52234 223 779 1814 448 52171 188 141 89 51983 15224 564 12157 929 273 202
is_linear=0
shrinkage=0.05


Tree=109
num_leaves=31
num_cat=0
split_feature=0 1 1 1 0 1 0 1 1 1 0 0 1 0 1 1 1 0 0 0 0 0 1 1 1 0 1 0 0 1
split_gain=629.681 372.604 499.192 348.3 551.827 2091.56 446.056 411.43 310.98 570.787 536.187 293.358 982.233 269.817 262.399 255.479 371.094 376.382 284.876 422.216 255.096 619.077 252.367 283.891 251.976 469.588 405.954 666.679 248.663 239.507
threshold=4.2086262929321903 0.74424765479753441 0.8682140037659869 0.52999857268208184 4.2070967715774277 0.5840315508993168 3.7107793083163441 -0.6616821142420839 0.67611158993753573 0.66046176821179381 4.2092521302304364 4.2070967715774277 0.48363323162759736 2.5172558643058736 0.035526590940496004 -0.66280767692497322 -0.66476311403078769 3.4119034434975446 2.955481300684514 3.1486491245954151 4.2105001002925544 4.2092521302304364 0.59821005442195807 0.27368111193524619 0.9899572276429659 4.163209113926416 0.95832438602939451 4.1959841330863972 4.2091428143259337 0.95832438602939451
decision_type=2 2 2 2 2 2 2 2 2 2 2 2 2 2 2 2 2 2 2 2 2 2 2 2 2 2 2 2 2 2
left_child=3 8 20 6 5 -5 7 13 9 22 -10 12 14 -1 -8 16 18 -18 -15 -20 21 -3 23 28 25 29 -27 -28 -2 -7
right_child=1 2 -4 4 -6 24 11 -9 10 -11 -12 -13 -14 15 -16 -17 17 -19 19 -21 -22 -23 -24 -25 -26 26 27 -29 -30 -31
leaf_value=-0.042958226444563652 0.027153170045567762 -0.048236578220830245 0.023029725462231899 0.26675813434199552 -0.02543395968178427 0.0098812672348459734 0.011465584399299558 -0.023690289364435999 0.11844594536437276 -0.14632628508030424 -0.045657973571990931 0.019282170635502992 -0.095915378084312775 0.038750973094820673 -0.00074411318280410163 0.0095638097987190279 -0.021959121517647309 -0.0015917317653757952 -0.041067880611985685 0.0089704321533504352 -0.036885007361278817 -0.28276545492311322 0.044809202393736897 -0.0039843845628609736 -0.018552418861909999 -0.0014406370376507435 -0.09438498640481971 0.029254289508304179 0.0050094916936975833 0.061401877609311553
leaf_weight=435 1308 68 154 71 4283 503 5644 3202 148 63 75 2388 259 595 19971 3211 4493 4581 501 2659 102 48 381 9227 2655 4593 304 170 41255 409
leaf_count=435 1308 68 154 71 4283 503 5644 3202 148 63 75 2388 259 595 19971 3211 4493 4581 501 2659 102 48 381 9227 2655 4593 304 170 41255 409
internal_value=-1.39983e-05 0.00398096 -0.0458831 -0.00347797 -0.010741 -0.00351176 -0.00151023 -0.00729042 0.00433457 0.00408303 0.063254 0.00251415 0.000966568 -0.00410302 0.00194617 -0.00304928 -0.00620624 -0.0116767 0.0070131 0.00103714 -0.0945647 -0.145283 0.00426465 0.00396638 -0.00573427 -4.2316e-05 -0.0059871 -0.0500418 0.00568999 0.0329865
internal_weight=113756 52829 372 60927 12988 8705 47939 19677 52457 52234 223 28262 25874 16475 25615 16040 12829 9074 3755 3160 218 116 52171 51790 8634 5979 5067 474 42563 912
internal_count=113756 52829 372 60927 12988 8705 47939 19677 52457 52234 223 28262 25874 16475 25615 16040 12829 9074 3755 3160 218 116 52171 51790 8634 5979 5067 474 42563 912
is_linear=0
shrinkage=0.05


Tree=110
num_leaves=31
num_cat=0
split_feature=0 1 1 0 1 1 1 0 1 1 0 0 0 0 0 0 0 0 0 0 0 1 0 0 1 1 1 1 0 0
split_gain=584.312 475.954 346.791 377.281 282.638 263.341 318.238 227.296 198.459 188.863 177.449 162.623 164.037 163.365 155.495 150.091 335.197 148.784 133.927 201.257 249.767 204.143 194.802 168.757 159.088 133.73 204.335 181.001 322.712 122.786
threshold=4.2047970190402397 0.085819128203325809 -0.66476311403078769 2.8775961260131271 0.92374597262104541 0.075689531124609646 0.070954679831247813 2.5172558643058736 -0.663836168103625 0.9899572276429659 3.645893636145678 4.2090309300640696 4.2070967715774277 4.2064821181253196 4.2102736250356285 2.8775961260131271 3.1486491245954151 4.2062499956048134 3.9345095588988146 4.1108919008022484 4.163209113926416 0.99518812659106171 4.1763048044315134 4.1881520144172528 0.99391701702360902 0.061351089184763445 0.064067982905915782 0.048138544056856865 4.2132364079176474 2.955481300684514
decision_type=2 2 2 2 2 2 2 2 2 2 2 2 2 2 2 2 2 2 2 2 2 2 2 2 2 2 2 2 2 2
left_child=2 5 7 -4 14 6 25 -1 10 -10 -5 12 13 17 -3 -9 29 -6 -11 -20 -21 22 -22 -23 -24 27 -27 -2 -29 -17
right_child=1 4 3 8 11 -7 -8 15 9 18 -12 -13 -14 -15 -16 16 -18 -19 19 20 21 23 24 -25 -26 26 -28 28 -30 -31
leaf_value=-0.028628970581022178 0.011437908597477842 -0.0019129738797852406 -0.037906313090854092 -0.027236040955214293 -0.048759420334466431 0.021113952167916453 -0.0098894997059460702 0.03893466647917973 -0.0030887947684184233 -0.04867008863605659 0.0017720485168978006 0.015247835921546465 -0.14041320264000787 0.034520170954512618 0.0037628430354455333 0.019902817694256544 0.015064957168171489 -0.1858421294423549 -0.0018276176787461748 -0.0496367738307203 -0.0068782332168873589 -0.0067489674687385565 0.044878164410591129 -0.15540660779391016 0.19373597843306406 0.033843977202891791 0.0071068485047883411 -0.0024216173396668715 0.02291977757678092 -0.036000441388034869
leaf_weight=385 10037 30187 942 1852 142 3435 2692 446 24116 299 737 87 55 51 20103 122 3047 23 1471 613 101 60 50 28 28 1225 1715 7680 1502 504
leaf_count=385 10037 30187 942 1852 142 3435 2692 446 24116 299 737 87 55 51 20103 122 3047 23 1471 613 101 60 50 28 28 1225 1715 7680 1502 504
internal_value=0.000562633 0.00294226 -0.00483473 -0.00675918 4.07449e-05 0.00813762 0.00634398 0.00811047 -0.00575967 -0.00448106 -0.0189784 -0.0442286 -0.0633225 -0.043693 0.000355886 0.0115445 0.00821858 -0.0678679 -0.0171512 -0.0131426 -0.0320566 0.00830521 0.0389599 -0.0540491 0.0983143 0.00831612 0.0182473 0.00679691 0.00172375 -0.0251056
internal_weight=113735 78934 34801 30297 50648 28286 24851 4504 29355 26766 2589 358 271 216 50290 4119 3673 165 2650 2351 880 267 179 88 78 22159 2940 19219 9182 626
internal_count=113735 78934 34801 30297 50648 28286 24851 4504 29355 26766 2589 358 271 216 50290 4119 3673 165 2650 2351 880 267 179 88 78 22159 2940 19219 9182 626
is_linear=0
shrinkage=0.05


Tree=111
num_leaves=31
num_cat=0
split_feature=0 1 1 0 1 1 1 0 1 1 0 0 0 0 0 0 0 0 0 1 0 0 0 1 0 0 1 1 1 1
split_gain=527.341 429.548 312.979 340.496 255.081 237.665 287.21 205.135 179.11 170.448 160.148 146.768 148.043 147.437 146.66 180.684 323.73 140.334 134.278 127.154 122.451 156.604 225.415 184.239 175.809 152.303 143.577 139.593 120.692 184.412
threshold=4.2047970190402397 0.085819128203325809 -0.66476311403078769 2.8775961260131271 0.92374597262104541 0.075689531124609646 0.070954679831247813 2.5172558643058736 -0.663836168103625 0.9899572276429659 3.645893636145678 4.2090309300640696 4.2070967715774277 4.2064821181253196 3.645893636145678 2.955481300684514 3.1486491245954151 4.2102736250356285 4.2062499956048134 -0.66926218500895385 3.8701868380452269 4.1108919008022484 4.163209113926416 0.99518812659106171 4.1763048044315134 4.1881520144172528 0.99391701702360902 0.99391701702360902 0.061351089184763445 0.064067982905915782
decision_type=2 2 2 2 2 2 2 2 2 2 2 2 2 2 2 2 2 2 2 2 2 2 2 2 2 2 2 2 2 2
left_child=2 5 7 -4 17 6 28 -1 10 -10 -5 12 13 18 15 19 -17 -3 -6 -9 -11 27 -23 24 -24 -25 -26 -22 -2 -30
right_child=1 4 3 8 11 -7 -8 14 9 20 -12 -13 -14 -15 -16 16 -18 -19 -20 -21 21 22 23 25 26 -27 -28 -29 29 -31
leaf_value=-0.02719752427449831 0.0064570624302555807 -0.0018173250612073017 -0.036010997558423893 -0.025874238655365381 -0.046321448998551978 0.020058254746256443 -0.0093950248509563836 0.039789373671216363 -0.0029343548824727951 -0.057737383853733365 0.0016834460099681384 0.014485444026817194 -0.13339254104955631 0.032794161754495961 0.034900696275903698 -0.034200419482935798 0.0097363790463728412 0.0035747008498073704 -0.17655002500699915 -0.050615609685579932 -0.024846489205647165 -0.047154935341188614 -0.0065343235222862497 -0.0064115208387374879 0.042634254530072219 -0.14763627712215696 0.1840491815337113 0.0063432584663402755 0.032151778728924503 0.0067515063615616521
leaf_weight=385 19219 30187 942 1852 142 3435 2692 526 24116 167 737 87 55 51 554 504 2493 20103 23 42 542 613 101 60 50 28 28 1061 1225 1715
leaf_count=385 19219 30187 942 1852 142 3435 2692 526 24116 167 737 87 55 51 554 504 2493 20103 23 42 542 613 101 60 50 28 28 1061 1225 1715
internal_value=0.000534502 0.00279515 -0.00459299 -0.00642122 3.87077e-05 0.00773074 0.00602679 0.00770495 -0.00547169 -0.00425701 -0.0180295 -0.0420172 -0.0601564 -0.0415083 0.0109673 0.007248 0.00234761 0.000338091 -0.0644745 0.0331045 -0.0162936 -0.0135062 -0.0304538 0.00788995 0.0370119 -0.0513467 0.0933986 -0.0042025 0.00790031 0.017335
internal_weight=113735 78934 34801 30297 50648 28286 24851 4504 29355 26766 2589 358 271 216 4119 3565 2997 50290 165 568 2650 2483 880 267 179 88 78 1603 22159 2940
internal_count=113735 78934 34801 30297 50648 28286 24851 4504 29355 26766 2589 358 271 216 4119 3565 2997 50290 165 568 2650 2483 880 267 179 88 78 1603 22159 2940
is_linear=0
shrinkage=0.05


Tree=112
num_leaves=31
num_cat=0
split_feature=0 1 1 0 1 0 1 1 0 0 0 0 0 0 0 0 1 1 1 1 1 1 1 1 0 0 0 0 0 0
split_gain=475.926 389.221 282.463 307.297 222.69 185.134 161.646 153.83 153.632 134.445 132.458 133.609 133.062 132.361 164.662 205.256 127.728 118.437 156.312 154.991 216.906 171.903 226.282 137.888 121.581 117.045 115.14 214.51 112.997 165.163
threshold=4.2047970190402397 0.11521755792358598 -0.66476311403078769 2.8775961260131271 0.92374597262104541 2.5172558643058736 -0.663836168103625 0.9899572276429659 3.9345095588988146 4.2137218946976223 4.2090309300640696 4.2070967715774277 4.2064821181253196 3.645893636145678 2.8775961260131271 3.1486491245954151 0.94133524972883265 0.048138544056856865 0.031197422311893905 0.060706366511186473 0.064067982905915782 0.075124395759681578 0.085819128203325809 0.070954679831247813 4.2122774011156929 2.5172558643058736 4.2097280195538902 4.2112150699723587 3.9345095588988146 4.1108919008022484
decision_type=2 2 2 2 2 2 2 2 2 2 2 2 2 2 2 2 2 2 2 2 2 2 2 2 2 2 2 2 2 2
left_child=2 9 5 25 -3 -1 8 -8 -5 17 11 12 16 14 -7 -16 -6 18 26 -19 -21 23 -23 -22 -25 -4 -2 -28 -9 -30
right_child=1 4 3 6 10 13 7 28 -10 -11 -12 -13 -14 -15 15 -17 -18 19 -20 20 21 22 -24 24 -26 -27 27 -29 29 -31
leaf_value=-0.025837646510766504 0.010466543022399091 -0.00031180563816622848 -0.10004354885646277 -0.018692096873332061 -0.10828001181800645 0.035302517072437541 -0.0027876370387663225 -0.044430400222195042 0.077721430166136654 0.022968981712691967 0.013761171861819325 -0.12672291538932109 0.031154455069233391 0.033155661271397525 -0.022774595185554924 0.0092495601300897883 -0.02010023758154024 -0.0018036985927224879 0.012403408045649683 0.023716994085441114 0.0064139305848768119 0.017741345254864611 0.0032633248714026191 -0.020339892010968804 0.0048171901784205282 -0.029492034270819218 -0.072543625328355218 -0.00024357242944091908 -0.0015466459178496191 -0.028931125686424575
leaf_weight=385 349 41480 63 2547 77 446 24116 299 42 1183 87 55 51 554 626 2493 88 7832 8982 1681 1715 3893 8798 1530 700 879 167 266 1471 880
leaf_count=385 349 41480 63 2547 77 446 24116 299 42 1183 87 55 51 554 626 2493 88 7832 8982 1681 1715 3893 8798 1530 700 879 167 266 1471 880
internal_value=0.000507776 0.00265539 -0.00436334 -0.00610016 -0.000650694 0.0073197 -0.0051981 -0.00404415 -0.017128 0.00638409 -0.0399163 -0.0571486 -0.0394329 0.0104189 0.0068856 0.00282214 -0.0612508 0.00583778 0.0105367 0.00408319 0.00660031 0.00487074 0.0077045 -0.0042454 -0.0124431 -0.0342104 -0.0109038 -0.0281284 -0.0154789 -0.0117969
internal_weight=113735 78934 34801 30297 41838 4504 29355 26766 2589 37096 358 271 216 4119 3565 3119 165 35913 9764 26149 18317 16636 12691 3945 2230 942 782 433 2650 2351
internal_count=113735 78934 34801 30297 41838 4504 29355 26766 2589 37096 358 271 216 4119 3565 3119 165 35913 9764 26149 18317 16636 12691 3945 2230 942 782 433 2650 2351
is_linear=0
shrinkage=0.05


Tree=113
num_leaves=31
num_cat=0
split_feature=0 1 0 0 1 0 0 1 1 0 1 1 1 1 1 1 1 1 0 1 1 0 0 0 0 0 0 0 0 0
split_gain=441.123 248.392 379.28 258.461 196.989 219.217 509.69 377.317 379.464 286.731 485.108 446.147 923.343 239.047 207.357 318.55 168.866 151.888 134.177 2262.43 511.538 3684.68 754.174 942.645 573.068 588.054 263.563 229.143 577.706 173.569
threshold=4.2112886141682795 0.9899572276429659 4.2035116318896408 3.1798972002998278 -0.66476311403078769 3.7899177110824094 4.163209113926416 0.92374597262104541 -0.0015408843540269332 3.9345095588988146 -0.66223408215259416 0.88866561193202009 -0.66258612056614341 0.10072043667280038 -0.0022132866865079664 -0.66314670257716057 0.42905479745205016 0.80403983572463045 3.6144161971290862 -0.6616821142420839 -0.6616821142420839 3.5221603261481738 3.4939319065458361 3.4656563857364762 3.425455265970681 3.3150374316227009 3.3976557356948374 3.6940139724464429 3.6599288646592698 3.3505180837725921
decision_type=2 2 2 2 2 2 2 2 2 2 2 2 2 2 2 2 2 2 2 2 2 2 2 2 2 2 2 2 2 2
left_child=1 3 -3 -1 -5 14 9 8 -8 10 -7 12 -11 -10 15 -6 -2 -18 20 -20 -17 22 23 24 25 -22 29 28 -21 -27
right_child=16 2 -4 4 5 6 7 -9 13 11 -12 -13 -14 -15 -16 18 17 -19 19 27 21 -23 -24 -25 -26 26 -28 -29 -30 -31
leaf_value=-0.012258472158817721 0.0076378201121462099 -0.014217119574067509 -0.21388383805751801 0.012835091334536164 -0.010798131966849436 -0.0013687333565377189 -0.15747184933800448 -0.030973522925211047 0.0044370208264541333 0.075314143341738027 0.19986912818445313 0.02976202525367791 0.4380265108495951 -0.0017516431741690141 -0.018116000498946138 0.0058463135612550716 -0.090016002901829789 -0.0077586755159613184 0.013526350034756281 -0.35103606780370078 -0.11756815403065785 0.5130379985018475 -0.28266740603880453 0.31929444869359336 -0.231564789551955 0.066650546680797229 -0.0041509900774274562 -0.35020592087193542 0.008063059761410668 0.2515502770741781
leaf_weight=4470 20266 2645 24 2921 5916 882 38 967 25008 143 31 880 20 41494 2867 3703 80 188 862 24 47 41 22 24 26 22 35 38 21 30
leaf_count=4470 20266 2645 24 2921 5916 882 38 967 25008 143 31 880 20 41494 2867 3703 80 188 862 24 47 41 22 24 26 22 35 38 21 30
internal_value=0.000482388 -0.000979215 -0.0160125 -0.000536013 7.28438e-05 -0.000375533 0.000763756 3.47076e-05 0.000485338 0.0259252 0.0054641 0.0438361 0.119819 0.000575597 -0.00616135 -0.00299107 0.0071164 -0.0323131 0.0064444 -0.0104801 0.0104934 0.0801623 -0.00599256 0.0270881 -0.0167428 0.024939 0.101926 -0.2598 -0.183456 0.173323
internal_weight=113735 93201 2669 90532 86062 83141 69463 67507 66540 1956 913 1043 163 66502 13678 10811 20534 268 4895 945 3950 247 206 184 160 134 87 83 45 52
internal_count=113735 93201 2669 90532 86062 83141 69463 67507 66540 1956 913 1043 163 66502 13678 10811 20534 268 4895 945 3950 247 206 184 160 134 87 83 45 52
is_linear=0
shrinkage=0.05


Tree=114
num_leaves=31
num_cat=0
split_feature=0 0 1 1 0 1 1 1 0 1 0 1 1 1 1 0 1 0 1 0 1 0 0 1 0 0 0 0 0 0
split_gain=399.269 229.149 258.575 238.584 272.171 223.622 649.951 205.611 158.563 151.173 144.036 136.06 135.738 133.093 130.345 218.508 223.85 211.171 682.91 263.984 2645.83 803.213 521.379 447.534 3581.35 614.634 933.548 447.428 596.667 237.865
threshold=4.2117077052705172 4.2047970190402397 0.92374597262104541 -0.66476311403078769 2.7880469424112762 0.27970993060822436 0.26102882948921441 0.10072043667280038 2.5172558643058736 -0.663836168103625 3.645893636145678 0.99350906400522165 0.27368111193524619 0.26948431542544993 -0.6616821142420839 3.9345095588988146 -0.66314670257716057 3.7276973426772373 -0.0022132866865079664 3.6144161971290862 -0.0022132866865079664 3.6940139724464429 3.6599288646592698 -0.0022132866865079664 3.5221603261481738 3.4939319065458361 3.4656563857364762 3.425455265970681 3.3150374316227009 3.3976557356948374
decision_type=2 2 2 2 2 2 2 2 2 2 2 2 2 2 2 2 2 2 2 2 2 2 2 2 2 2 2 2 2 2
left_child=1 3 7 8 -5 6 -2 -3 -1 10 -6 -4 13 -8 15 16 -11 19 -19 23 21 22 -21 24 25 26 27 28 -16 -30
right_child=5 2 11 4 9 -7 12 -9 -10 14 -12 -13 -14 -15 17 -17 -18 18 -20 20 -22 -23 -24 -25 -26 -27 -28 -29 29 -31
leaf_value=-0.023932839892441771 0.0083251185036324407 0.0049140045940959812 -0.037059300698113307 -0.038022347472811718 -0.023684689111107871 -0.019790936629433001 0.16610214579302598 -0.00096512475951044991 0.0096211126242365993 -0.0079267456940826288 0.0023867323593738184 -0.17233973026275637 0.2249354977280863 0.022855649071355021 -0.083078112954996078 0.070855887928003569 0.0064372406371667884 0.28825699776411057 -0.0041450376397989949 -0.33348426421483363 -0.017678793052641337 -0.49628157966277175 0.0076599052974155972 -0.015867280717438662 0.48738607720630922 -0.26853402527895842 0.3033297340075175 -0.21998655612652121 0.16465729887668903 -0.0039434051513671875
leaf_weight=385 14866 24067 263 633 1884 698 34 38924 4119 5102 737 20 31 31 98 109 5791 20 12632 24 1942 34 21 1070 41 22 24 26 52 35
leaf_count=385 14866 24067 263 633 1884 698 34 38924 4119 5102 737 20 31 31 98 109 5791 20 12632 24 1942 34 21 1070 41 22 24 26 52 35
internal_value=0.000458268 -0.000725516 0.00106687 -0.00398438 -0.00558061 0.00787204 0.00916256 0.00128112 0.00675294 -0.00488833 -0.0163537 -0.0466198 0.138844 0.0977846 -0.00377712 0.000414388 -0.00029048 -0.00665193 -0.00368282 -0.0177364 -0.0292175 -0.312865 -0.174284 -0.000774957 0.0534156 -0.015817 0.00784157 -0.0257685 0.00152706 0.0968294
internal_weight=113735 98075 63274 34801 30297 15660 14962 62991 4504 29664 2621 283 96 65 27043 11002 10893 16041 12652 3389 2021 79 45 1368 298 257 235 211 185 87
internal_count=113735 98075 63274 34801 30297 15660 14962 62991 4504 29664 2621 283 96 65 27043 11002 10893 16041 12652 3389 2021 79 45 1368 298 257 235 211 185 87
is_linear=0
shrinkage=0.05


Tree=115
num_leaves=31
num_cat=0
split_feature=1 0 1 0 1 1 0 1 0 0 1 1 1 0 0 1 1 0 0 0 1 0 1 1 1 0 1 0 1 1
split_gain=814.128 476.878 249.411 296.677 277.86 409.716 218.949 206.556 212.626 196.568 409.109 379.441 393.984 730.604 481.384 382.92 226.99 320.339 289.509 264.02 214.084 342.051 190.621 181.743 180.895 165.611 163.495 138.181 132.028 123.862
threshold=0.38248090967220355 3.7107793083163441 -0.6616821142420839 3.645893636145678 -0.66314670257716057 -0.66476311403078769 3.017657434145895 0.04882569966417271 4.2127827764752741 4.2083814024886363 0.59821005442195807 0.76175444319795671 0.67611158993753573 4.2092521302304364 4.2093540619516814 0.78217850835714009 0.63060179185295528 4.2085508141781736 4.2091428143259337 4.2089088136697255 0.5840315508993168 4.2089699472680069 0.61379160706171965 0.057174585559229642 0.63060179185295528 2.6743727390994265 0.61379160706171965 4.2092521302304364 -0.662047967150724 -0.66442365959318073
decision_type=2 2 2 2 2 2 2 2 2 2 2 2 2 2 2 2 2 2 2 2 2 2 2 2 2 2 2 2 2 2
left_child=1 2 3 4 5 -1 -6 -3 23 -2 20 12 14 -14 16 -13 19 -18 -19 -12 -11 -22 -16 -9 -24 -4 -21 -23 -8 -7
right_child=9 7 25 -5 6 29 28 8 -10 10 11 15 13 -15 22 -17 17 18 -20 26 21 27 24 -25 -26 -27 -28 -29 -30 -31
leaf_value=0.0027262568367206188 -0.012782645306421645 0.0082253967221818883 -0.14923911243677043 0.021502578544663472 -0.018942169855970553 -0.048330772145750545 0.0063716406558308944 -0.0090830847075530612 0.01118213664408175 -0.0070002386281781352 0.06312907655147991 -0.18921013832572969 0.11827663086620827 -0.053055320334970027 0.24243431240320207 -0.0054837133916159232 -0.14022296584654051 0.010007169885743086 -0.19029794733971359 -0.16526481632305229 -0.13302182493538692 0.10566463450399728 -0.0050498682052590128 0.0016042361857641304 0.12755244532600046 -0.017406752392808249 0.0063436596734183174 -0.03644694273173809 0.040933168754201839 -0.016330285627047976
leaf_weight=3906 14959 15288 24 1131 856 319 4157 4337 5352 4525 157 31 280 80 20 333 61 184 20 23 87 26 43 48050 64 3218 35 50 296 5807
leaf_count=3906 14959 15288 24 1131 856 319 4157 4337 5352 4525 157 31 280 80 20 333 61 184 20 23 87 26 43 48050 64 3218 35 50 296 5807
internal_value=-0.000817364 0.00119472 -0.00570596 -0.00321094 -0.00503292 -0.0099281 0.00421711 0.00305759 0.00168927 -0.00971252 -0.00208236 0.0223819 0.038761 0.0802029 0.0141826 -0.0211307 -0.00872091 -0.0396915 -0.00963059 0.0294521 -0.00902817 -0.0653249 0.100747 0.000719457 0.0742637 -0.0183827 -0.061708 0.0121702 0.00866902 -0.0179967
internal_weight=113719 92741 19714 16472 15341 10032 5309 73027 57739 20978 6019 1331 967 360 607 364 480 265 204 215 4688 163 127 52387 107 3242 58 76 4453 6126
internal_count=113719 92741 19714 16472 15341 10032 5309 73027 57739 20978 6019 1331 967 360 607 364 480 265 204 215 4688 163 127 52387 107 3242 58 76 4453 6126
is_linear=0
shrinkage=0.05


Tree=116
num_leaves=31
num_cat=0
split_feature=1 0 0 1 1 1 0 0 1 1 0 0 0 0 1 0 1 0 1 1 0 1 0 0 1 0 1 0 0 1
split_gain=734.751 439.563 177.403 369.221 342.445 355.571 659.37 434.449 345.585 211.815 302.205 265.071 231.1 221.776 193.211 317.152 172.035 166.723 205.034 261.559 291.211 270.795 283.539 1992.55 165.765 177.717 163.258 162.438 243.475 217.654
threshold=0.38248090967220355 4.2053251092588484 4.2083814024886363 0.59821005442195807 0.76175444319795671 0.67611158993753573 4.2092521302304364 4.2093540619516814 0.78217850835714009 0.64469578816960282 4.208849531058557 4.2085508141781736 4.2089699472680069 4.2090870767876725 0.5840315508993168 4.2087814111788378 0.61379160706171965 2.6743727390994265 -0.66476311403078769 -0.66314670257716057 3.8701868380452269 -0.6616821142420839 3.7587056847616118 4.1763048044315134 0.048138544056856865 4.2133169568797095 0.63060179185295528 3.4119034434975446 3.3150374316227009 -0.66325312116481017
decision_type=2 2 2 2 2 2 2 2 2 2 2 2 2 2 2 2 2 2 2 2 2 2 2 2 2 2 2 2 2 2
left_child=1 17 -2 14 5 7 -7 9 -6 10 -5 -11 -12 -13 -4 -16 -9 -1 -19 20 27 -21 -23 -24 -3 -26 -18 28 -20 -29
right_child=2 24 3 4 8 6 -8 16 -10 11 12 13 -14 -15 15 -17 26 18 19 21 -22 22 23 -25 25 -27 -28 29 -30 -31
leaf_value=-0.024725459441400241 -0.012143513118883639 0.010248148032590481 -0.0066502261442114288 0.053198785647918384 -0.17974963466666882 0.11236279992652792 -0.050402555686887354 0.23031260728836062 -0.0052095266939672247 -0.1549075202935416 -0.16138716737429304 0.012660399670838506 -0.00088454573282173714 -0.16453135490772272 -0.1510760579859057 -0.0074143692426899875 -0.0047973799844120832 0.0080337314813712125 -0.01401818162141742 0.0076516654991517219 0.037388659783745358 -0.017522020177624636 0.36508933144646721 -0.0023627967396465002 0.0019984422435998144 0.015550093318788101 0.12117482235771604 -0.0039075044441658005 -0.045209047370383067 -0.040314332178245649
leaf_weight=883 14959 8548 4525 199 31 280 80 20 333 46 33 111 70 21 62 101 43 3924 2340 6093 289 3411 37 12798 46518 2552 64 4037 854 457
leaf_count=883 14959 8548 4525 199 31 280 80 20 333 46 33 111 70 21 62 101 43 3924 2340 6093 289 3411 37 12798 46518 2552 64 4037 854 457
internal_value=-0.000776496 0.00113498 -0.0092269 -0.00197824 0.0212628 0.036823 0.0761927 0.0134735 -0.0200742 -0.00828487 0.0172148 -0.0515483 -0.0523077 -0.0155292 -0.00857676 -0.0620587 0.0957099 -0.00327389 -0.00272069 -0.00411271 -0.0118847 -0.00133743 -0.00470875 -0.00130353 0.00382256 0.00270323 0.0705505 -0.0137369 -0.0223579 -0.00760976
internal_weight=113719 92741 20978 6019 1331 967 360 607 364 480 302 178 103 132 4688 163 127 35123 34240 30316 7977 22339 16246 12835 57618 49070 107 7688 3194 4494
internal_count=113719 92741 20978 6019 1331 967 360 607 364 480 302 178 103 132 4688 163 127 35123 34240 30316 7977 22339 16246 12835 57618 49070 107 7688 3194 4494
is_linear=0
shrinkage=0.05


Tree=117
num_leaves=31
num_cat=0
split_feature=1 0 1 0 1 0 0 0 1 1 1 0 0 1 1 0 0 0 0 1 0 1 1 0 1 0 1 1 0 0
split_gain=663.113 396.787 162.275 232.577 252.81 189.327 181.156 160.106 333.222 309.057 320.903 595.082 392.09 311.891 191.163 272.74 239.227 208.567 200.153 174.373 286.23 155.262 150.378 163.65 147.34 136.466 293.592 122.039 121.869 420.183
threshold=0.38248090967220355 4.2050834773621171 -0.66476311403078769 3.4388022870276038 -0.66352079279499898 3.5668801272128876 2.6743727390994265 4.2083814024886363 0.59821005442195807 0.76175444319795671 0.67611158993753573 4.2092521302304364 4.2093540619516814 0.78217850835714009 0.64469578816960282 4.208849531058557 4.2085508141781736 4.2089699472680069 4.2090870767876725 0.5840315508993168 4.2087814111788378 0.61379160706171965 0.048138544056856865 4.2133169568797095 0.63060179185295528 4.2087076272842721 0.63060179185295528 0.05528260000441651 3.425455265970681 3.367097349452131
decision_type=2 2 2 2 2 2 2 2 2 2 2 2 2 2 2 2 2 2 2 2 2 2 2 2 2 2 2 2 2 2
left_child=1 2 5 4 -4 28 -6 -2 19 10 12 -12 14 -11 15 25 -16 -17 -18 -9 -21 -14 -3 27 -23 26 -10 -24 29 -1
right_child=7 22 3 -5 6 -7 -8 8 9 13 11 -13 21 -15 16 17 18 -19 -20 20 -22 24 23 -25 -26 -27 -28 -29 -30 -31
leaf_value=-0.0015029629726181146 -0.011536337511610434 0.0094014262599144763 -0.026878084215552069 -0.0019521758748688384 -0.044696579192689545 0.026615642547093324 -0.0045203159082759957 -0.0063177148401373012 0.066204079880185854 -0.17076215563762576 0.10674465867025512 -0.047882427793229002 0.21879698038101197 -0.0049490509747021332 -0.14716214952261553 -0.15331781122720603 0.012027374950346647 -0.00084032020398548679 -0.15630478901522502 -0.14352225904022495 -0.0070436508551535038 -0.0045575107686048333 -0.0083892455617039802 0.014772588780995358 0.11511608186992817 0.11589128481583638 -0.099061247220055937 0.0024015633513248189 -0.017621796653468632 0.060223782144511018
leaf_weight=2558 14959 9129 2111 20450 296 858 5385 4525 106 31 280 80 20 333 46 33 111 70 21 62 101 43 2780 2552 64 57 36 45574 739 309
leaf_count=2558 14959 9129 2111 20450 296 858 5385 4525 106 31 280 80 20 333 46 33 111 70 21 62 101 43 2780 2552 64 57 36 45574 739 309
internal_value=-0.000737671 0.00107823 -0.00335276 -0.00475298 -0.0121037 0.00550589 -0.00661364 -0.00876555 -0.00187933 0.0201997 0.0349818 0.0723831 0.0127998 -0.0190705 -0.00787063 0.016354 -0.0489709 -0.0496923 -0.0147527 -0.00814792 -0.0589558 0.0909244 0.00349216 0.00243245 0.067023 0.0505388 0.0243058 0.00178117 0.000483101 0.00514983
internal_weight=113719 92741 32706 28242 7792 4464 5681 20978 6019 1331 967 360 607 364 480 302 178 103 132 4688 163 127 60035 50906 107 199 142 48354 3606 2867
internal_count=113719 92741 32706 28242 7792 4464 5681 20978 6019 1331 967 360 607 364 480 302 178 103 132 4688 163 127 60035 50906 107 199 142 48354 3606 2867
is_linear=0
shrinkage=0.05


Tree=118
num_leaves=31
num_cat=0
split_feature=1 0 0 1 1 1 0 0 1 1 0 0 0 0 1 0 0 0 1 1 0 1 0 0 0 0 1 0 0 0
split_gain=598.459 359.999 144.496 300.733 278.924 289.615 537.061 353.862 281.481 172.525 246.148 215.902 188.232 180.638 157.371 265.637 141.625 139.994 169.12 219.76 262.674 248.585 253.296 1798.79 153.904 219.602 189.82 398.606 408.586 183.411
threshold=0.38248090967220355 4.2053251092588484 4.2083814024886363 0.59821005442195807 0.76175444319795671 0.67611158993753573 4.2092521302304364 4.2093540619516814 0.78217850835714009 0.64469578816960282 4.208849531058557 4.2085508141781736 4.2089699472680069 4.2090870767876725 0.5840315508993168 4.2089699472680069 4.210056713393997 2.6743727390994265 -0.66476311403078769 -0.66314670257716057 3.9345095588988146 -0.6616821142420839 3.7587056847616118 4.1763048044315134 3.4119034434975446 3.3150374316227009 -0.66325312116481017 3.5668801272128876 3.4656563857364762 3.5079858025000532
decision_type=2 2 2 2 2 2 2 2 2 2 2 2 2 2 2 2 2 2 2 2 2 2 2 2 2 2 2 2 2 2
left_child=1 17 -2 14 5 7 -7 9 -6 10 -5 -11 -12 -13 -4 -16 -9 -1 -19 20 24 -21 -23 -24 25 -20 -26 28 -28 -30
right_child=2 -3 3 4 8 6 -8 16 -10 11 12 13 -14 -15 15 -17 -18 18 19 21 -22 22 23 -25 26 -27 27 -29 29 -31
leaf_value=-0.022622535297845407 -0.010959520723026861 0.003456534514036986 -0.0060018291806606637 0.04801190682738346 -0.16222404490915998 0.10140742770836889 -0.045488307268824434 0.0635504699059736 -0.0047015985424522675 -0.13980403657921631 -0.14565191594037144 0.011426011741429836 -0.00079830315496240336 -0.14848955745054854 -0.11566582210790154 0.012284567586979584 0.2085062849521637 0.007308524483512469 -0.012435333333306542 0.0074335182899618645 0.067714093916472942 -0.016519850515139326 0.34693248916316677 -0.0021971349107675568 -0.0027598382213850883 -0.042057605458977493 -0.0019922075264247846 0.0040607874808868153 -0.21797814374932878 -0.09400940929240148
leaf_weight=883 14959 57618 4525 199 31 280 80 107 333 46 33 111 70 21 87 76 20 3924 2340 6093 105 3411 37 12798 4210 854 81 265 52 70
leaf_count=883 14959 57618 4525 199 31 280 80 107 333 46 33 111 70 21 87 76 20 3924 2340 6093 105 3411 37 12798 4210 854 81 265 52 70
internal_value=-0.000700787 0.00102432 -0.00832728 -0.00178537 0.0191897 0.0332327 0.0687639 0.0121598 -0.018117 -0.00747709 0.0155363 -0.0465224 -0.0472077 -0.0140151 -0.00774052 -0.056008 0.0863782 -0.00296563 -0.00245871 -0.00372295 -0.0108469 -0.00117907 -0.00440919 -0.00119068 -0.0118948 -0.0203556 -0.00611794 -0.0363265 -0.0890487 -0.146849
internal_weight=113719 92741 20978 6019 1331 967 360 607 364 480 302 178 103 132 4688 163 127 35123 34240 30316 7977 22339 16246 12835 7872 3194 4678 468 203 122
internal_count=113719 92741 20978 6019 1331 967 360 607 364 480 302 178 103 132 4688 163 127 35123 34240 30316 7977 22339 16246 12835 7872 3194 4678 468 203 122
is_linear=0
shrinkage=0.05


Tree=119
num_leaves=31
num_cat=0
split_feature=1 0 1 0 1 0 1 0 0 1 1 1 0 0 1 0 1 0 1 1 1 0 0 0 0 0 1 0 1 0
split_gain=540.109 325.686 143.655 206.188 178.106 167.796 130.934 149.252 130.407 271.411 251.729 261.377 484.698 319.36 254.037 160.914 142.028 239.737 141.087 132.163 127.055 268.513 135.328 283.525 124.708 123.16 264.966 121.223 670.134 231.284
threshold=0.38248090967220355 4.2049040222917133 -0.66476311403078769 3.017657434145895 -0.66442365959318073 3.5668801272128876 0.048138544056856865 4.2133169568797095 4.2083814024886363 0.59821005442195807 0.76175444319795671 0.67611158993753573 4.2092521302304364 4.2093540619516814 0.78217850835714009 4.2090870767876725 0.5840315508993168 4.2089699472680069 0.61379160706171965 0.63060179185295528 0.64469578816960282 4.2085508141781736 4.208849531058557 4.2089699472680069 4.2092521302304364 4.2087076272842721 0.63060179185295528 4.2077310619281354 0.51724704080845141 4.2079410597434483
decision_type=2 2 2 2 2 2 2 2 2 2 2 2 2 2 2 2 2 2 2 2 2 2 2 2 2 2 2 2 2 2
left_child=1 2 5 -4 -5 -1 -3 -8 27 16 11 13 -13 15 -12 20 -10 -18 -15 -20 22 -22 25 -24 -19 26 -11 -2 29 -29
right_child=8 6 3 4 -6 -7 7 -9 9 10 14 12 -14 18 -16 -17 17 24 19 -21 21 -23 23 -25 -26 -27 -28 28 -30 -31
leaf_value=0.00031762895207350828 -0.0083663324448615805 0.008394173586627739 -0.022032493080566762 -0.035923317743284403 -0.0029656522149086114 0.024919434341098376 0.001463714632302802 0.013861132704668447 -0.0057017378548612999 0.060493280668303652 -0.1541128422103582 0.096337055343402811 -0.043213891517370942 0.20395481795072556 -0.00446651828155067 -0.080911225895397371 -0.10988253334044724 0.1004900657500212 -0.0085184748089590749 0.10482379047316499 -0.13281383655317452 0.010854710148529964 -0.13836932308746105 0.08010610148862557 -0.034515925038605927 0.10769612672820426 -0.096508788966780737 0.074361578990233906 -0.035702553385214768 0.005911366057557029
leaf_weight=3606 12399 9690 1603 417 24164 858 49851 2552 4525 106 31 280 80 20 333 64 87 26 43 64 46 111 33 27 50 57 36 162 1880 518
leaf_count=3606 12399 9690 1603 417 24164 858 49851 2552 4525 106 31 280 80 20 333 64 87 26 43 64 46 111 33 27 50 57 36 162 1880 518
internal_value=-0.000665748 0.000973107 -0.00324438 -0.00465781 -0.00352476 0.0050462 0.00305479 0.00206746 -0.00791091 -0.0016961 0.0182302 0.0315711 0.0653257 0.0115518 -0.0172111 -0.00710324 -0.0073535 -0.0532076 0.0820592 0.059275 0.00425184 -0.0312393 0.0257657 -0.0400554 0.0116703 0.0456113 0.0206899 -0.0104115 -0.0203172 0.0222186
internal_weight=113719 92741 30648 26184 24581 4464 62093 52403 20978 6019 1331 967 360 607 364 480 4688 163 127 107 416 157 259 60 76 199 142 14959 2560 680
internal_count=113719 92741 30648 26184 24581 4464 62093 52403 20978 6019 1331 967 360 607 364 480 4688 163 127 107 416 157 259 60 76 199 142 14959 2560 680
is_linear=0
shrinkage=0.05


Tree=120
num_leaves=31
num_cat=0
split_feature=0 1 0 0 0 1 0 0 1 0 1 1 1 0 1 1 0 1 0 1 0 0 1 1 1 0 1 1 0 0
split_gain=311.278 209.764 402.807 181.855 172.064 270.211 229.21 131.822 131.47 427.487 401.069 343.524 245.11 241.228 458.835 300.69 171.793 187.057 145.019 302.409 123.484 183.575 258.789 322.73 183.897 127.506 123.418 261.538 122.168 119.34
threshold=4.2112886141682795 0.9899572276429659 4.2035116318896408 3.1798972002998278 4.1763048044315134 0.99518812659106171 4.1108919008022484 3.9345095588988146 0.18180554087128556 4.163209113926416 0.94133524972883265 0.1867254703448655 0.95832438602939451 4.1481006113486876 0.90581773459918347 0.94133524972883265 4.1317818897369714 0.97366692785173814 4.1481006113486876 0.97366692785173814 4.2038258240160342 4.2045965417176916 0.48363323162759736 0.88866561193202009 0.19560049498397875 4.210586601949605 0.20351948771976511 0.20817236634261524 4.163209113926416 4.0844980415780485
decision_type=2 2 2 2 2 2 2 2 2 2 2 2 2 2 2 2 2 2 2 2 2 2 2 2 2 2 2 2 2 2
left_child=1 3 4 -1 6 -6 7 -3 -5 12 11 -11 13 -10 -15 -16 17 -14 19 -18 -13 22 -22 -24 25 -23 -26 -28 -8 -19
right_child=-2 2 -4 8 5 -7 28 -9 9 10 -12 20 16 14 15 -17 18 29 -20 -21 21 24 23 -25 26 -27 27 -29 -30 -31
leaf_value=-0.010552408839798379 0.0056747406057196421 -0.036083593982442444 -0.21077550672567807 0.0013084123893238699 0.10539236144993354 -0.043334483011410789 -0.04829191595424262 0.00013973439008499336 -0.023363052110784176 -0.040717735368307084 -0.040125888921026642 0.011537320589058216 -0.013780094766452051 0.20800589011176618 -0.024430956873502441 0.12298857710779983 0.24008425522682281 -0.019477302663856083 0.051538809594358248 0.033244512511106827 -0.012942396562652121 0.01493459607233108 -0.14215463394786984 0.038558421220098227 -0.021916739880459127 0.075279486296629464 0.046061062937694547 -0.0022772120830489313 0.0051963635395432632 0.097628799385191617
leaf_weight=4467 20552 303 26 53818 74 52 619 1468 267 586 737 1581 104 37 131 47 43 27 63 30 1856 462 84 35 781 108 283 24973 129 112
leaf_count=4467 20552 303 26 53818 74 52 619 1468 267 586 737 1581 104 37 131 47 43 27 63 30 1856 462 84 35 781 108 283 24973 129 112
internal_value=0.000104311 -0.0011227 -0.0149326 -0.000715705 -0.0130075 0.044013 -0.0158597 -0.00605771 -0.000205747 -0.00272496 -0.00367547 -0.00280182 0.0320344 0.0083782 0.0477964 0.0144944 0.0621196 0.0369358 0.107117 0.155082 -0.0020652 -0.00281762 -0.0175253 -0.0890037 -0.00172588 0.0263684 -0.00234092 -0.00173557 -0.0390673 0.0748816
internal_weight=113855 93303 2671 90632 2645 126 2519 1771 86165 32347 31486 30749 861 482 215 178 379 243 136 73 30163 28582 1975 119 26607 570 26037 25256 748 139
internal_count=113855 93303 2671 90632 2645 126 2519 1771 86165 32347 31486 30749 861 482 215 178 379 243 136 73 30163 28582 1975 119 26607 570 26037 25256 748 139
is_linear=0
shrinkage=0.05


Tree=121
num_leaves=31
num_cat=0
split_feature=0 1 0 0 0 1 0 1 0 1 1 0 1 1 0 1 1 1 1 1 1 0 1 1 1 0 1 0 1 0
split_gain=280.928 189.312 363.533 164.356 155.288 243.866 206.862 133.981 369.842 377.056 221.211 217.708 414.099 271.373 155.043 168.819 144.754 132.526 227.702 183.775 317.531 216.806 182.073 165.746 146.271 189.609 223.287 213.495 1799.33 441.908
threshold=4.2112886141682795 0.9899572276429659 4.2035116318896408 3.2962372605943853 4.1763048044315134 0.99518812659106171 4.1108919008022484 0.10072043667280038 4.163209113926416 0.94133524972883265 0.95832438602939451 4.1481006113486876 0.90581773459918347 0.94133524972883265 4.1317818897369714 0.97366692785173814 0.10561795215628932 0.075689531124609646 0.078315923637913148 0.072205154621690457 0.073158175466684919 4.2105579519131142 0.061351089184763445 0.064067982905915782 0.049987693604997809 3.8240175911680279 -0.6616821142420839 4.163209113926416 -0.662047967150724 4.1763048044315134
decision_type=2 2 2 2 2 2 2 2 2 2 2 2 2 2 2 2 2 2 2 2 2 2 2 2 2 2 2 2 2 2
left_child=1 3 4 -1 6 -6 -3 17 10 16 11 -9 -13 -14 15 -12 -10 19 -19 22 21 -21 24 -24 25 26 -5 28 -27 -29
right_child=-2 2 -4 7 5 -7 -8 8 9 -11 14 12 13 -15 -16 -17 -18 18 -20 20 -22 -23 23 -25 -26 27 -28 29 -30 -31
leaf_value=-0.008220914487618922 0.0053910036751924906 -0.0057548211785607211 -0.20023672878742219 0.0014971436931558283 0.10012274766466707 -0.041167758347896433 -0.037113966097567168 -0.022194899220568082 -0.02757076410488328 -0.038119594767036392 -0.013091091755240298 0.19760559503542816 -0.023209408215666548 0.11683914819137847 0.10176108451149263 0.071137495885650034 -0.0017027934593465462 0.024790823845051022 0.0029095580875132462 -0.17176965849249867 -0.010677782550358962 -0.024903991443917473 0.02824119944506482 0.0020841758649402711 -0.0070386603090290675 0.018421665782022041 -0.013636324500100539 -0.22982802391052248 0.44884303294122224 0.0054365523008470867
leaf_weight=6692 20552 1771 26 11611 74 52 748 267 548 737 104 37 131 47 136 139 41230 1630 4394 54 1069 47 1167 1259 5395 844 3085 20 25 9964
leaf_count=6692 20552 1771 26 11611 74 52 748 267 548 737 104 37 131 47 136 139 41230 1630 4394 54 1069 47 1167 1259 5395 844 3085 20 25 9964
internal_value=9.90958e-05 -0.00106656 -0.014186 -0.00067992 -0.0123572 0.0418124 -0.0150667 -7.87248e-05 -0.00201048 -0.00266751 0.0304327 0.00795929 0.0454066 0.0137697 0.0590136 0.035089 -0.0020421 0.00198694 0.00883029 0.000793421 -0.0186843 -0.103426 0.00147634 0.0146667 0.000442215 0.0020219 -0.00167969 0.0070342 0.0308043 0.00496527
internal_weight=113855 93303 2671 90632 2645 126 2519 83940 43376 42515 861 482 215 178 379 243 41778 40564 6024 34540 1170 101 33370 2426 30944 25549 14696 10853 869 9984
internal_count=113855 93303 2671 90632 2645 126 2519 83940 43376 42515 861 482 215 178 379 243 41778 40564 6024 34540 1170 101 33370 2426 30944 25549 14696 10853 869 9984
is_linear=0
shrinkage=0.05


Tree=122
num_leaves=31
num_cat=0
split_feature=0 1 0 0 0 1 0 0 0 1 1 1 1 1 1 0 1 1 0 1 0 1 1 0 1 1 0 1 0 1
split_gain=253.538 170.854 328.089 158.49 140.148 220.089 186.693 118.969 110.256 109.154 211.582 208.639 118.5 107.02 94.41 94.1441 158.213 265.062 213.536 137.997 333.782 340.293 199.643 196.482 373.724 244.914 139.927 152.359 130.88 272.924
threshold=4.2112886141682795 0.9899572276429659 4.2035116318896408 2.5172558643058736 4.1763048044315134 0.99518812659106171 4.1108919008022484 3.9345095588988146 4.163209113926416 0.037513468545582969 0.026335236696960137 0.048138544056856865 0.035526590940496004 0.99350906400522165 -0.66476311403078769 3.3829345773626645 -0.6616821142420839 -0.0022132866865079664 3.3329922903862736 0.10072043667280038 4.163209113926416 0.94133524972883265 0.95832438602939451 4.1481006113486876 0.90581773459918347 0.94133524972883265 4.1317818897369714 0.97366692785173814 4.1481006113486876 0.97366692785173814
decision_type=2 2 2 2 2 2 2 2 2 2 2 2 2 2 2 2 2 2 2 2 2 2 2 2 2 2 2 2 2 2
left_child=1 3 4 14 6 13 7 -3 -8 10 -2 -11 -12 -6 -1 16 -5 18 -18 -17 22 -22 23 -21 -25 -26 27 -24 29 -28
right_child=9 2 -4 15 5 -7 8 -9 -10 11 12 -13 -14 -15 -16 19 17 -19 -20 20 21 -23 26 24 25 -27 28 -29 -30 -31
leaf_value=-0.020949326648518823 0.014156183691485556 -0.033991673385583038 -0.19022489258876216 -0.0036815836989464905 0.03659092611388156 -0.039109368966175964 -0.044021620160986291 0.0004204896492794745 0.0067922445866026625 0.020216693312129719 -0.089501448770364131 0.0039976049445598783 -0.024035506995532335 0.15689371903685645 -0.086235118829287027 0.0022082365766701367 -0.055581812012561363 -0.0097941189994694804 -0.19702572542078356 -0.021085154456618391 -0.0019399971665629947 -0.03621361506512083 -0.012436537343399744 0.18772531452060148 -0.022048934230595146 0.11099718642876821 0.22299198414697205 0.067580617101286808 0.043873811542751301 0.026494234005610146
leaf_weight=374 356 303 26 7942 38 52 619 1468 129 2235 90 17573 298 36 65 38307 124 410 34 267 41778 737 104 37 131 47 43 139 63 30
leaf_count=374 356 303 26 7942 38 52 619 1468 129 2235 90 17573 298 36 65 38307 124 410 34 267 41778 737 104 37 131 47 43 139 63 30
internal_value=9.4141e-05 -0.00101323 -0.0134767 -0.000645924 -0.0117393 0.0397218 -0.0143134 -0.00546708 -0.0352583 0.00512145 -0.0136803 0.00582766 -0.0392209 0.0951166 -0.0306158 -0.000500051 -0.00550479 -0.0309975 -0.0860191 2.13591e-05 -0.00190996 -0.00253413 0.028911 0.00756132 0.0431363 0.0130812 0.0560629 0.0333346 0.096673 0.142239
internal_weight=113855 93303 2671 90632 2645 126 2519 1771 748 20552 744 19808 388 74 439 90193 8510 568 158 81683 43376 42515 861 482 215 178 379 243 136 73
internal_count=113855 93303 2671 90632 2645 126 2519 1771 748 20552 744 19808 388 74 439 90193 8510 568 158 81683 43376 42515 861 482 215 178 379 243 136 73
is_linear=0
shrinkage=0.05


Tree=123
num_leaves=31
num_cat=0
split_feature=0 1 0 0 0 1 0 0 0 1 1 1 1 1 1 0 1 1 0 1 0 1 1 1 0 1 1 0 1 0
split_gain=228.818 154.196 296.1 143.038 126.483 198.63 168.49 107.37 99.5063 98.5118 190.953 188.297 106.946 96.5857 85.205 84.9651 142.787 239.218 192.717 126.512 315.795 297.166 306.263 180.178 177.325 337.286 221.035 126.284 137.504 118.232
threshold=4.2112886141682795 0.9899572276429659 4.2035116318896408 2.5172558643058736 4.1763048044315134 0.99518812659106171 4.1108919008022484 3.9345095588988146 4.163209113926416 0.037513468545582969 0.026335236696960137 0.048138544056856865 0.035526590940496004 0.99350906400522165 -0.66476311403078769 3.3829345773626645 -0.6616821142420839 -0.0022132866865079664 3.3329922903862736 0.18180554087128556 4.163209113926416 0.1867254703448655 0.94133524972883265 0.95832438602939451 4.1481006113486876 0.90581773459918347 0.94133524972883265 4.1317818897369714 0.97366692785173814 4.2096520377771407
decision_type=2 2 2 2 2 2 2 2 2 2 2 2 2 2 2 2 2 2 2 2 2 2 2 2 2 2 2 2 2 2
left_child=1 3 4 14 6 13 7 -3 -8 10 -2 -11 -12 -6 -1 16 -5 18 -18 -17 23 -22 29 24 -21 -26 -27 28 -25 -23
right_child=9 2 -4 15 5 -7 8 -9 -10 11 12 -13 -14 -15 -16 19 17 -19 -20 20 21 22 -24 27 25 26 -28 -29 -30 -31
leaf_value=-0.019901859481696958 0.013448375311687986 -0.032292089348031891 -0.18071364966722636 -0.0034975046827252451 0.034761381483832864 -0.037153904598492847 -0.041820539555757617 0.00039946447851863366 0.0064526301945826807 0.019205858104846846 -0.085026374376482444 0.0037977247968635202 -0.022833732580578567 0.14904903264509306 -0.081923363300470217 0.0016136193461340769 -0.052802721783518795 -0.0093044130689260065 -0.18717443592408126 -0.020030894828437087 -0.038499709624803466 -0.003618659837731417 -0.034402934617089334 -0.011814713076007767 0.17833904677347556 -0.020946486816094578 0.10544732885157809 0.091839382038040859 0.064201582603746185 0.0035492871389433051
leaf_weight=374 356 303 26 7942 38 52 619 1468 129 2235 90 17573 298 36 65 49336 124 410 34 267 586 22425 737 104 37 131 47 136 139 7738
leaf_count=374 356 303 26 7942 38 52 619 1468 129 2235 90 17573 298 36 65 49336 124 410 34 267 586 22425 737 104 37 131 47 136 139 7738
internal_value=8.9434e-05 -0.000962571 -0.0128029 -0.000613628 -0.0111523 0.0377357 -0.0135977 -0.00519373 -0.0334954 0.00486538 -0.0129962 0.00553627 -0.0372599 0.0903608 -0.029085 -0.000475048 -0.00522955 -0.0294477 -0.0817182 2.02912e-05 -0.00240987 -0.00322683 -0.0025579 0.0274655 0.00718326 0.0409794 0.0124272 0.0532598 0.0316679 -0.0017798
internal_weight=113855 93303 2671 90632 2645 126 2519 1771 748 20552 744 19808 388 74 439 90193 8510 568 158 81683 32347 31486 30900 861 482 215 178 379 243 30163
internal_count=113855 93303 2671 90632 2645 126 2519 1771 748 20552 744 19808 388 74 439 90193 8510 568 158 81683 32347 31486 30900 861 482 215 178 379 243 30163
is_linear=0
shrinkage=0.05


Tree=124
num_leaves=31
num_cat=0
split_feature=0 1 0 0 0 1 0 1 0 0 0 0 1 0 1 1 1 0 1 1 1 0 0 0 1 0 1 0 0 1
split_gain=206.508 139.162 267.23 129.996 114.151 179.264 152.062 98.5276 101.456 192.075 138.922 96.901 94.6555 285.005 268.192 276.403 162.611 160.036 304.401 199.484 117.994 115.51 188.893 113.971 124.097 118.119 246.314 113.036 163.384 233.557
threshold=4.2112886141682795 0.9899572276429659 4.2035116318896408 3.1798972002998278 4.1763048044315134 0.99518812659106171 4.1108919008022484 -0.67005597180591814 2.5172558643058736 2.955481300684514 3.1121988692531684 3.9345095588988146 0.18180554087128556 4.163209113926416 0.1867254703448655 0.94133524972883265 0.95832438602939451 4.1481006113486876 0.90581773459918347 0.94133524972883265 0.92374597262104541 4.2045120608299937 4.2069679798942632 4.1317818897369714 0.97366692785173814 4.1481006113486876 0.97366692785173814 4.2038258240160342 4.2045965417176916 0.48363323162759736
decision_type=2 2 2 2 2 2 2 2 2 2 2 2 2 2 2 2 2 2 2 2 2 2 2 2 2 2 2 2 2 2
left_child=1 3 4 7 6 -6 11 8 -1 -10 -11 -3 -5 16 -15 27 17 20 -19 -20 -14 -17 -23 24 -18 26 -25 -16 29 -29
right_child=-2 2 -4 12 5 -7 -8 -9 9 10 -12 -13 13 14 15 21 23 18 19 -21 -22 22 -24 25 -26 -27 -28 28 -30 -31
leaf_value=-0.022672011173337468 0.0046221116591235473 -0.030677485408141549 -0.17167796607200916 0.0011329978502649417 0.085842742348039472 -0.035296206004344501 -0.03182058542927 -0.013003211599247225 0.038316740131749079 -0.035089194433759727 0.025452395281190893 0.00037949155366707381 -0.10604208007674008 -0.03657472366637967 0.011323526924898495 -0.042563286982634563 -0.011223973906957188 0.16942209294569252 -0.019899161716652965 0.10017496845189562 -0.0063322135579048826 0.039251784820881513 -0.092550644455736297 0.20725040730348854 0.060991506898949902 0.03708814948294608 0.020577553175389771 -0.011932204252845371 -0.0013807465656854418 -0.084190476854809196
leaf_weight=258 20552 303 26 53818 74 52 748 3422 391 239 157 1468 34 586 1581 590 104 37 131 47 233 111 36 43 139 63 30 1856 26607 119
leaf_count=258 20552 303 26 53818 74 52 748 3422 391 239 157 1468 34 586 1581 590 104 37 131 47 233 111 36 43 139 63 30 1856 26607 119
internal_value=8.49622e-05 -0.000914443 -0.0121627 -0.000582947 -0.0105947 0.0358489 -0.0129178 -0.00889967 0.00453797 0.0134581 -0.0110866 -0.00493404 -0.000151788 -0.00228938 -0.00306549 -0.00243 0.0260922 0.0068241 0.0389305 0.0118058 -0.0190294 -0.0326828 0.00697364 0.0505968 0.0300845 0.0872474 0.130536 -0.00169081 -0.00241069 -0.016286
internal_weight=113855 93303 2671 90632 2645 126 2519 4467 1045 787 396 1771 86165 32347 31486 30900 861 482 215 178 267 737 147 379 243 136 73 30163 28582 1975
internal_count=113855 93303 2671 90632 2645 126 2519 4467 1045 787 396 1771 86165 32347 31486 30900 861 482 215 178 267 737 147 379 243 136 73 30163 28582 1975
is_linear=0
shrinkage=0.05


Tree=125
num_leaves=31
num_cat=0
split_feature=0 0 1 0 1 0 1 1 0 1 0 1 1 1 1 1 1 0 1 1 0 1 1 1 1 1 0 1 1 0
split_gain=198.436 220.781 851.169 267.362 260.806 258.978 407.847 241.084 239.545 236.536 195.021 231.895 184.174 177.293 249.401 184.965 145.037 244.868 304.584 238.674 227.892 284.764 140.145 159.85 142.388 188.828 136.388 367.325 135.172 221.268
threshold=4.2083814024886363 4.2076228545418601 0.52999857268208184 4.2080529843511281 0.59821005442195807 4.2079410597434483 0.47337442032806615 0.56918043419434328 4.2081656876842208 0.46250386419151496 4.2084723515306495 0.63060179185295528 0.72537656303778963 0.035526590940496004 0.023304082315542939 0.048138544056856865 0.70837183041219554 4.2077310619281354 0.64469578816960282 0.54357157459813754 4.2077310619281354 0.82659308966095224 0.59821005442195807 0.55552898264406514 0.49456154115686563 0.47337442032806615 4.2079410597434483 0.67611158993753573 -0.66346757874425399 3.9345095588988146
decision_type=2 2 2 2 2 2 2 2 2 2 2 2 2 2 2 2 2 2 2 2 2 2 2 2 2 2 2 2 2 2
left_child=1 28 5 16 7 9 -7 -5 -9 -3 11 22 -13 14 -12 -15 17 19 -19 -4 -18 -22 23 24 25 -2 -20 -28 29 -1
right_child=10 2 3 4 -6 6 -8 8 -10 -11 13 12 -14 15 -16 -17 20 18 26 -21 21 -23 -24 -25 -26 -27 27 -29 -30 -31
leaf_value=-0.0070118304818499264 0.014756980143168844 -0.0078439558237133663 -0.25906374113900321 -0.0089768895748675911 0.013885550864075344 0.035965153528377418 -0.0435744224992312 0.0055813295926366536 -0.1518608710027109 0.090747284683807994 0.015706467523752158 0.16650089162208562 0.0060619437584170594 0.011442834453536959 -0.048082241143490148 0.001601487722869988 0.043954510492209387 -0.019452622773017951 -0.063303194486234393 -0.083190987562517082 -0.018676695393656524 -0.13685665250652365 -0.09574127578735353 0.10265278035196766 -0.046097641113476882 0.15384051672049934 -0.2496254281546825 -0.014652172964194727 0.00021031925421452098 0.065960770923466902
leaf_weight=9752 190 85 21 171 486 444 253 35 78 214 248 53 27 5305 401 47737 103 501 142 237 267 63 25 58 78 28 39 29 46595 105
leaf_count=9752 190 85 21 171 486 444 253 35 78 214 248 53 27 5305 401 47737 103 501 142 237 267 63 25 58 78 28 39 29 46595 105
internal_value=0.000354286 -0.00163579 -0.0144798 -0.0320302 -0.00835905 0.0237926 0.00709354 -0.0464255 -0.103096 0.0627197 0.00254539 0.0349985 0.112353 0.00226795 -0.0237069 0.00258577 -0.0450307 -0.0557809 -0.0406401 -0.0975062 -0.0209731 -0.0412383 0.0186704 0.0267503 0.0118775 0.0326209 -0.0911874 -0.149416 -0.000915001 -0.0062345
internal_weight=113770 59620 3168 2172 770 996 697 284 113 299 54150 459 80 53691 649 53042 1402 969 711 258 433 330 379 354 296 218 210 68 56452 9857
internal_count=113770 59620 3168 2172 770 996 697 284 113 299 54150 459 80 53691 649 53042 1402 969 711 258 433 330 379 354 296 218 210 68 56452 9857
is_linear=0
shrinkage=0.05


Tree=126
num_leaves=31
num_cat=0
split_feature=1 1 0 0 1 1 0 0 0 0 0 0 0 0 0 0 1 0 0 0 0 0 0 0 0 0 0 0 1 0
split_gain=188.336 233.85 221.551 196.806 188.198 601.279 1895.84 2987.14 2576.66 459.074 464.463 396.678 306.228 296.614 235.253 180.97 161.868 156.498 153.147 275.711 159.826 151.735 127.087 349.455 123.461 122.541 120.83 119.692 100.879 134.008
threshold=0.4013054117227623 -0.66330562804242477 3.9345095588988146 2.6743727390994265 -0.0022132866865079664 -0.6616821142420839 3.6723921289788319 3.5221603261481738 3.5668801272128876 3.2562269708225906 3.425455265970681 3.3505180837725921 3.7107793083163441 4.1881520144172528 4.163209113926416 3.1798972002998278 -0.66926218500895385 3.5668801272128876 2.955481300684514 2.5172558643058736 3.1121988692531684 3.6304826699867676 3.425455265970681 3.367097349452131 3.4119034434975446 3.2562269708225906 3.4939319065458361 4.2135815137323176 0.04882569966417271 4.2041056891266901
decision_type=2 2 2 2 2 2 2 2 2 2 2 2 2 2 2 2 2 2 2 2 2 2 2 2 2 2 2 2 2 2
left_child=1 2 16 -3 5 -5 7 9 -9 15 11 -11 -8 14 -6 -7 17 18 19 -1 -20 -10 23 25 -18 -22 -24 28 29 -15
right_child=-2 3 -4 4 13 6 12 8 21 10 -12 -13 -14 27 -16 -17 24 -19 20 -21 22 -23 26 -25 -26 -27 -28 -29 -30 -31
leaf_value=-0.019337706592599199 -0.0040415683680610692 -0.040493309990499438 0.062368025993850051 0.0064436839729653389 -0.01215553715128408 -0.018977502680694064 -0.26896712522248961 0.80875364685058604 0.097623195250829076 0.022563309019262141 -0.019693138533168369 0.21214130601367437 -0.057744140550494198 0.038546849625123863 -0.1484294466674328 -0.19264871954917909 -0.018587497482323603 0.023625919509728172 -0.04105317710303652 0.037760034404792704 0.0098253960606958183 0.27040975711963794 -0.043283096509887736 0.056040095053229502 -0.0052043978395774435 -0.022913065206154985 -0.000908750449307263 0.015728522978423486 0.0010382978275141912 0.005196017617637637
leaf_weight=350 20202 269 119 7362 3072 60 37 25 24 44 72 74 32 309 32 20 2942 683 338 534 541 27 333 267 4160 606 340 1605 57355 11936
leaf_count=350 20202 269 119 7362 3072 60 37 25 24 44 72 74 32 309 32 20 2942 683 338 534 541 27 333 267 4160 606 340 1605 57355 11936
internal_value=0.000336572 0.00128184 -0.00549238 0.00220418 0.00234411 0.00974455 0.0683011 0.116025 0.392932 0.0380804 0.080386 0.141451 -0.171009 0.00156959 -0.0135604 -0.0623953 -0.00622028 0.00183539 -0.00266232 0.0151535 -0.00915682 0.189098 -0.00399105 0.00452116 -0.0107483 -0.00747147 -0.0218756 0.00222915 0.00191785 0.00603762
internal_weight=113770 93568 11213 82355 82086 7777 415 346 76 270 190 118 69 74309 3104 80 11094 3992 3309 884 2425 51 2087 1414 7102 1147 673 71205 69600 12245
internal_count=113770 93568 11213 82355 82086 7777 415 346 76 270 190 118 69 74309 3104 80 11094 3992 3309 884 2425 51 2087 1414 7102 1147 673 71205 69600 12245
is_linear=0
shrinkage=0.05


Tree=127
num_leaves=31
num_cat=0
split_feature=1 1 0 0 1 1 0 0 0 0 0 0 0 0 0 0 1 0 0 0 0 0 0 0 0 1 0 0 0 0
split_gain=170.022 212.926 199.95 177.95 168.171 542.654 1711 2695.89 2325.43 414.314 419.178 358.002 276.371 269.105 212.316 163.326 146.086 141.24 138.215 248.83 144.243 136.941 129.544 181.51 174.318 165.706 114.809 189.215 185.559 134.634
threshold=0.38248090967220355 -0.66330562804242477 3.9345095588988146 2.6743727390994265 -0.0022132866865079664 -0.6616821142420839 3.6723921289788319 3.5221603261481738 3.5668801272128876 3.2562269708225906 3.425455265970681 3.3505180837725921 3.7107793083163441 4.1881520144172528 4.163209113926416 3.1798972002998278 -0.66926218500895385 3.5668801272128876 2.955481300684514 2.5172558643058736 3.1121988692531684 3.6304826699867676 4.210939725719931 4.2102736250356285 4.2103868452367754 0.45112986590810861 3.4521320138615228 3.367097349452131 3.4939319065458361 3.425455265970681
decision_type=2 2 2 2 2 2 2 2 2 2 2 2 2 2 2 2 2 2 2 2 2 2 2 2 2 2 2 2 2 2
left_child=1 2 16 -3 5 -5 7 9 -9 15 11 -11 -8 14 -6 -7 17 18 19 -1 -20 -10 23 -2 25 -25 27 -22 -28 -29
right_child=22 3 -4 4 13 6 12 8 21 10 -12 -13 -14 -15 -16 -17 -18 -19 20 -21 26 -23 -24 24 -26 -27 28 29 -30 -31
leaf_value=-0.018370820293602135 -0.0039507820913377992 -0.038468644549255693 0.059249624835342921 0.00612150008320873 -0.011547760352065478 -0.018028627497454482 -0.25551875604165569 0.76831596469879149 0.092741994063059496 0.021435149149461229 -0.018708471457163492 0.20153425078134279 -0.054856930300593382 0.0021611785634102158 -0.14100797669962048 -0.1830162799358368 -0.010210923102695557 0.022444623331589614 -0.039000516878468533 0.035872033095377072 -0.0070978983115090617 0.25688923376577871 -0.027567693845721317 0.023539167518519158 0.0095814048701527536 0.13418300571072786 -0.061090543341408371 0.053238090943224209 -0.00086331317807301217 -0.0091331726289354265
leaf_weight=350 19873 269 119 7362 3072 60 37 25 24 44 72 74 32 70308 32 20 7102 683 338 534 1147 27 555 76 534 61 205 267 340 128
leaf_count=350 19873 269 119 7362 3072 60 37 25 24 44 72 74 32 70308 32 20 7102 683 338 534 1147 27 555 76 534 61 205 267 340 128
internal_value=0.000319744 0.00124203 -0.00521776 0.00213125 0.00226577 0.00925732 0.0648861 0.110224 0.373286 0.0361764 0.0763667 0.134379 -0.162458 0.00152511 -0.0128824 -0.0592755 -0.00590927 0.00174362 -0.00252921 0.0143958 -0.00869898 0.179643 -0.00373114 -0.00308719 0.0224897 0.0728039 -0.0037915 0.00318044 -0.0235176 0.0330266
internal_weight=113770 92671 11213 81458 81189 7777 415 346 76 270 190 118 69 73412 3104 80 11094 3992 3309 884 2425 51 21099 20544 671 137 2087 1542 545 395
internal_count=113770 92671 11213 81458 81189 7777 415 346 76 270 190 118 69 73412 3104 80 11094 3992 3309 884 2425 51 21099 20544 671 137 2087 1542 545 395
is_linear=0
shrinkage=0.05


Tree=128
num_leaves=31
num_cat=0
split_feature=0 1 0 0 1 0 1 0 1 1 0 0 0 0 0 0 0 0 0 0 0 1 1 0 0 0 0 0 0 0
split_gain=162.216 113.38 178.785 169.148 134.228 163.356 163.411 155.208 173.37 512.607 1544.17 2433.04 2098.7 373.918 378.308 323.097 249.425 195.56 191.615 147.401 128.731 156.798 160.321 127.469 124.739 224.569 130.179 123.589 103.615 170.767
threshold=4.2119832905866774 0.82659308966095224 4.2068496107325712 4.2092521302304364 -0.66346757874425399 3.9345095588988146 -0.66926218500895385 2.6743727390994265 -0.0022132866865079664 -0.6616821142420839 3.6723921289788319 3.5221603261481738 3.5668801272128876 3.2562269708225906 3.425455265970681 3.3505180837725921 3.7107793083163441 4.1881520144172528 4.163209113926416 3.1798972002998278 4.2035116318896408 0.29651250649177335 0.46250386419151496 3.5668801272128876 2.955481300684514 2.5172558643058736 3.1121988692531684 3.6304826699867676 3.4521320138615228 3.367097349452131
decision_type=2 2 2 2 2 2 2 2 2 2 2 2 2 2 2 2 2 2 2 2 2 2 2 2 2 2 2 2 2 2
left_child=1 4 -3 -4 5 6 23 -6 9 -9 11 13 -13 19 15 -15 -12 18 -10 -11 21 -19 -23 24 25 -1 -26 -14 29 -28
right_child=-2 2 3 -5 7 -7 -8 8 17 10 16 12 27 14 -16 -17 -18 20 -20 -21 -22 22 -24 -25 26 -27 28 -29 -30 -31
leaf_value=-0.017452281003551822 0.0055857588313709683 -0.0044333934376395955 -0.04631832688805243 0.054627856626377806 -0.036055625236556144 0.056581851087865377 -0.011506450326108583 0.0047622752527436306 -0.010970372310900228 -0.017127195534606773 -0.2427428232656943 0.72990014743804932 0.08810492853323619 0.020363380692221905 -0.01777305371231503 0.19145753721933109 -0.052114090323448187 0.048853057771463135 -0.13395757731050253 -0.17386546969413758 0.00037606320688332611 -0.0094153338236113403 0.11954222489148379 0.021322392169950327 -0.0370504910632804 0.034078431145707931 -0.0067430034424352872 0.24404477366694699 -0.022341712837581684 0.031375311556849868
leaf_weight=350 12889 6094 424 46 286 105 5760 8701 3072 60 37 25 24 44 72 74 32 305 32 20 71293 330 26 683 338 534 1147 27 545 395
leaf_count=350 12889 6094 424 46 286 105 5760 8701 3072 60 37 25 24 44 72 74 32 305 32 20 71293 330 26 683 338 534 1147 27 545 395
internal_value=0.000303756 -0.000371096 -0.00672504 -0.0364385 7.11081e-05 -0.0054503 -0.0061182 0.00071549 0.000840428 0.00735168 0.0616418 0.104712 0.354621 0.0343676 0.0725484 0.12766 -0.154335 4.96185e-05 -0.0122383 -0.0563118 0.000579702 0.0225434 2.91485e-06 0.00165644 -0.00240275 0.013676 -0.00826403 0.170661 -0.00360192 0.00302142
internal_weight=113770 100881 6564 470 94317 9857 9752 84460 84174 9116 415 346 76 270 190 118 69 75058 3104 80 71954 661 356 3992 3309 884 2425 51 2087 1542
internal_count=113770 100881 6564 470 94317 9857 9752 84460 84174 9116 415 346 76 270 190 118 69 75058 3104 80 71954 661 356 3992 3309 884 2425 51 2087 1542
is_linear=0
shrinkage=0.05


Tree=129
num_leaves=31
num_cat=0
split_feature=0 0 1 0 1 0 1 1 0 1 0 1 1 1 1 0 1 1 0 1 1 0 1 1 1 1 1 0 0 1
split_gain=148.984 188.537 761.677 241.201 237.157 234.282 366.509 217.578 216.189 214.121 181.747 210.263 165.84 165.241 225.767 176.194 157.705 134.593 220.994 274.887 215.403 206.057 246.422 133.027 131.431 936.051 126.735 289.279 129.319 148.502
threshold=4.2083814024886363 4.2076228545418601 0.52999857268208184 4.2080529843511281 0.59821005442195807 4.2079410597434483 0.47337442032806615 0.56918043419434328 4.2081656876842208 0.46250386419151496 4.2084723515306495 0.63060179185295528 0.72537656303778963 0.035526590940496004 0.026335236696960137 4.2115481711037113 0.048138544056856865 0.70837183041219554 4.2077310619281354 0.64469578816960282 0.54357157459813754 4.2077310619281354 0.82659308966095224 0.48363323162759736 0.39186529923390212 0.35835823550598178 0.78217850835714009 4.2081656876842208 4.2082787309598624 0.66046176821179381
decision_type=2 2 2 2 2 2 2 2 2 2 2 2 2 2 2 2 2 2 2 2 2 2 2 2 2 2 2 2 2 2
left_child=1 -1 5 17 7 9 24 -5 -9 -3 11 -2 -13 14 15 -12 -15 18 20 -20 -4 -19 -23 -11 25 -7 28 -28 -6 -30
right_child=10 2 3 4 26 6 -8 8 -10 23 13 12 -14 16 -16 -17 -18 21 19 -21 -22 22 -24 -25 -26 -27 27 -29 29 -31
leaf_value=-0.00076972034785868174 0.01796842269786194 -0.0072127462616738153 -0.24572974386669341 -0.0081472309850897009 0.0088451731956131711 -0.015339536857682952 -0.041014883659868377 0.0056830807668822158 -0.1438870122226385 0.16298651874065401 -0.046397789622225412 0.15855666177593314 0.0063126080565982408 0.010404495921320015 -0.07021646227260106 0.017979625100462655 0.0013172584379040177 0.042658941614107021 -0.018099175896978903 -0.086247231765162385 -0.078650625054918544 -0.017362048157773327 -0.12729828779304783 0.066248660922579514 0.017262329241413178 0.27742991142440587 0.063111332665596695 -0.12949975622309881 0.026009377933317618 0.15053806068041387
leaf_weight=56452 379 85 21 171 306 86 253 35 78 45 164 53 27 5305 183 302 47737 103 501 210 237 267 63 169 318 40 35 44 62 39
leaf_count=56452 379 85 21 171 306 86 253 35 78 45 164 53 27 5305 183 302 47737 103 501 210 237 267 63 169 318 40 35 44 62 39
internal_value=0.000288569 -0.0014358 -0.013305 -0.029907 -0.00742384 0.0228996 0.00701672 -0.0437234 -0.09756 0.0599242 0.00218712 0.0335163 0.107174 0.00191929 -0.0231572 -0.0046768 0.00222612 -0.0422551 -0.0526111 -0.0382273 -0.0922501 -0.0190799 -0.0383499 0.0865907 0.0343861 0.0776031 0.0137883 -0.0441657 0.0250373 0.0740947
internal_weight=113770 59620 3168 2172 770 996 697 284 113 299 54150 459 80 53691 649 466 53042 1402 969 711 258 433 330 214 444 126 486 79 407 101
internal_count=113770 59620 3168 2172 770 996 697 284 113 299 54150 459 80 53691 649 466 53042 1402 969 711 258 433 330 214 444 126 486 79 407 101
is_linear=0
shrinkage=0.05


Tree=130
num_leaves=31
num_cat=0
split_feature=1 0 1 1 1 0 0 1 0 0 0 1 0 0 1 0 1 1 0 0 0 1 0 0 0 0 0 0 0 1
split_gain=194.051 211.687 154.441 230.786 136.186 176.099 134.585 144.039 117.746 165.894 114.372 112.832 155.924 174.981 139.395 211.296 108.088 146.36 124.821 106.486 89.465 86.6543 81.3027 78.3784 71.6565 147.954 70.0242 66.9824 142.105 241.304
threshold=0.99518812659106171 4.0511569599221975 0.21308951405532847 0.20351948771976511 0.20817236634261524 4.2098545553136661 3.2090593733856294 0.19560049498397875 4.2089088136697255 4.1959841330863972 3.9345095588988146 0.1867254703448655 4.2093540619516814 4.2118841380027527 0.18180554087128556 4.2127827764752741 0.21968849704797191 0.22666625183359088 4.2117908053851538 4.1481006113486876 4.2139948735892601 -0.66979476814466532 4.0844980415780485 4.2117077052705172 4.2087814111788378 4.2103275741755049 4.2108729930055508 4.2039867446699422 4.2044682993536604 0.48363323162759736
decision_type=2 2 2 2 2 2 2 2 2 2 2 2 2 2 2 2 2 2 2 2 2 2 2 2 2 2 2 2 2 2
left_child=2 -2 3 6 5 -5 21 11 9 19 -4 14 -13 -14 20 23 18 24 -12 22 -8 -1 -3 -16 -18 -26 -6 -19 29 -29
right_child=1 8 10 4 26 -7 7 -9 -10 -11 16 12 13 -15 15 -17 17 27 -20 -21 -22 -23 -24 -25 25 -27 -28 28 -30 -31
leaf_value=0.0040201610475755802 0.037561728314441795 -0.023036707633962997 -0.033408638298498924 0.019105125710713478 0.021027592329659998 0.081423861623167296 0.0019608059640394077 -0.014427245848085871 0.067326772660017006 -0.17636326689411094 -0.027035815382275136 -0.0061525767349021538 0.054392842855080607 -0.0078401674569215426 -0.031082846965046668 0.10275347300938198 2.2918544281159808e-05 0.003100939803872783 0.026137999994608092 -0.006354416041147142 0.019461778479657132 -0.01078814412936677 -0.091437051365621219 0.0040903250495212496 0.082460537117719654 0.010249160709450159 -0.020814521519454898 -0.014384157625689904 -0.0024275500885039833 -0.10416592566307817
leaf_weight=1364 85 65 296 267 296 197 69493 1340 20 27 764 355 390 159 654 35 163 5162 129 105 738 3583 131 209 125 164 151 857 26161 82
leaf_count=1364 85 65 296 267 296 197 69493 1340 20 27 764 355 390 159 654 35 163 5162 129 105 738 3583 131 209 125 164 151 857 26161 82
internal_value=0.000231896 -0.0331764 0.000359761 0.0015682 0.0265892 0.0455637 0.00127717 0.00181536 -0.0504544 -0.0576362 -0.00246436 0.00211751 0.0196709 0.0363691 0.00189442 -0.0176803 -0.00219181 -0.00172332 -0.0193545 -0.0469862 0.00214471 -0.00670516 -0.0687533 -0.0225647 0.0265313 0.0414825 0.00689301 -0.00211918 -0.0031135 -0.0222245
internal_weight=113567 433 113134 79231 911 464 78320 73373 348 328 33903 72033 904 549 71129 898 33607 32714 893 301 70231 4947 196 863 452 289 447 32262 27100 939
internal_count=113567 433 113134 79231 911 464 78320 73373 348 328 33903 72033 904 549 71129 898 33607 32714 893 301 70231 4947 196 863 452 289 447 32262 27100 939
is_linear=0
shrinkage=0.05


Tree=131
num_leaves=31
num_cat=0
split_feature=1 0 1 1 1 0 0 1 0 0 0 1 0 0 1 0 1 0 0 0 1 1 0 0 0 0 1 1 1 1
split_gain=175.131 191.048 139.383 208.284 122.908 158.929 121.463 129.995 106.266 149.719 104.718 101.831 140.721 157.92 125.804 190.694 101.168 96.1035 92.4363 80.7421 79.8757 114.455 73.3757 70.7365 70.6079 123.815 223.327 288.999 109.283 96.52
threshold=0.99518812659106171 4.0511569599221975 0.21308951405532847 0.20351948771976511 0.20817236634261524 4.2098545553136661 3.2090593733856294 0.19560049498397875 4.2089088136697255 4.1959841330863972 4.0016850225900411 0.1867254703448655 4.2093540619516814 4.2118841380027527 0.18180554087128556 4.2127827764752741 0.21627978934491768 4.1481006113486876 4.2117908053851538 4.2139948735892601 -0.6616821142420839 -0.0022132866865079664 4.0844980415780485 4.2117077052705172 4.2039867446699422 4.2044682993536604 0.48363323162759736 0.8682140037659869 0.33493972129302357 0.94133524972883265
decision_type=2 2 2 2 2 2 2 2 2 2 2 2 2 2 2 2 2 2 2 2 2 2 2 2 2 2 2 2 2 2
left_child=2 -2 3 6 5 -5 20 11 9 17 -4 14 -13 -14 19 23 18 22 -12 -8 -1 -22 -3 -16 29 26 28 -28 -26 -18
right_child=1 8 10 4 -6 -7 7 -9 -10 -11 16 12 13 -15 15 -17 24 -19 -20 -21 21 -23 -24 -25 25 -27 27 -29 -30 -31
leaf_value=-0.0050025188395026749 0.035683640469523041 -0.021884874844780338 -0.023842024276115811 0.018149869236223092 0.0065483570636418846 0.077352669068145613 0.0018627656166827777 -0.01370588391326427 0.063960434347391126 -0.16754510508919207 -0.036404120803395612 -0.0058449483334913222 0.051673201725651055 -0.0074481602535588949 -0.029528704512660448 0.097615802117756445 0.012040185989480935 -0.006036696348871504 0.020380474182285287 0.018488689408534105 -0.077186934233300003 -0.0042518663881046161 -0.086865200085266867 0.0038858088210328712 -0.023437942917887374 -0.0019864207005234045 -0.16839160222542596 0.027938939194227089 0.015211209928291659 -0.0021527823097917966
leaf_weight=4728 85 65 557 267 447 197 69493 1340 20 27 368 355 390 159 654 35 2083 105 89 738 95 124 131 209 667 26986 53 29 252 2819
leaf_count=4728 85 65 557 267 447 197 69493 1340 20 27 368 355 390 159 654 35 2083 105 89 738 95 124 131 209 667 26986 53 29 252 2819
internal_value=0.000220301 -0.0315176 0.000341773 0.00148979 0.0252597 0.0432855 0.00121331 0.00172459 -0.0479317 -0.0547544 -0.00234114 0.00201163 0.0186873 0.0345506 0.0017997 -0.0167963 -0.001982 -0.0446369 -0.0253454 0.00203747 -0.0063699 -0.0358904 -0.0653156 -0.0214364 -0.00165736 -0.00262693 -0.0198945 -0.0989576 -0.0128399 0.00387822
internal_weight=113567 433 113134 79231 911 464 78320 73373 348 328 33903 72033 904 549 71129 898 33346 301 457 70231 4947 219 196 863 32889 27987 1001 82 919 4902
internal_count=113567 433 113134 79231 911 464 78320 73373 348 328 33903 72033 904 549 71129 898 33346 301 457 70231 4947 219 196 863 32889 27987 1001 82 919 4902
is_linear=0
shrinkage=0.05


Tree=132
num_leaves=31
num_cat=0
split_feature=1 0 1 0 0 1 1 1 0 0 0 0 0 0 1 0 0 0 0 0 0 1 1 0 0 0 1 1 0 1
split_gain=158.964 197.005 172.887 201.473 128.096 115.288 155.826 123.689 106.896 96.1679 86.868 86.7334 85.272 172.917 437.23 96.0217 203.266 132.799 119.233 116.576 82.2691 129.891 77.1595 74.9714 73.0697 67.9942 65.2548 236.467 146.898 121.451
threshold=0.38248090967220355 4.210939725719931 0.99518812659106171 4.0511569599221975 4.1959841330863972 0.76175444319795671 0.45112986590810861 0.39186529923390212 3.2090593733856294 3.9345095588988146 4.2123279581038835 4.1481006113486876 4.2102471159256956 4.2103868452367754 0.45112986590810861 4.210586601949605 4.2105579519131142 4.2107416079796964 4.2107734898061189 4.2106800729713258 4.2101662756017779 0.48363323162759736 -0.66979476814466532 4.2101381887050549 4.210111579666008 4.1108919008022484 0.038659770375086507 0.032382400643702312 4.2133169568797095 0.047471915311124303
decision_type=2 2 2 2 2 2 2 2 2 2 2 2 2 2 2 2 2 2 2 2 2 2 2 2 2 2 2 2 2 2
left_child=8 2 9 -4 11 6 7 -3 22 -2 -10 25 20 14 -14 16 -15 19 -19 -17 23 -22 -1 24 -11 -5 27 -12 -29 -28
right_child=1 5 3 4 -6 -7 -8 -9 10 12 26 -13 13 15 -16 17 -18 18 -20 -21 21 -23 -24 -25 -26 -27 29 28 -30 -31
leaf_value=0.0040692786590873524 -0.030546104878748023 -0.10389652982927287 0.033899458751958961 -0.03836065004384067 -0.14914887131702514 -0.004128035658806835 -0.11943080736629999 -0.018298511107682967 0.00095090795937566503 -0.0022471189858622887 0.023795139180650904 -0.0057348621459234334 -0.0081265622188391937 -0.0083540248257328864 0.15280199664670768 0.012325811664481739 -0.16872169061733241 -0.095365899311644686 0.0086031357893863562 0.09714903753403932 -0.014894284418141338 -0.14944531917572021 -0.0099042145401823951 0.067919889018919918 -0.074558769554964141 -0.098660359098636491 0.029852361343664063 -0.016759267260756675 -0.096508835599972656 0.0054892583291853954
leaf_weight=1364 296 52 85 119 31 212 67 224 78049 18813 238 105 102 194 72 91 22 35 130 73 71 24 3583 38 35 77 544 158 91 8572
leaf_count=1364 296 52 85 119 31 212 67 224 78049 18813 238 105 102 194 72 91 22 35 130 73 71 24 3583 38 35 77 544 158 91 8572
internal_value=0.000209286 -0.00372185 -0.0029227 -0.0347868 -0.0523721 -0.0331144 -0.0510302 -0.0344257 0.00109945 -0.00225821 0.00150303 -0.0424051 -0.00183317 0.0150687 0.0584646 0.00121389 -0.0246878 0.0182192 -0.0134509 0.0500825 -0.00247341 -0.0488861 -0.00605141 -0.00223995 -0.0023814 -0.0620498 0.00599048 -0.0118419 -0.0459047 0.00694313
internal_weight=113567 20968 20413 417 332 555 343 276 92599 19996 87652 301 19700 719 174 545 216 329 165 164 18981 95 4947 18886 18848 196 9603 487 249 9116
internal_count=113567 20968 20413 417 332 555 343 276 92599 19996 87652 301 19700 719 174 545 216 329 165 164 18981 95 4947 18886 18848 196 9603 487 249 9116
is_linear=0
shrinkage=0.05


Tree=133
num_leaves=31
num_cat=0
split_feature=1 0 1 0 0 0 1 1 1 0 0 1 0 0 0 0 1 0 1 0 0 0 0 1 0 0 0 1 1 1
split_gain=143.465 178.012 156.248 181.829 115.607 100.329 96.2057 128.631 429.852 90.2292 148.16 394.6 97.7072 183.447 104.933 116.983 115.371 105.21 98.729 88.0472 84.8676 78.2769 73.9142 117.227 68.9112 67.8648 65.7529 65.7275 63.7642 62.7401
threshold=0.38248090967220355 4.2109052100318509 0.99518812659106171 4.0511569599221975 4.1959841330863972 2.5172558643058736 0.82659308966095224 0.42905479745205016 0.41080745890771148 4.2102471159256956 4.2103868452367754 0.45112986590810861 4.210586601949605 4.2105579519131142 4.2107416079796964 4.2107734898061189 0.45112986590810861 4.2106800729713258 0.41943572418293468 4.2123279581038835 3.8701868380452269 4.1481006113486876 4.2101662756017779 0.48363323162759736 4.2109709744446677 4.2101381887050549 4.210111579666008 -0.66476311403078769 0.49456154115686563 0.39186529923390212
decision_type=2 2 2 2 2 2 2 2 2 2 2 2 2 2 2 2 2 2 2 2 2 2 2 2 2 2 2 2 2 2
left_child=5 2 9 -4 21 27 7 8 29 20 11 -11 13 -12 17 -16 18 -14 -17 -7 -2 -5 25 -24 -9 26 -22 -1 -13 -3
right_child=1 6 3 4 -6 19 -8 24 -10 10 12 28 14 -15 15 16 -18 -19 -20 -21 22 -23 23 -25 -26 -27 -28 -29 -30 -31
leaf_value=-0.014718475377124562 -0.038141503920178371 -0.093619862888698224 0.032204488182769102 -0.058947330764233502 -0.1416914257671564 0.00063245361781868905 0.00039805053136493458 -0.14619726855973048 0.14291058761732919 -0.0077202350371425935 -0.0079363237437552105 0.10065369999563126 0.011709520450005166 -0.16028560672632675 -0.090597604843122626 0.029376868202040593 0.07508906007640892 0.092291585054911987 -0.10374181389522096 0.0056909562352646026 -0.0022355257547191898 -0.0054481191578365507 -0.014149569531141874 -0.14197305416067441 -0.061362764621435695 0.064523891604652536 -0.070830832799630511 -0.069418373517692797 0.19490634841187038 -0.02935458472843493
leaf_weight=387 168 54 85 196 31 82545 174 28 35 102 194 38 91 22 35 30 45 73 26 9603 18941 105 71 24 165 38 35 64 34 128
leaf_count=387 168 54 85 196 31 82545 174 28 35 102 194 38 91 22 35 30 45 73 26 9603 18941 105 71 24 165 38 35 64 34 128
internal_value=0.000198822 -0.00353575 -0.00275596 -0.0330474 -0.0497535 0.00104447 -0.0307536 -0.0439741 -0.0175622 -0.00212334 0.0156424 0.0555413 0.00218805 -0.0234534 0.0206499 -0.0118227 0.0154755 0.0475784 -0.0324282 0.00115961 -0.00275925 -0.0402848 -0.00244818 -0.0464418 -0.0736704 -0.00222837 -0.00236205 -0.0224808 0.145162 -0.0484223
internal_weight=113567 20968 20384 417 332 92599 584 410 217 19967 690 174 516 216 300 136 101 164 56 92148 19277 301 19109 95 193 19014 18976 451 72 182
internal_count=113567 20968 20384 417 332 92599 584 410 217 19967 690 174 516 216 300 136 101 164 56 92148 19277 301 19109 95 193 19014 18976 451 72 182
is_linear=0
shrinkage=0.05


Tree=134
num_leaves=31
num_cat=0
split_feature=1 0 0 1 1 1 1 0 0 1 0 0 1 0 1 1 1 0 0 0 0 0 1 1 0 0 1 0 0 0
split_gain=131.708 194.24 643.978 378.048 533.958 761.311 635.755 436.763 413.371 317.847 313.626 291.647 275.903 325.084 264.809 261.476 365.729 582.455 422.594 340.861 246.156 296.477 491.212 206.068 191.292 210.858 178.88 163.557 161.654 208.675
threshold=0.63060179185295528 4.2080529843511281 4.2070967715774277 0.8682140037659869 0.74424765479753441 0.67611158993753573 0.70837183041219554 4.2072102313008761 4.2078315369189232 0.69194094421133112 4.2075194183444795 4.2078315369189232 0.64469578816960282 4.2069679798942632 0.82659308966095224 0.72537656303778963 0.67611158993753573 4.208849531058557 4.2095328946485546 4.2083814024886363 4.2072102313008761 4.2077310619281354 0.69194094421133112 0.80403983572463045 4.2076228545418601 4.2074246467047258 0.64469578816960282 4.2073187007920287 4.2091428143259337 4.2085508141781736
decision_type=2 2 2 2 2 2 2 2 2 2 2 2 2 2 2 2 2 2 2 2 2 2 2 2 2 2 2 2 2 2
left_child=-1 2 12 4 5 10 8 23 20 -10 26 -9 13 -2 -13 16 18 -18 19 -3 -7 22 24 -6 25 -22 27 -4 29 -21
right_child=1 15 3 -5 7 6 -8 11 9 -11 -12 14 -14 -15 -16 -17 17 -19 -20 28 21 -23 -24 -25 -26 -27 -28 -29 -30 -31
leaf_value=0.00076297421996435817 -0.10968414102593121 0.054532400093012259 0.062668029963970182 -0.11273805826162615 -0.18655341452843435 -0.26030195833494268 -0.03173407798760447 0.048930574919777522 0.07887804493106701 -0.146746513026732 -0.036284107451846126 -0.0069388629120596236 -0.00024459240533399252 0.11009427428245544 -0.20729823794215918 -0.011854519000407189 0.12255213156100722 -0.015414675844694713 0.13897116625060638 -0.10534914882423788 -0.084511112562707963 -0.30149108991026879 -0.19682911784232904 -0.011791035947540114 -0.15394100337116809 0.08211327822735677 0.076601080597722776 -0.090753851850566114 -0.13539743933190659 -0.0012056361642238257
leaf_weight=101975 106 128 32 141 37 48 316 386 37 27 262 94 8207 20 20 622 208 121 51 65 37 24 96 31 27 39 146 38 41 185
leaf_count=101975 106 128 32 141 37 48 316 386 37 27 262 94 8207 20 20 622 208 121 51 65 37 24 96 31 27 39 146 38 41 185
internal_value=0.000188881 -0.00486143 -0.00728065 -0.0340693 -0.0275329 -0.0474264 -0.0826089 0.0120088 -0.130598 -0.0163073 0.000489649 0.028178 -0.0013719 -0.0747987 -0.0420896 0.0124545 0.0313784 0.0718105 0.00307584 -0.0134651 -0.15759 -0.135481 -0.11546 -0.106882 -0.0396204 0.000993509 0.0450949 -0.0206181 -0.0433747 -0.0282829
internal_weight=113567 11592 10171 1838 1697 1129 651 568 335 64 478 500 8333 126 114 1421 799 329 470 419 271 223 199 68 103 76 216 70 291 250
internal_count=113567 11592 10171 1838 1697 1129 651 568 335 64 478 500 8333 126 114 1421 799 329 470 419 271 223 199 68 103 76 216 70 291 250
is_linear=0
shrinkage=0.05


Tree=135
num_leaves=31
num_cat=0
split_feature=0 1 0 1 1 1 1 0 0 0 1 1 1 1 1 0 0 0 0 1 1 0 0 0 0 1 0 0 0 1
split_gain=155.282 213.323 193.912 857.725 451.032 163.234 151.951 147.237 229.314 116.947 112.09 152.322 253.731 139.838 150.11 111.918 107.886 105.064 100.267 102.48 122.993 181.732 99.7654 111.657 89.8635 116.933 150.128 266.841 86.7751 81.7175
threshold=3.8701868380452269 0.023304082315542939 4.163209113926416 -0.66237459076634098 -0.0015408843540269332 -0.6616821142420839 -0.66287125926451729 3.4656563857364762 3.3976557356948374 3.5221603261481738 0.085819128203325809 0.075124395759681578 0.070954679831247813 0.061351089184763445 0.064067982905915782 3.017657434145895 4.1881520144172528 2.6743727390994265 4.2041056891266901 0.031197422311893905 0.04882569966417271 4.212598639045841 4.2097280195538902 4.2110771142248113 4.2122774011156929 0.073158175466684919 4.2099997046384123 4.2097280195538902 3.3329922903862736 -0.66476311403078769
decision_type=2 2 2 2 2 2 2 2 2 2 2 2 2 2 2 2 2 2 2 2 2 2 2 2 2 2 2 2 2 2
left_child=5 2 3 -2 -4 6 29 8 15 -9 11 12 13 18 -15 -8 -6 -7 -3 22 -21 -22 -20 -24 25 26 27 -14 -17 -1
right_child=1 10 4 -5 16 17 7 9 -10 -11 -12 -13 24 14 -16 28 -18 -19 19 20 21 -23 23 -25 -26 -27 -28 -29 -30 -31
leaf_value=0.0011208752296791628 0.030598723672232871 0.040659195072604001 -0.16575631708712191 0.33118883585184816 -0.093718395856293768 -0.11801168856521543 -0.011209644834373951 0.043886637763191377 -0.029641055018949203 0.0110622157407727 -0.00090670492597388788 0.0118976289659033 0.0013669902239295576 0.025310930180353908 0.0032755653641930575 0.024192323480769367 0.019341307781210765 -0.01305058517307971 -0.0023897066720694835 0.0053779482009333988 -0.0062396983422017072 0.010047942210370092 -0.07950224039229481 -0.015889757227174613 0.00022455960020514407 -0.012617076811554937 -0.032311458404279021 -0.22402052000678818 -0.0027489938485863001 -0.007059385782444751
leaf_weight=4418 468 162 37 25 22 24 576 360 541 1102 59934 4004 24 1355 1799 890 516 3613 462 11212 7201 2247 110 185 700 1101 393 29 450 9881
leaf_count=4418 468 162 37 25 22 24 576 360 541 1102 59934 4004 24 1355 1799 890 516 3613 462 11212 7201 2247 110 185 700 1101 393 29 450 9881
internal_value=-0.000283552 0.000616558 0.0228326 0.0458416 0.00310492 -0.00407204 -0.00214131 0.00658109 -0.000894768 0.0191448 0.000355589 0.00279731 0.00144677 0.00290827 0.0127422 0.00722201 0.014718 -0.0137432 0.00147093 0.0011745 0.00183655 -0.00236604 -0.0168942 -0.0396097 -0.0146401 -0.0213663 -0.0429646 -0.121958 0.0151449 -0.00453191
internal_weight=113841 91986 1068 493 575 21855 18218 3919 2457 1462 90918 30984 26980 24733 3154 1916 538 3637 21579 21417 20660 9448 757 295 2247 1547 446 53 1340 14299
internal_count=113841 91986 1068 493 575 21855 18218 3919 2457 1462 90918 30984 26980 24733 3154 1916 538 3637 21579 21417 20660 9448 757 295 2247 1547 446 53 1340 14299
is_linear=0
shrinkage=0.05


Tree=136
num_leaves=31
num_cat=0
split_feature=0 1 0 1 1 0 0 1 1 0 1 0 0 0 1 0 1 0 1 1 0 0 0 0 1 0 0 1 1 1
split_gain=145.493 113.681 253.94 1012.05 648.725 229.428 211.4 536.301 215.368 210.765 603.171 515.632 296.8 219.998 661.818 157.643 212.812 152.133 161.406 443.174 287.58 176.982 151.619 142.857 713.943 498.188 321.114 475.663 887.759 289.062
threshold=4.2053251092588484 0.56918043419434328 4.2062499956048134 0.70837183041219554 0.66046176821179381 4.2053661078374942 4.2056270700419569 0.78217850835714009 0.78217850835714009 4.2065496251831069 0.72537656303778963 4.2064821181253196 4.2064821181253196 4.2064204226126582 0.80403983572463045 4.2055386281573091 0.8471138667079785 4.2058187572993146 0.74424765479753441 0.72537656303778963 4.205970920258518 4.2060821430719466 4.2057210055941399 4.2075194183444795 0.59821005442195807 4.2072102313008761 4.2074246467047258 0.69194094421133112 0.70837183041219554 0.59821005442195807
decision_type=2 2 2 2 2 2 2 2 2 2 2 2 2 2 2 2 2 2 2 2 2 2 2 2 2 2 2 2 2 2
left_child=-1 -2 3 4 -3 -5 8 17 -7 10 11 -4 13 -12 -15 -10 -17 22 19 -19 -20 -22 -8 24 25 -11 -26 -28 -29 -25
right_child=1 2 9 5 -6 6 7 -9 15 23 12 -13 -14 14 -16 16 -18 18 20 -21 21 -23 -24 29 26 -27 27 28 -30 -31
leaf_value=-0.0026475516507591564 0.0017750112346378037 0.0005685586805662347 -0.054949223947319714 0.11351340827842554 0.2666388280334927 -0.12151177396613455 0.060689738815700695 -0.016550724691223612 0.023051856379065896 0.19314435384247775 -6.4773346937972788e-05 -0.22262722757915335 0.075377375676351444 -0.28375232677007545 0.028350265583068857 0.011706554526236 -0.15039569575339556 -0.0065941565566592754 -0.085486044767110247 0.25863222958786147 0.17891879549536568 0.007723186910152436 0.20382977562981683 -0.040448348231863621 -0.0092462128561254225 0.016102703584310336 0.13720878719918661 -0.27685505437850949 0.049107287094495661 -0.0048854859565404269
leaf_weight=41096 64620 36 176 45 63 63 37 548 113 81 237 62 102 29 41 41 40 36 46 28 26 36 37 706 2172 78 97 25 127 2997
leaf_count=41096 64620 36 176 45 63 63 37 548 113 81 237 62 102 29 41 41 40 36 46 28 26 36 37 706 2172 78 97 25 127 2997
internal_value=-0.000269374 0.00107413 -0.0045001 0.0167865 0.169886 0.00295727 -0.00177634 0.0109815 -0.0411916 -0.00817073 -0.0353435 -0.09863 0.00148334 -0.0230678 -0.100949 -0.0151082 -0.0683439 0.0723134 0.0465225 0.109442 0.00923672 0.0795149 0.13226 -0.00537258 0.00365986 0.106294 -0.00308066 0.0507008 -0.00450494 -0.0116658
internal_weight=113841 72745 8125 1195 99 1096 1051 794 257 6930 647 238 409 307 70 194 81 246 172 64 108 62 74 6283 2580 159 2421 249 152 3703
internal_count=113841 72745 8125 1195 99 1096 1051 794 257 6930 647 238 409 307 70 194 81 246 172 64 108 62 74 6283 2580 159 2421 249 152 3703
is_linear=0
shrinkage=0.05


Tree=137
num_leaves=31
num_cat=0
split_feature=0 1 0 1 1 0 0 1 1 1 1 1 0 1 0 1 0 0 0 1 0 1 1 0 1 0 1 1 1 1
split_gain=134.15 124.926 362.169 583.534 115.286 153.467 206.956 115.208 135.252 232.141 124.313 136.158 110.892 498.671 170.162 647.079 278.98 222.567 356.976 218.66 101.006 100.576 119.515 96.2777 92.4308 95.4213 152.326 137.305 149.679 145.034
threshold=3.5822972156049366 -0.6616821142420839 3.5668801272128876 -0.0011725711818398666 -0.66287125926451729 3.4656563857364762 3.3976557356948374 0.085819128203325809 0.075124395759681578 0.070954679831247813 0.061351089184763445 0.064067982905915782 3.5221603261481738 -0.0022132866865079664 3.3976557356948374 -0.0022132866865079664 3.3829345773626645 3.425455265970681 3.4939319065458361 -0.0015408843540269332 3.017657434145895 -0.662047967150724 -0.66223408215259416 2.6743727390994265 -0.66926218500895385 4.2117077052705172 0.049987693604997809 0.039298419216266339 0.047471915311124303 0.033103883688665743
decision_type=2 2 2 2 2 2 2 2 2 2 2 2 2 2 2 2 2 2 2 2 2 2 2 2 2 2 2 2 2 2
left_child=1 4 12 -4 -1 6 20 8 9 10 24 -12 14 -14 16 17 23 -16 -19 -18 -6 22 -7 -3 -2 26 -26 29 -29 -27
right_child=7 2 3 -5 5 21 -8 -9 -10 -11 11 -13 13 -15 15 -17 19 18 -20 -21 -22 -23 -24 -25 25 27 -28 28 -30 -31
leaf_value=-0.0057084536507828725 0.020350309949439566 -0.11197872894505755 -0.35220220138629282 -0.010840943816208072 -0.010516785248829466 0.027689016407972201 -0.028026625191144707 -0.00095095616935376667 0.011250225904726038 -0.01399688547764201 0.02402354242067915 0.0030371722236690215 0.25234317552475705 -0.010829493566046632 -0.25049828194283152 -0.010242024177210381 0.17750567086040975 -0.024165604511896768 -0.27559049606323244 -0.0087948111817240712 0.014520000287076658 0.088885959276351442 -0.041532934733799529 -0.0097439989202078078 0.0021454455279129891 0.016838547037496286 -0.0071912906760447483 0.026147975402123675 0.005301970996948421 -0.027575894372248146
leaf_weight=10726 643 24 21 31 576 571 541 60095 4004 2247 1355 1799 21 126 37 349 36 48 20 28 1340 58 70 569 17231 284 5852 1145 3473 521
leaf_count=10726 643 24 21 31 576 571 541 60095 4004 2247 1355 1799 21 126 37 349 36 48 20 28 1340 58 70 569 17231 284 5852 1145 3473 521
internal_value=-0.000255906 -0.00462966 -0.0193894 -0.148698 -0.00323683 0.00516326 -0.000717652 0.000417655 0.00255094 0.00154278 0.00262372 0.0120532 -0.0140444 0.0267666 -0.0194442 -0.0429838 -0.00317789 -0.151811 -0.0981141 0.0959992 0.00699328 0.0258348 0.0201297 -0.0138817 0.00160343 0.00118056 -0.000221603 0.00714886 0.0104706 -0.0119067
internal_weight=113841 15192 1310 52 13882 3156 2457 98649 38554 34550 32303 3154 1258 147 1111 454 657 105 68 64 1916 699 641 593 29149 28506 23083 5423 4618 805
internal_count=113841 15192 1310 52 13882 3156 2457 98649 38554 34550 32303 3154 1258 147 1111 454 657 105 68 64 1916 699 641 593 29149 28506 23083 5423 4618 805
is_linear=0
shrinkage=0.05


Tree=138
num_leaves=31
num_cat=0
split_feature=0 1 0 1 1 0 0 1 1 0 1 0 0 0 1 0 1 0 1 1 0 0 0 0 1 0 0 1 1 1
split_gain=127.762 100.588 229.181 913.371 585.474 207.059 190.788 484.011 194.37 190.216 544.362 465.358 267.862 198.548 597.291 142.273 192.063 137.3 145.669 399.964 259.541 159.726 136.836 128.929 644.334 449.615 289.806 429.286 801.202 270.889
threshold=4.2053251092588484 0.56918043419434328 4.2062499956048134 0.70837183041219554 0.66046176821179381 4.2053661078374942 4.2056270700419569 0.78217850835714009 0.78217850835714009 4.2065496251831069 0.72537656303778963 4.2064821181253196 4.2064821181253196 4.2064204226126582 0.80403983572463045 4.2055386281573091 0.8471138667079785 4.2058187572993146 0.74424765479753441 0.72537656303778963 4.205970920258518 4.2060821430719466 4.2057210055941399 4.2075194183444795 0.59821005442195807 4.2072102313008761 4.2074246467047258 0.69194094421133112 0.70837183041219554 0.66046176821179381
decision_type=2 2 2 2 2 2 2 2 2 2 2 2 2 2 2 2 2 2 2 2 2 2 2 2 2 2 2 2 2 2
left_child=-1 -2 3 4 -3 -5 8 17 -7 10 11 -4 13 -12 -15 -10 -17 22 19 -19 -20 -22 -8 24 25 -11 -26 29 -29 -28
right_child=1 2 9 5 -6 6 7 -9 15 23 12 -13 -14 14 -16 16 -18 18 20 -21 21 -23 -24 -25 26 -27 27 28 -30 -31
leaf_value=-0.002471665237417626 0.0016751536087391689 0.00058767805134670608 -0.052154215949651028 0.10788528985567003 0.25335443245749628 -0.11538863766879318 0.057702802665330268 -0.015675640664654818 0.021946812183719824 0.18353468957644556 -1.398692190458503e-05 -0.21144831760395921 0.07165605928429275 -0.26951716782460949 0.026980298743923992 0.011168774453605094 -0.14282836196944118 -0.0062168974015447825 -0.081164195356161706 0.24574815449970111 0.17002041431573722 0.0073845757378472225 0.19368583777466336 -0.011034930357061903 -0.0087363547069449037 0.015345118908832471 0.078502427153289325 -0.2629647469520569 0.046699470847727749 0.26493452657704003
leaf_weight=41096 64620 36 176 45 63 63 37 548 113 81 237 62 102 29 41 41 40 36 46 28 26 36 37 3703 2172 78 70 25 127 27
leaf_count=41096 64620 36 176 45 63 63 37 548 113 81 237 62 102 29 41 41 40 36 46 28 26 36 37 3703 2172 78 70 25 127 27
internal_value=-0.00024311 0.00101587 -0.00422754 0.0159947 0.161439 0.00285695 -0.00163998 0.01048 -0.0390845 -0.00771465 -0.0335288 -0.093651 0.00145672 -0.0218668 -0.0958544 -0.0143053 -0.0648792 0.0687453 0.044244 0.104018 0.00882243 0.0755867 0.125694 -0.0050564 0.00352441 0.101027 -0.00287908 0.0482133 -0.00423214 0.130396
internal_weight=113841 72745 8125 1195 99 1096 1051 794 257 6930 647 238 409 307 70 194 81 246 172 64 108 62 74 6283 2580 159 2421 249 152 97
internal_count=113841 72745 8125 1195 99 1096 1051 794 257 6930 647 238 409 307 70 194 81 246 172 64 108 62 74 6283 2580 159 2421 249 152 97
is_linear=0
shrinkage=0.05


Tree=139
num_leaves=31
num_cat=0
split_feature=0 1 0 1 1 1 1 0 0 0 0 0 1 1 1 1 0 1 1 0 0 0 1 0 1 0 1 0 0 0
split_gain=116.121 189.98 178.245 774.814 404.525 141.54 127.454 123.162 186.778 100.454 96.3607 93.6679 87.6012 123.205 157.282 152.79 91.7659 93.4388 104.611 154.437 92.5493 100.256 86.202 84.9238 73.9668 90.7575 79.9874 253.18 99.2105 90.1852
threshold=3.8701868380452269 0.023304082315542939 4.163209113926416 -0.66237459076634098 -0.0015408843540269332 -0.6616821142420839 -0.66287125926451729 3.4656563857364762 3.3976557356948374 3.5221603261481738 4.1881520144172528 2.7880469424112762 0.085819128203325809 0.075689531124609646 0.069757814832467555 0.061351089184763445 4.2041056891266901 0.031197422311893905 0.04882569966417271 4.2130827047167756 4.2097280195538902 4.2111121912057401 0.064067982905915782 2.6743727390994265 0.091029350426950636 4.2102196418742031 0.99518812659106171 4.0844980415780485 4.1959841330863972 4.1481006113486876
decision_type=2 2 2 2 2 2 2 2 2 2 2 2 2 2 2 2 2 2 2 2 2 2 2 2 2 2 2 2 2 2
left_child=5 2 3 -2 -4 6 -1 8 11 -9 -6 -8 13 14 15 16 -3 20 -19 -20 -18 -22 -17 -7 -14 26 -26 -28 29 -29
right_child=1 12 4 -5 10 23 7 9 -10 -11 -12 -13 24 -15 -16 22 17 18 19 -21 21 -23 -24 -25 25 -27 27 28 -30 -31
leaf_value=-0.0038986589558476885 0.029085218612292213 0.03877492346197229 -0.15731981614151516 0.31477808409929281 -0.088883787122639751 -0.10625620707869531 -0.018690157020433903 0.040700780560469468 -0.02650170965815676 0.010278968648315694 0.017966296815002846 0.011568095007245909 -0.009698337999252786 0.011219017868031353 -0.0091886063562238145 0.022801345813189502 -0.0022819770490173637 0.0048994458206212677 -0.0051764844187227998 0.011685392114933607 -0.072599349273898744 -0.013481445210709354 0.0049398502217413501 -0.011889967370575072 -0.0016185599211053171 0.0023614971446058856 0.025679944314200571 -0.070777888585627086 -0.13488806107709411 -0.0077571142751436967
leaf_weight=14299 468 162 37 25 22 24 304 360 541 1102 516 1612 2255 3554 3149 1355 462 11212 7804 1644 123 172 1347 3613 38247 19008 162 125 33 104
leaf_count=14299 468 162 37 25 22 24 304 360 541 1102 516 1612 2255 3554 3149 1355 462 11212 7804 1644 123 172 1347 3613 38247 19008 162 125 33 104
internal_value=-0.000230955 0.000547422 0.0215128 0.0435727 0.00259884 -0.00350708 -0.00170923 0.00627921 -0.000558186 0.01777 0.013597 0.0067672 0.000301145 0.00245972 0.00132482 0.0026883 0.00128481 0.00100123 0.0016334 -0.00224243 -0.0162521 -0.0381306 0.013897 -0.0125127 -0.000814773 -0.000467464 -0.00185799 -0.0234555 -0.053837 -0.0421571
internal_weight=113841 91986 1068 493 575 21855 18218 3919 2457 1462 538 1916 90918 30984 27430 24281 21579 21417 20660 9448 757 295 2702 3637 59934 57679 38671 424 262 229
internal_count=113841 91986 1068 493 575 21855 18218 3919 2457 1462 538 1916 90918 30984 27430 24281 21579 21417 20660 9448 757 295 2702 3637 59934 57679 38671 424 262 229
is_linear=0
shrinkage=0.05


Tree=140
num_leaves=31
num_cat=0
split_feature=0 1 0 1 0 0 0 0 0 0 0 0 1 1 1 0 0 1 0 0 0 1 1 0 0 1 0 0 0 1
split_gain=93.8651 98.1509 216.249 238.209 266.058 223.579 213.105 502.12 130.747 306.414 312.547 236.773 123.633 95.4782 253.369 112.604 178.296 223.707 532.115 152.867 104.12 100.679 92.3383 101.099 90.6011 371.897 1482.3 131.951 119.697 1550.28
threshold=4.2047970190402397 0.8471138667079785 4.2051216697778928 0.88866561193202009 4.2049753771465506 4.2050126521464852 4.2053251092588484 4.2053661078374942 4.2056270700419569 4.2057210055941399 4.2057721735866895 4.2055386281573091 0.90581773459918347 -0.66476311403078769 -0.663836168103625 3.6144161971290862 3.5079858025000532 -0.66401739011758709 3.5367771867072357 3.4939319065458361 3.5981631387971817 -0.66391941515277819 -0.6616821142420839 3.9345095588988146 3.7276973426772373 -0.0011725711818398666 4.1763048044315134 3.8701868380452269 3.6144161971290862 -0.0022132866865079664
decision_type=2 2 2 2 2 2 2 2 2 2 2 2 2 2 2 2 2 2 2 2 2 2 2 2 2 2 2 2 2 2
left_child=13 -2 3 4 -3 -5 -4 -8 11 -10 -11 -9 -12 -1 15 16 19 -18 -19 -15 21 -20 23 -16 28 26 -26 -27 -24 -30
right_child=1 2 6 5 -6 -7 7 8 9 10 12 -13 -14 14 22 -17 17 18 20 -21 -22 -23 24 -25 25 27 -28 -29 29 -31
leaf_value=0.0042578323700555388 0.00074927059593773028 0.026111241126502 -0.096365561625897531 0.058877831167127526 0.25491128445913397 -0.14962574779987334 0.22361933277411894 -0.012528357098499934 0.12754943441403541 -0.18818708749917837 -0.026617500412813352 -0.15760248945819008 0.009632989589636055 -0.019872132435181336 0.00078935595463863826 -0.0034836539834127533 -0.028893394108963789 -0.2920622399946054 -0.01607948139620324 0.065190358812158761 0.040349932144517486 -0.1262081951359097 -0.00078806334606757985 0.051281388144940147 0.44394537676935619 -0.052165770160890849 -0.029266173531443385 -0.0028278533112947924 -0.23398244822466815 -0.010689922877344278
leaf_weight=4428 77229 27 82 36 24 20 22 75 38 26 607 45 384 1331 11509 876 301 30 36 55 23 49 1435 100 23 137 59 12514 81 1927
leaf_count=4428 77229 27 82 36 24 20 22 75 38 26 607 45 384 1331 11509 876 301 30 36 55 23 49 1435 100 23 137 59 12514 81 1927
internal_value=-0.000445517 0.000512594 -0.0126752 0.0556071 0.133782 -0.0155877 -0.0183877 -0.0130458 -0.017477 -0.0118519 -0.0170606 -0.0669312 -0.0125709 -0.00260287 -0.00359937 -0.0182191 -0.0252921 -0.053061 -0.105775 -0.0164966 -0.0540279 -0.0795654 -0.00217817 0.00122429 -0.00462001 -0.00267419 0.103464 -0.00336214 -0.0118161 -0.0196972
internal_weight=113529 78615 1386 107 51 56 1279 1197 1175 1055 1017 120 991 34914 30486 2701 1825 439 138 1386 108 85 27785 11609 16176 12733 82 12651 3443 2008
internal_count=113529 78615 1386 107 51 56 1279 1197 1175 1055 1017 120 991 34914 30486 2701 1825 439 138 1386 108 85 27785 11609 16176 12733 82 12651 3443 2008
is_linear=0
shrinkage=0.05


Tree=141
num_leaves=31
num_cat=0
split_feature=0 1 1 1 1 1 1 1 1 1 0 0 1 1 0 0 0 0 0 0 1 0 0 1 0 0 0 0 1 0
split_gain=85.7942 100.206 596.193 161.288 88.4141 83.891 73.6875 178.955 133.729 164.418 130.366 59.6647 68.3746 286.624 105.342 110.521 224.462 201.091 100.4 162.479 201.896 480.233 138.719 272.561 153.723 143.317 115.005 93.968 90.8632 84.6463
threshold=4.2117908053851538 0.27970993060822436 0.27368111193524619 0.25000172787708275 0.29062199670593086 0.23346936377827318 0.038659770375086507 0.048138544056856865 0.032382400643702312 0.035526590940496004 4.2137218946976223 2.5172558643058736 -0.66476311403078769 -0.663836168103625 2.955481300684514 3.3150374316227009 3.2562269708225906 3.1798972002998278 3.6144161971290862 3.5079858025000532 -0.66401739011758709 3.5367771867072357 3.425455265970681 -0.66401739011758709 3.4656563857364762 3.4939319065458361 3.4388022870276038 3.5981631387971817 -0.66391941515277819 3.4521320138615228
decision_type=2 2 2 2 2 2 2 2 2 2 2 2 2 2 2 2 2 2 2 2 2 2 2 2 2 2 2 2 2 2
left_child=11 2 3 5 -3 6 8 -8 -2 -10 -11 -1 14 18 -13 16 17 -16 19 22 -21 -22 -14 29 26 -26 -25 28 -23 -24
right_child=1 4 -4 -5 -6 -7 7 -9 9 10 -12 12 13 -15 15 -17 -18 -19 -20 20 21 27 23 24 25 -27 -28 -29 -30 -31
leaf_value=-0.019262396615486215 0.01483873205033067 -0.064627567952476359 0.264080367914655 0.073085048965301866 -0.0091357822939288746 -0.031025323411186707 0.022827626640107266 0.0025893556269839472 -0.094037350067278244 -0.0025957393171868737 -0.10021321246257196 0.025373467097274224 -0.024124011437363112 -0.00067197848729015706 -0.014658767532169459 0.0091050250787432629 -0.044020519791335228 0.032639746528730029 -0.0033094716021795354 -0.027448724356767696 -0.2774591275304556 -0.015275505392087829 0.0012050961072628315 -0.081195163801312448 -0.16437274439109339 -0.0054338075544523162 0.070752540727456417 0.038332435747851501 -0.11989779028357293 0.070408253836027099
leaf_weight=443 266 83 22 83 531 177 1202 11967 82 278 39 572 1064 91609 598 2179 343 360 876 301 30 36 65 20 37 23 33 23 49 138
leaf_count=443 266 83 22 83 531 177 1202 11967 82 278 39 572 1064 91609 598 2179 343 360 876 301 30 36 65 20 37 23 33 23 49 138
internal_value=-0.000423241 0.00313652 0.00399661 0.00359063 -0.0166371 0.00317895 0.00361658 0.0044366 -0.0126224 -0.0309298 -0.0146055 -0.000953968 -0.000871505 -0.00114477 0.00548835 0.00221988 -0.00931182 0.0031152 -0.0172161 -0.0239133 -0.050408 -0.100486 -0.0154849 0.0136039 -0.0486357 -0.103446 0.0134138 -0.0513265 -0.0755872 0.0482496
internal_weight=113529 14730 14116 14094 614 14011 13834 13169 665 399 317 98799 98356 94304 4052 3480 1301 958 2695 1819 439 138 1380 316 113 60 53 108 85 203
internal_count=113529 14730 14116 14094 614 14011 13834 13169 665 399 317 98799 98356 94304 4052 3480 1301 958 2695 1819 439 138 1380 316 113 60 53 108 85 203
is_linear=0
shrinkage=0.05


Tree=142
num_leaves=31
num_cat=0
split_feature=0 1 0 1 0 0 0 0 0 0 1 1 0 0 1 0 0 1 0 1 1 0 0 0 0 1 0 1 0 1
split_gain=80.8328 96.6329 225.66 452.426 192.571 452.961 118.256 276.301 282.279 213.688 111.905 85.42 80.8989 227.73 262.504 148.486 107.695 124.285 100.214 77.6142 207.423 92.0422 118.952 193.628 128.496 120.261 88.714 83.1154 90.2374 93.8087
threshold=4.204941227132978 0.8471138667079785 4.2051216697778928 0.90581773459918347 4.2053251092588484 4.2053661078374942 4.2056270700419569 4.2057210055941399 4.2057721735866895 4.2055386281573091 0.90581773459918347 0.04882569966417271 4.2077310619281354 4.2143146377585605 0.97366692785173814 4.2070967715774277 4.2067386580003294 0.92374597262104541 4.2062499956048134 -0.66476311403078769 -0.663836168103625 3.6304826699867676 3.5079858025000532 3.5221603261481738 3.4939319065458361 -0.664127978980389 2.5172558643058736 -0.6616821142420839 3.9345095588988146 -0.662047967150724
decision_type=2 2 2 2 2 2 2 2 2 2 2 2 2 2 2 2 2 2 2 2 2 2 2 2 2 2 2 2 2 2
left_child=19 11 3 -3 -4 -6 9 -8 -9 -7 -10 -2 15 14 -14 16 18 -18 -12 -1 21 22 24 25 -21 -24 -22 28 29 -28
right_child=1 2 4 -5 5 6 7 8 10 -11 12 -13 13 -15 -16 -17 17 -19 -20 20 26 -23 23 -25 -26 -27 27 -29 -30 -31
leaf_value=0.0038756075455070381 0.005111597686089854 0.17246760213097861 -0.091513687976431557 -0.10630808906121687 0.21247197714718907 -0.011868342210849127 0.12120556690190967 -0.17874413069624168 -0.025211891216280393 -0.14968876234359213 0.028239623733450861 0.00010713511138942202 0.24021615289151668 -0.010802875892004024 -0.0028134568314999342 -0.07917874720963565 0.16962638898264795 0.011029683103164038 -0.051407370906533072 -0.017991493037754127 -0.062207977889014825 -0.0023194421885539733 -0.056489285405863211 -0.032421943026829707 0.059996214617382394 -0.20438399096684801 0.00013769568383204561 -0.0039756286135715219 0.048750917833298449 0.023553837856298752
leaf_weight=4428 9799 43 82 22 22 75 38 26 607 45 89 65675 25 73 20 55 21 30 71 1331 61 808 27 452 55 28 11010 17966 100 445
leaf_count=4428 9799 43 82 22 22 75 38 26 607 45 89 65675 25 73 20 55 21 30 71 1331 61 808 27 452 55 28 11010 17966 100 445
internal_value=-0.000402079 0.000520231 -0.012769 0.0781128 -0.0173877 -0.0123097 -0.0165184 -0.0111687 -0.0161149 -0.063551 -0.0118481 0.000756878 0.00927641 0.0437333 0.132203 -0.00600896 0.0130637 0.0763342 -0.00710373 -0.00233202 -0.00318347 -0.0164471 -0.0224773 -0.0432006 -0.0148967 -0.131781 -0.00197242 -0.00184796 0.0014602 0.00104736
internal_weight=113529 76818 1344 65 1279 1197 1175 1055 1017 120 991 75474 384 118 45 266 211 51 160 36711 32283 2701 1893 507 1386 55 29582 29521 11555 11455
internal_count=113529 76818 1344 65 1279 1197 1175 1055 1017 120 991 75474 384 118 45 266 211 51 160 36711 32283 2701 1893 507 1386 55 29582 29521 11555 11455
is_linear=0
shrinkage=0.05


Tree=143
num_leaves=31
num_cat=0
split_feature=0 1 1 1 1 1 1 1 1 1 0 0 0 1 1 0 0 0 0 0 0 0 1 1 1 1 0 0 0 1
split_gain=75.0546 88.748 538.214 145.715 80.3172 75.5499 69.2029 175.76 107.194 161.284 120.517 55.0662 52.3221 57.285 232.732 95.0714 99.7454 202.577 181.485 86.1771 81.858 163.849 78.9936 76.9931 72.0469 68.3288 61.4669 57.3255 116.921 152.16
threshold=4.2117908053851538 0.27970993060822436 0.27368111193524619 0.25000172787708275 0.29062199670593086 0.23346936377827318 0.039298419216266339 0.048138544056856865 0.032382400643702312 0.035526590940496004 4.2137218946976223 4.2120315195525455 2.5172558643058736 -0.66476311403078769 -0.663836168103625 2.955481300684514 3.3150374316227009 3.2562269708225906 3.1798972002998278 3.8701868380452269 3.4119034434975446 3.5079858025000532 -0.67024524724628454 -0.66926218500895385 -0.67005597180591814 -0.66926218500895385 3.1121988692531684 3.017657434145895 3.3329922903862736 -0.66274421679704876
decision_type=2 2 2 2 2 2 2 2 2 2 2 2 2 2 2 2 2 2 2 2 2 2 2 2 2 2 2 2 2 2
left_child=12 2 3 5 -3 6 8 -8 -2 -10 -11 -6 -1 15 19 25 17 18 22 -15 -18 -22 26 -24 -20 -14 -17 -16 29 -29
right_child=1 4 -4 -5 11 -7 7 -9 9 10 -12 -13 13 14 27 16 20 -19 24 -21 21 -23 23 -25 -26 -27 -28 28 -30 -31
leaf_value=-0.018023271385778021 0.013841215737472127 -0.061401548721345081 0.25087099441073163 0.069425437208938318 0.016116804328010163 -0.029479415125955467 0.023073871669344687 0.002452921111270595 -0.089591059960970068 -0.0027044581109388717 -0.092395242906752093 -0.019038419049653015 0.028899665864159808 -0.017437835977770176 -0.01091834082138838 -0.015795393972157144 0.025215789477038966 -0.042013274960840293 0.017325595695144854 0.02643652934437761 -0.021478853551043321 0.013161735681007206 -0.05083649203056928 0.016781986822132711 0.067907033299464584 -0.035952815074812287 0.026908134732047003 0.0010351310924323323 -0.00080802133204035162 0.024628095348704269
leaf_weight=443 266 83 22 83 159 177 1131 11967 82 346 42 372 528 2578 1333 214 546 343 264 117 486 1147 191 54 96 44 139 1975 87256 1045
leaf_count=443 266 83 22 83 159 177 1131 11967 82 346 42 372 528 2578 1333 214 546 343 264 117 486 1147 191 54 96 44 139 1975 87256 1045
internal_value=-0.000381975 0.00294753 0.00375696 0.00337123 -0.0156613 0.00297993 0.00339523 0.00423352 -0.0115232 -0.0258783 -0.0124133 -0.00851171 -0.000878374 -0.000801152 -0.00105128 0.00502015 0.0019151 -0.00904001 0.00276566 -0.0155331 0.00845599 0.00285229 -0.0141196 -0.0359328 0.030814 0.023911 0.00101988 -0.000625245 -0.000473259 0.00919892
internal_weight=113529 14730 14116 14094 614 14011 13834 13098 736 470 388 531 98799 98356 94304 4052 3480 1301 958 2695 2179 1633 598 245 360 572 353 91609 90276 3020
internal_count=113529 14730 14116 14094 614 14011 13834 13098 736 470 388 531 98799 98356 94304 4052 3480 1301 958 2695 2179 1633 598 245 360 572 353 91609 90276 3020
is_linear=0
shrinkage=0.05


Tree=144
num_leaves=31
num_cat=0
split_feature=0 1 1 0 1 1 1 0 0 1 0 0 1 0 0 0 0 1 0 1 0 1 0 1 0 0 0 1 0 1
split_gain=70.7991 79.6634 87.9066 137.628 76.9021 67.4201 164.331 81.2316 132.262 177.936 411.717 121.993 246.944 142.496 122.75 103.792 84.8061 82.004 77.42 81.016 81.5691 83.7643 79.6289 335.637 1337.78 119.086 111.468 1399.13 238.946 1645.16
threshold=4.2047970190402397 0.10072043667280038 0.10561795215628932 4.212433616505538 0.99518812659106171 -0.66476311403078769 -0.663836168103625 3.6144161971290862 3.5079858025000532 -0.66401739011758709 3.5367771867072357 3.425455265970681 -0.66401739011758709 3.4656563857364762 3.4939319065458361 3.4388022870276038 3.5981631387971817 -0.66391941515277819 2.5172558643058736 -0.6616821142420839 3.9345095588988146 -0.662047967150724 3.7276973426772373 -0.0011725711818398666 4.1763048044315134 3.8701868380452269 3.6144161971290862 -0.0022132866865079664 3.5822972156049366 -0.0015408843540269332
decision_type=2 2 2 2 2 2 2 2 2 2 2 2 2 2 2 2 2 2 2 2 2 2 2 2 2 2 2 2 2 2
left_child=5 -2 3 -3 -4 -1 7 8 11 -10 -11 -7 -13 15 -15 -14 17 -12 -8 20 21 -20 26 24 -24 -25 28 -28 -21 -30
right_child=1 2 4 -5 -6 6 18 -9 9 10 16 12 13 14 -16 -17 -18 -19 19 22 -22 -23 23 25 -26 -27 27 -29 29 -31
leaf_value=0.0035286555435497871 0.0023380379920108023 -0.024863494291963575 -0.0004527102211154255 0.0088427416206949844 -0.088171347125433397 -0.021341243424348396 -0.058196415617817743 -0.0023322945005381608 -0.023218271412895963 -0.25564771716793383 -0.012018742226064206 0.046993909710146525 -0.075363940931856638 -0.15438263720857937 -0.0072900363932485168 0.068986379332614672 0.038908799057421478 -0.11140991123963376 0.00013969176434501531 -0.0073028363062117106 0.046353772640228275 0.02226673294926125 0.42202090491419259 -0.049284700188449299 -0.027530080332594405 -0.0024136792521197363 -0.22201055273597625 -0.0098826453298500438 0.44868802139940467 -0.0095478298932765472
leaf_weight=4428 33051 894 44187 458 25 1070 61 876 301 30 36 203 20 37 23 33 23 49 11010 1273 100 445 23 137 59 12514 81 1927 23 132
leaf_count=4428 33051 894 44187 458 25 1070 61 876 301 30 36 203 20 37 23 33 23 49 11010 1273 100 445 23 137 59 12514 81 1927 23 132
internal_value=-0.000362876 0.000469227 -0.000886362 -0.0134453 -0.000502311 -0.0022365 -0.00307388 -0.0148478 -0.0208553 -0.0447722 -0.0917847 -0.0132799 0.0140165 -0.0452262 -0.0979971 0.0145146 -0.0462672 -0.0693148 -0.00192932 -0.00180552 0.00139179 0.000999276 -0.00409044 -0.0022677 0.0985635 -0.00292125 -0.0108451 -0.0184396 -0.000165966 0.0584485
internal_weight=113529 78615 45564 1352 44212 34914 30486 2701 1825 439 138 1386 316 113 60 53 108 85 27785 27724 11555 11455 16169 12733 82 12651 3436 2008 1428 155
internal_count=113529 78615 45564 1352 44212 34914 30486 2701 1825 439 138 1386 316 113 60 53 108 85 27785 27724 11555 11455 16169 12733 82 12651 3436 2008 1428 155
is_linear=0
shrinkage=0.05


Tree=145
num_leaves=31
num_cat=0
split_feature=0 1 1 1 1 0 0 1 0 0 1 0 1 1 1 1 0 0 0 1 0 1 0 0 0 1 0 0 0 1
split_gain=118.145 83.0656 116.874 126.226 201.2 181.336 113.397 94.6282 136.242 158.73 124.053 213.912 70.0429 134.11 126.931 158.243 275.067 267.837 374.998 126.214 184.426 125.382 176.039 109.217 62.5278 58.1816 149.594 143.036 145.28 150.366
threshold=3.4798280264228474 0.19560049498397875 0.20063688194608473 0.20817236634261524 0.20351948771976511 4.2098545553136661 4.2111802113758516 0.1867254703448655 4.2130827047167756 4.2093540619516814 0.18180554087128556 4.2123279581038835 0.15518290890557315 0.16454200840478964 0.14591470792853242 0.1503227300650993 4.2112514892550612 4.2094031629545396 4.2098241418237548 0.17107705235235798 4.2127827764752741 0.14214410725072932 4.21166595333648 4.2094499233704212 4.2099435690630207 -0.66476311403078769 3.4521320138615228 3.3329922903862736 3.2562269708225906 -0.66926218500895385
decision_type=2 2 2 2 2 2 2 2 2 2 2 2 2 2 2 2 2 2 2 2 2 2 2 2 2 2 2 2 2 2
left_child=25 7 -3 4 6 -6 -4 10 9 -9 12 -12 14 -14 21 16 17 -16 -19 -15 -21 -2 23 -23 -11 26 27 28 -1 -30
right_child=1 2 3 -5 5 -7 -8 8 -10 24 11 -13 13 19 15 -17 -18 18 -20 20 -22 22 -24 -25 -26 -27 -28 -29 29 -31
leaf_value=0.0035281582867570135 0.0011977813435036608 -0.019383144075083292 -0.020788054507408449 -0.001619872299232485 0.013501256154415268 0.077632924895932653 0.036121761685205721 -0.002823968660030578 -0.072477978253737099 0.098523607174324443 -0.0258168299304125 0.052812171207030412 0.020668419701664442 -0.0095484293494014025 0.0039509948785022156 -0.0037118910227310342 -0.0034468630960640262 -0.29852444030344488 -0.082650132021568359 0.0087725239234519494 0.11287331780926749 0.01708587189165128 -0.037994913466093017 0.072562026711446903 0.035300290166924243 -0.0069959342376495056 -0.0496844129843469 0.023590985984583177 -0.019459391737459787 -0.12719325925622668
leaf_weight=1929 56747 900 339 34731 257 193 118 365 40 43 799 97 1349 1334 59 1328 242 25 103 1287 44 188 82 168 432 8883 140 670 434 35
leaf_count=1929 56747 900 339 34731 257 193 118 365 40 43 799 97 1349 1334 59 1328 242 25 103 1287 44 188 82 168 432 8883 140 670 434 35
internal_value=-0.000240111 0.000317634 -0.00158839 -0.001139 0.0172747 0.0410066 -0.00609362 0.00139349 0.0176777 0.0219708 0.00116906 -0.0173045 0.00143198 0.00782281 0.000996759 -0.0122405 -0.0386413 -0.084187 -0.124813 0.00132047 0.0122139 0.00140347 0.0280525 0.0432656 0.0410237 -0.00491159 0.000859981 0.00316644 -0.00254017 -0.0274992
internal_weight=113361 101270 36538 35638 907 450 457 64732 880 840 63852 896 62956 4014 58942 1757 429 187 128 2665 1331 57185 438 356 475 12091 3208 3068 2398 469
internal_count=113361 101270 36538 35638 907 450 457 64732 880 840 63852 896 62956 4014 58942 1757 429 187 128 2665 1331 57185 438 356 475 12091 3208 3068 2398 469
is_linear=0
shrinkage=0.05


Tree=146
num_leaves=31
num_cat=0
split_feature=0 1 1 1 1 0 0 1 0 0 1 0 1 1 1 1 0 0 0 1 0 1 0 0 0 1 0 0 1 1
split_gain=106.626 74.9667 105.479 113.919 181.583 163.655 102.34 85.4019 125.221 165.637 111.958 193.056 63.2137 121.034 114.555 142.815 248.248 241.722 338.436 113.908 166.444 113.157 158.875 98.5683 58.7376 82.1168 379.396 202.409 316.053 166.732
threshold=3.4798280264228474 0.19560049498397875 0.20063688194608473 0.20817236634261524 0.20351948771976511 4.2098545553136661 4.2111802113758516 0.1867254703448655 4.2126569965574676 4.2093540619516814 0.18180554087128556 4.2123279581038835 0.15518290890557315 0.16454200840478964 0.14591470792853242 0.1503227300650993 4.2112514892550612 4.2094031629545396 4.2098241418237548 0.17107705235235798 4.2127827764752741 0.14214410725072932 4.21166595333648 4.2094499233704212 3.3505180837725921 -0.66926218500895385 3.4521320138615228 3.4119034434975446 -0.66401739011758709 -0.66303817767789242
decision_type=2 2 2 2 2 2 2 2 2 2 2 2 2 2 2 2 2 2 2 2 2 2 2 2 2 2 2 2 2 2
left_child=24 7 -3 4 6 -6 -4 10 9 -9 12 -12 14 -14 21 16 17 -16 -19 -15 -21 -2 23 -23 -1 26 -26 28 -27 -29
right_child=1 2 3 -5 5 -7 -8 8 -10 -11 11 -13 13 19 15 -17 -18 18 -20 20 -22 22 -24 -25 25 27 -28 29 -30 -31
leaf_value=-0.0022129281040522688 0.0011378922884797272 -0.018413987248460117 -0.019748651943475855 -0.0015388788094754823 0.012826194481358862 0.073751279071378739 0.034315673988391408 -0.0026827702651195844 -0.047868710472855881 0.042737010309698203 -0.024525988444583074 0.050171561646227214 0.019634998457228121 -0.009071007925623294 0.0037534450543886527 -0.0035262965310732444 -0.0032745206253776285 -0.2835982122421265 -0.078517624981773726 0.0083338972050103228 0.10722965032539584 0.016231577203499447 -0.036095166406253487 0.068933925938992099 0.026151526806631797 -0.095110586029014843 -0.070450078860277265 0.012341398907387082 -0.018780296952294006 -0.017405267822942872
leaf_weight=8085 56747 900 339 34731 257 193 118 365 69 446 799 97 1349 1334 59 1328 242 25 103 1287 44 188 82 168 509 151 127 986 1331 902
leaf_count=8085 56747 900 339 34731 257 193 118 365 69 446 799 97 1349 1334 59 1328 242 25 103 1287 44 188 82 168 509 151 127 986 1331 902
internal_value=-0.000228106 0.000301753 -0.00150897 -0.00108205 0.016411 0.0389563 -0.00578894 0.00132381 0.0167938 0.0222953 0.00111061 -0.0164393 0.00136038 0.00743167 0.000946921 -0.0116284 -0.0367092 -0.0799776 -0.118572 0.00125445 0.0116032 0.0013333 0.0266498 0.0411023 -0.00466601 -0.00961688 0.00686158 -0.0127268 -0.0265575 -0.0018702
internal_weight=113361 101270 36538 35638 907 450 457 64732 880 811 63852 896 62956 4014 58942 1757 429 187 128 2665 1331 57185 438 356 12091 4006 636 3370 1482 1888
internal_count=113361 101270 36538 35638 907 450 457 64732 880 811 63852 896 62956 4014 58942 1757 429 187 128 2665 1331 57185 438 356 12091 4006 636 3370 1482 1888
is_linear=0
shrinkage=0.05


Tree=147
num_leaves=31
num_cat=0
split_feature=0 1 0 1 1 1 1 1 0 1 1 0 0 0 1 0 0 1 1 0 1 1 1 1 0 1 1 0 0 0
split_gain=96.2296 69.3375 65.8942 134.097 87.9319 263.298 170.691 98.0356 83.7962 83.3573 70.9098 109.894 53.8351 53.0107 74.1104 342.405 182.674 285.238 150.475 126.018 338.462 164.252 201.653 102.14 99.8543 213.373 109.7 75.0423 60.3694 58.4349
threshold=3.4798280264228474 0.04882569966417271 4.2127827764752741 0.057174585559229642 0.069757814832467555 0.074573776278504686 0.078315923637913148 0.061351089184763445 4.2084723515306495 0.064067982905915782 0.076253456689842306 4.2115082209862642 4.2111802113758516 3.3505180837725921 -0.66926218500895385 3.4521320138615228 3.4119034434975446 -0.66401739011758709 -0.66303817767789242 3.3976557356948374 -0.66369999296714022 -0.6616821142420839 -0.0015408843540269332 -0.66223408215259416 3.3829345773626645 -0.66377067496524145 -0.66341392248780628 3.425455265970681 2.5172558643058736 3.3976557356948374
decision_type=2 2 2 2 2 2 2 2 2 2 2 2 2 2 2 2 2 2 2 2 2 2 2 2 2 2 2 2 2 2
left_child=13 -2 3 -3 7 -6 10 8 -5 -9 -7 -12 -11 28 15 27 17 29 -18 24 -21 23 -23 -22 26 -26 -19 -15 -1 -16
right_child=1 2 -4 4 5 6 -8 9 -10 12 11 -13 -14 14 16 -17 18 19 -20 20 21 22 -24 -25 25 -27 -28 -29 -30 -31
leaf_value=-0.020090137040158208 0.0027116273115142227 -0.009327445210188464 0.0048675810692544444 -0.032027087853787169 -0.019855587042892503 0.0040688341883383479 -0.00081827628981530939 0.022084422642505042 0.0020038906820830597 -0.0033677039137810037 0.023521633878420073 -0.046876356159818583 0.020726535227695873 0.035913611797180701 -0.10902686570141767 -0.066927575312672169 0.011724329164108115 -0.058165765906105171 -0.016535003749450293 -0.21381056087988393 -0.024793054315571984 -0.20901639611961753 -0.0057713723700979491 0.074550675260352681 0.12814953906668558 -0.00047348444214434298 -0.0090808771136944126 -0.0084521966121034828 -0.0010645208332200284 -0.038540800716727976
leaf_weight=441 22832 4352 5482 193 1763 1344 58691 1279 2883 815 1254 58 324 382 111 127 986 148 902 27 240 26 23 29 36 309 493 127 7644 40
leaf_count=441 22832 4352 5482 193 1763 1344 58691 1279 2883 815 1254 58 324 382 111 127 986 148 902 27 240 26 23 29 36 309 493 127 7644 40
internal_value=-0.0002167 0.000286665 -0.000419201 -0.000816456 -0.000276549 -0.000804707 -0.000257219 0.00579044 -0.000131343 0.0133237 0.0121407 0.0204095 0.00348614 -0.00443271 -0.00913604 0.0065185 -0.0120904 -0.0252297 -0.00177669 -0.0178413 -0.0438505 -0.0294199 -0.113616 -0.0140831 -0.0087407 0.012948 -0.020414 0.024844 -0.00210228 -0.0903551
internal_weight=113361 101270 78438 72956 68604 63110 61347 5494 3076 2418 2656 1312 1139 12091 4006 636 3370 1482 1888 1331 345 318 49 269 986 345 641 509 8085 151
internal_count=113361 101270 78438 72956 68604 63110 61347 5494 3076 2418 2656 1312 1139 12091 4006 636 3370 1482 1888 1331 345 318 49 269 986 345 641 509 8085 151
is_linear=0
shrinkage=0.05


Tree=148
num_leaves=31
num_cat=0
split_feature=0 1 1 1 1 0 1 0 0 1 0 0 1 0 0 1 1 1 1 0 1 1 0 0 0 1 0 0 1 0
split_gain=86.8472 63.657 131.69 114.174 102.388 147.691 96.3826 108.008 116.978 77.7682 114.584 129.79 100.134 174.059 71.5201 66.8488 58.6883 109.307 102.746 149.308 102.353 129.275 227.592 405.957 137.7 102.762 143.792 88.9578 56.0259 55.8847
threshold=3.4798280264228474 0.21308951405532847 0.20351948771976511 0.19560049498397875 0.20817236634261524 4.2098545553136661 0.21968849704797191 4.2098241418237548 4.2092521302304364 0.1867254703448655 4.2130827047167756 4.2093540619516814 0.18180554087128556 4.2127827764752741 4.2117077052705172 0.22666625183359088 0.15518290890557315 0.16454200840478964 0.17107705235235798 4.2127827764752741 0.14591470792853242 0.1503227300650993 4.2102998941715093 4.2094031629545396 4.2098241418237548 0.14214410725072932 4.21166595333648 4.2094499233704212 0.17663744513061333 4.2099435690630207
decision_type=2 2 2 2 2 2 2 2 2 2 2 2 2 2 2 2 2 2 2 2 2 2 2 2 2 2 2 2 2 2
left_child=-1 2 3 9 5 -4 7 8 -3 12 11 -11 16 14 -14 -8 20 -18 -19 -20 25 22 23 -22 -25 -2 27 -27 -21 -13
right_child=1 6 4 -5 -6 -7 15 -9 -10 10 -12 29 13 -15 -16 -17 17 18 19 28 21 -23 -24 24 -26 26 -28 -29 -30 -31
leaf_value=-0.0042110765811760381 0.0010269403658118295 -0.010692035623668996 0.012225798367167522 -0.013440848924507859 0.0030500846541136367 0.070103155352221086 0.018250550176216709 -0.0044630607627397113 -0.070140479479097961 -0.0025077179890789399 -0.066704024020582439 0.091501491074991781 -0.027673758552007363 0.09537577383658466 0.0069400678283273011 -0.0013025389416347853 0.018693319484123751 -0.0085805926328327547 0.0079581159990831374 0.16067104077055341 0.0036066866325909054 -0.0033302612752043183 -0.011548320446117463 -0.26937739092111584 -0.12049364694734899 0.01546091236288045 -0.03435350785531649 0.06552814376551569 0.047712992309876114 0.031730951881554913
leaf_weight=12091 56747 166 257 1357 436 193 443 574 165 365 40 43 670 34 192 32947 1349 1334 1287 21 59 1328 304 25 41 188 82 168 23 432
leaf_count=12091 56747 166 257 1357 436 193 443 574 165 365 40 43 670 34 192 32947 1349 1334 1287 21 59 1328 304 25 41 188 82 168 23 432
internal_value=-0.000205865 0.000272332 0.00116937 0.000912661 0.020318 0.0370488 -0.0014795 -0.0175799 -0.0403265 0.00121356 0.015976 0.0199131 0.00101011 -0.0155872 -0.019964 -0.00104312 0.00124632 0.00709625 0.00122592 0.0110545 0.000847936 -0.0110388 -0.0349011 -0.091695 -0.176889 0.00121315 0.0253388 0.0390881 0.101625 0.0371418
internal_weight=113361 101270 66975 66089 886 450 34295 905 331 64732 880 840 63852 896 862 33390 62956 4014 2665 1331 58942 1757 429 125 66 57185 438 356 44 475
internal_count=113361 101270 66975 66089 886 450 34295 905 331 64732 880 840 63852 896 862 33390 62956 4014 2665 1331 58942 1757 429 125 66 57185 438 356 44 475
is_linear=0
shrinkage=0.05


Tree=149
num_leaves=31
num_cat=0
split_feature=0 0 1 1 1 1 1 1 1 1 0 1 0 1 1 1 1 0 1 0 0 1 0 0 1 0 1 1 0 1
split_gain=78.5162 152.045 539.637 250.982 161.326 467.586 108.045 127.156 116.161 60.7314 433.193 570.611 67.6148 50.3174 120.89 100.681 92.4052 133.292 86.9879 98.8586 130.735 71.7913 106.338 135.95 88.5303 159.339 60.3295 56.6561 54.4439 53.158
threshold=3.5079858025000532 3.5221603261481738 -0.66341392248780628 -0.66476311403078769 -0.0022132866865079664 -0.66237459076634098 -0.663836168103625 -0.66401739011758709 -0.6635774510576854 -0.6616821142420839 3.4939319065458361 -0.0011725711818398666 2.6743727390994265 0.21308951405532847 0.20351948771976511 0.19560049498397875 0.20817236634261524 4.2098545553136661 0.21968849704797191 4.2097280195538902 4.2092521302304364 0.1867254703448655 4.2126569965574676 4.2093540619516814 0.18180554087128556 4.2123279581038835 0.22666625183359088 0.17663744513061333 4.2119323686059484 0.18400588574646118
decision_type=2 2 2 2 2 2 2 2 2 2 2 2 2 2 2 2 2 2 2 2 2 2 2 2 2 2 2 2 2 2
left_child=9 2 3 -2 5 -4 7 -5 -8 -1 12 -12 -11 14 15 21 17 -16 19 20 -15 24 23 -23 27 -26 -20 -3 -19 -27
right_child=1 13 4 6 -6 -7 8 -9 -10 10 11 -13 -14 18 16 -17 -18 28 26 -21 -22 22 -24 -25 25 29 -28 -29 -30 -31
leaf_value=-0.0028425011707233962 0.046376155016871243 0.00089295996847918273 0.069939167172732672 -0.06026934561056968 -0.0088759100995957855 0.29439320362828397 0.03042549689610799 -0.20849974404858507 -0.087884684452196452 -0.091095746556917823 -0.34958016601475805 -0.0093015894959015515 -0.0061389532471719608 -0.010157433874184177 0.011614507511312483 -0.012768806480553507 0.0028975808164190264 0.078878241679016151 0.017338022751167092 -0.0049769492535248552 -0.076146743173309925 -0.0023823320971521206 -0.044410811537417813 0.0387663957058356 -0.022154510154111139 0.011981956181907149 -0.001237179303922192 0.018738908004992741 0.009169792252428392 0.086331101750626915
leaf_weight=11956 77 61148 165 39 40 27 42 23 41 24 22 28 969 166 257 1357 436 159 443 602 137 365 69 446 799 53 32945 448 34 44
leaf_count=11956 77 61148 165 39 40 27 42 23 41 24 22 28 969 166 257 1357 436 159 443 602 137 365 69 446 799 53 32945 448 34 44
internal_value=-0.000195572 0.000278002 0.0291478 -0.0265785 0.0824722 0.101503 -0.06532 -0.115258 -0.0280169 -0.00385192 -0.015423 -0.159024 -0.00819229 0.000146813 0.000958016 0.000706925 0.0193021 0.0351963 -0.00140532 -0.016701 -0.0399942 0.000995484 0.0151772 0.0202469 0.00079578 -0.0148079 -0.000990719 0.00102276 0.066598 0.0457073
internal_weight=113361 100362 454 222 232 192 145 62 83 12999 1043 50 993 99908 65615 64729 886 450 34293 905 303 63372 880 811 62492 896 33388 61596 193 97
internal_count=113361 100362 454 222 232 192 145 62 83 12999 1043 50 993 99908 65615 64729 886 450 34293 905 303 63372 880 811 62492 896 33388 61596 193 97
is_linear=0
shrinkage=0.05


Tree=150
num_leaves=31
num_cat=0
split_feature=0 1 1 0 0 0 0 0 0 1 0 1 0 0 0 0 0 0 0 1 1 0 0 1 1 1 0 0 0 0
split_gain=86.3662 202.57 454.509 1584.15 811.728 358.579 386.23 351.043 409.146 114.156 611.737 384.978 1255.44 1478.32 124.738 93.9102 101.148 140.156 90.1078 86.0097 64.1911 211.005 82.2857 302.047 222.773 250.284 576.911 398.548 482.592 385.942
threshold=3.5822972156049366 -0.6616821142420839 -0.0022132866865079664 3.4388022870276038 3.3829345773626645 3.3329922903862736 3.2562269708225906 3.4798280264228474 3.5221603261481738 -0.0022132866865079664 4.0016850225900411 -0.6616821142420839 3.6723921289788319 3.7107793083163441 3.9345095588988146 3.9345095588988146 3.7276973426772373 3.6838237122462423 3.1486491245954151 1.0000000180025095e-35 0.99518812659106171 4.0844980415780485 4.163209113926416 0.9899572276429659 0.82659308966095224 0.74424765479753441 4.2052027035499506 4.2094031629545396 4.2102736250356285 4.205970920258518
decision_type=2 2 2 2 2 2 2 2 2 2 2 2 2 2 2 2 2 2 2 2 2 2 2 2 2 2 2 2 2 2
left_child=1 -1 3 4 5 6 18 -5 -9 10 11 15 -13 -14 -11 16 17 -2 -3 -16 22 -22 23 -21 25 -24 -27 29 -29 -28
right_child=9 2 -4 7 -6 -7 -8 8 -10 14 -12 12 13 -15 19 -17 -18 -19 -20 20 21 -23 24 -25 -26 26 27 28 -30 -31
leaf_value=-0.0018673907080411876 0.005331618241631364 -0.045926230376982402 -0.0054137321480267932 -0.41339556987469017 0.16238192099112053 -0.20483962788301358 0.12031948089599609 -0.072591721266508105 -0.33962261585088882 -0.011341602524071298 -0.26149024707930429 0.31103977824366374 -0.21363959137986349 0.31069862127304076 0.038683676535952588 0.045075403263744637 -0.0030816232928412429 0.031409457901859804 -0.1536299114227295 0.033051466958134296 0.028377317107853392 -0.043931838182211219 0.00020797396092163712 -0.0028222112068492112 -0.012585406086969956 0.15681262837646351 -0.028441123109057609 -0.30075053700378968 -0.023422662571312921 0.031350227930561234
leaf_weight=14026 2079 87 953 26 54 34 35 32 26 2345 21 43 41 20 146 156 1948 685 25 877 155 289 82689 1773 3326 73 342 21 62 1280
leaf_count=14026 2079 87 953 26 54 34 35 32 26 2345 21 43 41 20 146 156 1948 685 25 877 155 289 82689 1773 3326 73 342 21 62 1280
internal_value=-0.000105145 -0.00360006 -0.0227058 -0.0743651 -0.00774924 -0.0585066 -0.0246609 -0.260731 -0.192295 0.000438361 0.00780429 0.0089417 0.104129 -0.0417254 4.44985e-05 0.00690811 0.00564451 0.0117945 -0.0699672 0.000337803 0.000276205 -0.0186888 0.000369307 0.00904995 0.000107285 0.000607077 0.019168 0.0132748 -0.09359 0.0187432
internal_weight=113669 15298 1272 319 235 181 147 84 58 98371 4993 4972 104 61 93378 4868 4712 2764 112 91033 90887 444 90443 2650 87793 84467 1778 1705 83 1622
internal_count=113669 15298 1272 319 235 181 147 84 58 98371 4993 4972 104 61 93378 4868 4712 2764 112 91033 90887 444 90443 2650 87793 84467 1778 1705 83 1622
is_linear=0
shrinkage=0.05


Tree=151
num_leaves=31
num_cat=0
split_feature=0 1 1 0 0 0 0 0 0 1 0 1 0 0 0 0 1 1 1 1 0 0 0 0 0 0 0 0 0 0
split_gain=77.9455 182.819 410.195 1429.69 732.585 323.618 348.572 316.817 369.254 103.026 552.093 347.443 1133.04 1334.18 112.833 95.0789 504.046 260.243 236.57 225.85 530.36 377.367 435.668 203.251 195.34 478.614 337.508 515.024 198.601 289.276
threshold=3.5822972156049366 -0.6616821142420839 -0.0022132866865079664 3.4388022870276038 3.3829345773626645 3.3329922903862736 3.2562269708225906 3.4798280264228474 3.5221603261481738 -0.0022132866865079664 4.0016850225900411 -0.6616821142420839 3.6723921289788319 3.7107793083163441 4.0016850225900411 4.163209113926416 0.90581773459918347 0.9899572276429659 0.82659308966095224 0.74424765479753441 4.204831364457017 4.2094031629545396 4.2102998941715093 4.1881520144172528 4.205970920258518 4.2060821430719466 4.205281599958071 4.2051216697778928 4.2058187572993146 4.2057210055941399
decision_type=2 2 2 2 2 2 2 2 2 2 2 2 2 2 2 2 2 2 2 2 2 2 2 2 2 2 2 2 2 2
left_child=1 -1 3 4 5 6 -3 -5 -9 10 11 -2 -13 -14 -11 16 -16 -18 19 23 -21 24 -23 -17 26 -26 27 -22 29 -28
right_child=9 2 -4 7 -6 -7 -8 8 -10 14 -12 12 13 -15 15 18 17 -19 -20 20 21 22 -24 -25 25 -27 28 -29 -30 -31
leaf_value=-0.0017740211720900544 0.0065627032447387367 -0.066468869718456905 -0.0051430455301492498 -0.39272579413193925 0.15426281646445947 -0.19459764571750868 0.11430350576128279 -0.06896211728453637 -0.32264148272000831 -0.01016725218939777 -0.24841572188195729 0.29548779642859174 -0.2029576063156128 0.29516370058059693 0.18144335322791624 -0.13696296491004803 0.029938879053263059 -0.0037506049977440886 -0.012794606904266537 0.26218196248466319 -0.050175385517733442 -0.27965955192392528 -0.020115704559644718 0.00024383743544636246 0.17272292898435679 0.023242969512087264 -0.044166262997528433 0.2173807432522645 -0.10129664825935719 0.077453633863478907
leaf_weight=14026 4868 112 953 26 54 34 35 32 26 2630 21 43 41 20 42 27 837 1819 3442 22 35 22 61 82803 56 1224 174 37 79 68
leaf_count=14026 4868 112 953 26 54 34 35 32 26 2630 21 43 41 20 42 27 837 1819 3442 22 35 22 61 82803 56 1224 174 37 79 68
internal_value=-9.98881e-05 -0.00342006 -0.0215705 -0.0706469 -0.00736178 -0.0555813 -0.0234278 -0.247694 -0.18268 0.000416443 0.00741408 0.00849462 0.098923 -0.0396391 4.22735e-05 0.000338159 0.00958381 0.00686615 5.48572e-05 0.000577596 0.0182096 0.015153 -0.0889105 0.000199112 0.0203158 0.0297827 -0.010518 0.0873187 -0.0324627 -0.00999208
internal_weight=113669 15298 1272 319 235 181 147 84 58 98371 4993 4972 104 61 93378 90748 2698 2656 88050 84608 1778 1756 83 82830 1673 1280 393 72 321 242
internal_count=113669 15298 1272 319 235 181 147 84 58 98371 4993 4972 104 61 93378 90748 2698 2656 88050 84608 1778 1756 83 82830 1673 1280 393 72 321 242
is_linear=0
shrinkage=0.05


Tree=152
num_leaves=31
num_cat=0
split_feature=0 1 1 0 0 0 0 0 0 1 0 1 0 0 0 0 0 0 0 1 1 0 0 1 1 1 1 1 0 1
split_gain=70.3458 164.994 370.201 1290.3 661.158 292.065 314.586 285.927 333.252 92.9809 498.264 313.567 1022.56 1204.1 102.201 84.7539 91.2865 126.49 81.3223 80.9553 59.1047 57.9479 143.253 105.085 137.942 144.839 227.463 121.661 85.0858 190.491
threshold=3.5822972156049366 -0.6616821142420839 -0.0022132866865079664 3.4388022870276038 3.3829345773626645 3.3329922903862736 3.2562269708225906 3.4798280264228474 3.5221603261481738 -0.0022132866865079664 4.0016850225900411 -0.6616821142420839 3.6723921289788319 3.7107793083163441 3.9345095588988146 3.9345095588988146 3.7276973426772373 3.6838237122462423 3.1486491245954151 1.0000000180025095e-35 -0.6635774510576854 3.5517692714646878 3.5668801272128876 -0.66292656314367393 -0.66320120985392572 -0.66330562804242477 -0.66346757874425399 -0.66258612056614341 3.4656563857364762 -0.66330562804242477
decision_type=2 2 2 2 2 2 2 2 2 2 2 2 2 2 2 2 2 2 2 2 2 2 2 2 2 2 2 2 2 2
left_child=1 20 3 4 5 6 18 -5 -9 10 11 15 -13 -14 -11 16 17 -2 -3 -16 -1 28 23 24 25 26 -23 -25 -22 -30
right_child=9 2 -4 7 -6 -7 -8 8 -10 14 -12 12 13 -15 19 -17 -18 -19 -20 -21 21 22 -24 27 -26 -27 -28 -29 29 -31
leaf_value=-0.0051222765079169006 0.0047369017359530068 -0.040306474313396838 -0.0048858932644550981 -0.37308951891385594 0.14654968182245892 -0.18486775755882265 0.10858833040509906 -0.065514012426137927 -0.30650939574608438 -0.010266159813109438 -0.23599493219738915 0.2807134118191032 -0.19280972655226547 0.28040551424026489 0.037507766566864435 0.042493498394600093 -0.0032556774232585443 0.029510849823080765 -0.14262497425079346 0.00024588841973276367 -0.0002393849383437891 0.030191693305969238 0.012138876904871299 0.045486251960666677 -0.14207378083622044 0.060207072369478365 -0.1740180109689633 -0.070864625867360684 0.047572936451519443 0.0034209504196117896
leaf_weight=6612 2079 87 953 26 54 34 35 32 26 2345 21 43 41 20 146 156 1948 685 25 90887 5598 25 223 53 47 27 30 39 318 1054
leaf_count=6612 2079 87 953 26 54 34 35 32 26 2345 21 43 41 20 146 156 1948 685 25 90887 5598 25 223 53 47 27 30 39 318 1054
internal_value=-9.48937e-05 -0.00324906 -0.020492 -0.0671145 -0.00699369 -0.0528022 -0.0222564 -0.23531 -0.173546 0.000395621 0.00704338 0.00806988 0.0939768 -0.0376572 4.01599e-05 0.00623457 0.00503414 0.0108766 -0.0631454 0.00030565 -0.00168532 0.00137985 -0.0161342 -0.0446632 -0.07378 -0.0346361 -0.0811954 -0.0038364 0.00249552 0.0136544
internal_weight=113669 15298 1272 319 235 181 147 84 58 98371 4993 4972 104 61 93378 4868 4712 2764 112 91033 14026 7414 444 221 129 82 55 92 6970 1372
internal_count=113669 15298 1272 319 235 181 147 84 58 98371 4993 4972 104 61 93378 4868 4712 2764 112 91033 14026 7414 444 221 129 82 55 92 6970 1372
is_linear=0
shrinkage=0.05


Tree=153
num_leaves=31
num_cat=0
split_feature=0 1 1 0 0 0 0 0 0 1 0 1 0 0 0 0 1 1 1 1 0 0 0 0 0 0 0 0 1 0
split_gain=63.4871 148.908 334.106 1164.49 596.695 263.588 283.914 258.049 300.76 83.9153 449.683 282.994 922.865 1086.7 92.4341 85.7999 453.686 234.869 213.4 203.906 487.601 324.954 541.434 285.735 450.644 271.901 207.761 209.052 432.395 201.747
threshold=3.5822972156049366 -0.6616821142420839 -0.0022132866865079664 3.4388022870276038 3.3829345773626645 3.3329922903862736 3.2562269708225906 3.4798280264228474 3.5221603261481738 -0.0022132866865079664 4.0016850225900411 -0.6616821142420839 3.6723921289788319 3.7107793083163441 4.0016850225900411 4.163209113926416 0.90581773459918347 0.9899572276429659 0.82659308966095224 0.74424765479753441 4.2052027035499506 4.2089699472680069 4.2087076272842721 4.205970920258518 4.2060821430719466 4.2084723515306495 4.2064821181253196 4.20630787515175 0.76175444319795671 4.2058187572993146
decision_type=2 2 2 2 2 2 2 2 2 2 2 2 2 2 2 2 2 2 2 2 2 2 2 2 2 2 2 2 2 2
left_child=1 -1 3 4 5 6 -3 -5 -9 10 11 -2 -13 -14 -11 16 -16 -18 19 -17 -21 22 23 29 -25 26 27 28 -26 -22
right_child=9 2 -4 7 -6 -7 -8 8 -10 14 -12 12 13 -15 15 18 17 -19 -20 20 21 -23 -24 24 25 -27 -28 -29 -30 -31
leaf_value=-0.0016010539941440892 0.0059228395829332842 -0.059988155023477575 -0.0046415986187349524 -0.35443502206068778 0.13922221660614015 -0.17562436461448672 0.10315890448434013 -0.06223831027746201 -0.29118394714135393 -0.0092025385574728055 -0.22419519623120629 0.26667771893878317 -0.18316923699727872 0.26638524055480961 0.17213709212484815 0.0001736907618306201 0.02842964124021315 -0.0035753692859203166 -0.01216717143824971 0.14382959506283069 -0.0051280037742533046 -0.068919981447658665 0.25859791072814364 0.16407448916163828 0.22166179243637171 -0.10760467929265849 0.034080240708315425 -0.068399538549485508 -0.022109730952772605 -0.096244106951016428
leaf_weight=14026 4868 112 953 26 54 34 35 32 26 2630 21 43 41 20 42 82830 837 1819 3442 73 263 116 23 56 23 41 906 111 87 79
leaf_count=14026 4868 112 953 26 54 34 35 32 26 2630 21 43 41 20 42 82830 837 1819 3442 73 263 116 23 56 23 41 906 111 87 79
internal_value=-9.0149e-05 -0.00308661 -0.0194674 -0.0637588 -0.006644 -0.0501621 -0.0211436 -0.223544 -0.164869 0.00037584 0.00669121 0.00766639 0.089278 -0.0357743 3.81519e-05 0.00030596 0.00908887 0.00651055 3.68365e-05 0.000533317 0.0172869 0.0118689 0.0177666 0.0142295 0.0255191 0.0188761 0.0234774 -0.0199895 0.0288607 -0.0261753
internal_weight=113669 15298 1272 319 235 181 147 84 58 98371 4993 4972 104 61 93378 90748 2698 2656 88050 84608 1778 1705 1589 1566 1224 1168 1127 221 110 342
internal_count=113669 15298 1272 319 235 181 147 84 58 98371 4993 4972 104 61 93378 90748 2698 2656 88050 84608 1778 1705 1589 1566 1224 1168 1127 221 110 342
is_linear=0
shrinkage=0.05


Tree=154
num_leaves=31
num_cat=0
split_feature=0 1 1 0 0 0 0 0 0 1 0 1 1 0 0 0 0 1 0 1 0 1 0 0 1 0 1 0 0 1
split_gain=57.2971 134.389 301.531 1050.95 538.517 237.889 256.233 232.889 271.436 76.4216 275.082 414.411 1109.58 94.2397 89.2565 73.3934 72.3662 73.1647 84.6214 58.7694 160.334 931.28 327.897 260.136 138.155 55.6321 53.389 112.044 194.361 225.747
threshold=3.5822972156049366 -0.6616821142420839 -0.0022132866865079664 3.4388022870276038 3.3829345773626645 3.3329922903862736 3.2562269708225906 3.4798280264228474 3.5221603261481738 -0.66266939082252119 3.5981631387971817 -0.0022132866865079664 -0.66223408215259416 3.7276973426772373 3.9345095588988146 3.1486491245954151 3.7587056847616118 -0.66330562804242477 3.6304826699867676 0.023304082315542939 4.1481006113486876 -0.662047967150724 4.1763048044315134 3.8240175911680279 -0.0015408843540269332 3.8701868380452269 -0.66352079279499898 3.5221603261481738 3.4656563857364762 -0.66325312116481017
decision_type=2 2 2 2 2 2 2 2 2 2 2 2 2 2 2 2 2 2 2 2 2 2 2 2 2 2 2 2 2 2
left_child=1 26 3 4 5 6 15 -5 -9 14 11 12 -11 -12 16 -3 17 18 -2 20 21 -15 -22 -23 -24 -21 -1 28 -28 -30
right_child=9 2 -4 7 -6 -7 -8 8 -10 10 13 -13 -14 19 -16 -17 -18 -19 -20 25 22 23 24 -25 -26 -27 27 -29 29 -31
leaf_value=-0.004651459402522826 -0.0099312428293865593 -0.035291743142551728 -0.0044095186609481654 -0.33671327370863696 0.13226108021206326 -0.16684315379928141 0.098000963756016329 -0.059126412123441698 -0.2766247497155116 -0.032019508709864961 -0.0098900692235613097 -0.0088916395983052645 0.43128545066962642 -0.0054706710979412756 0.044597780292495989 -0.13249431991577149 -0.0039654875615480817 0.022072242339832959 0.012040561581114507 -0.031393654361766367 -0.18904466249726037 0.14569698510548243 -0.08531427129700378 0.38555139228701596 0.014820505169482495 0.00014940443757354281 0.00032657927460780553 -0.015347182918770639 0.070983220259659002 0.011375646315607175
leaf_weight=6910 659 87 953 26 54 34 35 32 26 28 2366 63 24 159 151 25 1370 873 1308 140 22 26 37 20 499 90626 5389 865 210 652
leaf_count=6910 659 87 953 26 54 34 35 32 26 28 2366 63 24 159 151 25 1370 873 1308 140 22 26 37 20 499 90626 5389 865 210 652
internal_value=-8.56415e-05 -0.00293228 -0.018494 -0.0605709 -0.00631181 -0.047654 -0.0200864 -0.212367 -0.156626 0.000357048 5.68894e-05 0.0773403 0.181814 -3.77651e-05 0.00682756 -0.0569887 0.00547285 0.0100259 0.00467939 0.000216914 0.0140356 0.0518503 0.000143049 0.249982 0.00790822 0.000100752 -0.001521 0.00151883 0.00385272 0.0258972
internal_weight=113669 15298 1272 319 235 181 147 84 58 98371 94010 115 52 93895 4361 112 4210 2840 1967 91529 763 205 558 46 536 90766 14026 7116 6251 862
internal_count=113669 15298 1272 319 235 181 147 84 58 98371 94010 115 52 93895 4361 112 4210 2840 1967 91529 763 205 558 46 536 90766 14026 7116 6251 862
is_linear=0
shrinkage=0.05


Tree=155
num_leaves=31
num_cat=0
split_feature=1 0 0 1 1 0 1 0 0 0 1 1 1 0 1 1 1 1 1 1 0 0 0 0 0 0 0 0 0 1
split_gain=99.7995 152.467 429.33 333.657 341.534 734.492 512.626 416.49 347.747 401.184 317.974 305.724 509.901 321.092 297.08 295.852 307.257 271.283 251.717 236.649 205.473 185.9 222.242 210.102 303.019 207.848 184.117 171.55 278.155 168.522
threshold=0.21308951405532847 4.2080529843511281 4.2079410597434483 0.59821005442195807 0.50662256577213383 4.2090870767876725 0.52999857268208184 4.2087076272842721 4.209794181981672 4.2096154240925623 0.64469578816960282 0.34951173794613027 0.39186529923390212 4.2085508141781736 0.72537656303778963 0.59821005442195807 0.55552898264406514 0.54357157459813754 0.28594241921769475 0.67611158993753573 4.2085508141781736 4.2100283525022411 4.2097280195538902 4.2092001896398363 4.2093042635543387 4.2094031629545396 4.2102471159256956 4.2098545553136661 4.2101662756017779 0.47337442032806615
decision_type=2 2 2 2 2 2 2 2 2 2 2 2 2 2 2 2 2 2 2 2 2 2 2 2 2 2 2 2 2 2
left_child=-1 2 -2 4 7 17 8 11 9 -7 15 18 13 -13 27 16 -4 -6 -3 -12 -14 22 23 -8 -25 -26 -23 -5 -29 -22
right_child=1 3 10 14 5 6 21 -9 -10 -11 19 12 20 -15 -16 -17 -18 -19 -20 -21 29 26 -24 24 25 -27 -28 28 -30 -31
leaf_value=0.0013219877789726415 -0.0039508499390270525 0.017252321311804868 -0.0096062985545463248 0.031173121178805125 -0.016214203946536495 -0.034272355723547782 0.13974813692905802 -0.0012025251148217102 0.061990254409611228 -0.21637771423673258 -0.21688648469746116 0.22859686775165691 0.016264542816114145 0.051019646616085712 -0.0063969396016557538 0.076735032665527475 -0.1343512197620132 -0.064534406735828831 -0.06378148085800292 -0.075207502524634567 0.046024304732182032 -0.096421460983784582 0.13274193144558619 -0.09746066291062605 0.14334255614844355 0.019551661295830743 0.048968683358500992 0.16872701854617508 -0.049554605484008793 0.14514162112974513
leaf_weight=79102 16795 357 157 1141 496 124 47 12182 60 40 40 57 603 46 628 59 72 701 131 112 157 38 96 42 46 129 51 54 20 59
leaf_count=79102 16795 357 157 1141 496 124 47 12182 60 40 40 57 603 46 628 59 72 701 131 112 157 38 96 42 46 129 51 54 20 59
internal_value=0.000342876 -0.00189944 -0.00522816 0.00141581 -0.000981168 -0.0210155 0.0207755 0.00177517 -0.0410065 -0.0786883 -0.0539837 0.0275016 0.0444399 0.149291 0.0215255 -0.0231045 -0.0488274 -0.044512 -0.00450061 -0.112491 0.0312536 0.0515977 0.0675943 0.0439043 0.0231455 0.052091 -0.013108 0.0359578 0.109732 0.073098
internal_weight=113642 34540 17235 17305 15462 1870 673 13592 224 164 440 1410 922 103 1843 288 229 1197 488 152 819 449 360 264 217 175 89 1215 74 216
internal_count=113642 34540 17235 17305 15462 1870 673 13592 224 164 440 1410 922 103 1843 288 229 1197 488 152 819 449 360 264 217 175 89 1215 74 216
is_linear=0
shrinkage=0.05


Tree=156
num_leaves=31
num_cat=0
split_feature=1 1 0 0 1 1 0 0 1 1 1 1 1 0 1 1 0 0 0 0 1 1 1 0 1 0 0 0 1 0
split_gain=90.069 148.955 137.601 387.47 301.125 308.665 1070.39 327.676 286.971 269.347 268.115 267.006 277.3 250.652 213.576 193.488 190.592 265.884 174.72 162.581 160.143 275.916 460.186 289.786 227.174 185.44 154.824 251.035 160.629 157.955
threshold=0.21308951405532847 0.20351948771976511 4.2080529843511281 4.2079410597434483 0.59821005442195807 0.54357157459813754 4.2090309300640696 4.2089699472680069 0.64469578816960282 0.5840315508993168 0.72537656303778963 0.59821005442195807 0.55552898264406514 4.2087076272842721 0.67611158993753573 0.5840315508993168 4.2094031629545396 4.2097280195538902 4.2082787309598624 4.2087076272842721 0.50662256577213383 0.34951173794613027 0.39186529923390212 4.2085508141781736 0.28594241921769475 4.2085508141781736 4.2098545553136661 4.2101662756017779 0.70837183041219554 4.2090870767876725
decision_type=2 2 2 2 2 2 2 2 2 2 2 2 2 2 2 2 2 2 2 2 2 2 2 2 2 2 2 2 2 2
left_child=1 -1 3 -2 5 13 7 9 11 -7 26 12 -5 20 -10 -8 -17 -18 -11 -20 21 24 23 -23 -4 -24 28 -28 29 -6
right_child=2 -3 4 8 10 6 15 -9 14 18 -12 -13 -14 -15 -16 16 17 -19 19 -21 -22 22 25 -25 -26 -27 27 -29 -30 -31
leaf_value=0.0010256226110418856 -0.003753307304790874 0.021700408727105176 0.01638970517472518 -0.009125979613085651 0.033378245238473894 -0.038327945839674131 0.023633744605666997 -0.21115252472356791 -0.20604215905070308 -0.19735341600245901 -0.0060770933895970989 0.072898275619846284 -0.12763365887415906 -0.001480617581838531 -0.071447123337670101 0.22326737658765455 -0.04779843380329786 0.19273093171417713 -0.032970011656853697 -0.16355189954912341 -0.012193526662734598 0.2171670257522349 0.015451316263566835 0.048468663964582527 -0.060592406754957806 0.069443116034973953 0.16029066733188102 -0.047076877653598789 0.09047781236545005 -0.015865959586704722
leaf_weight=78221 16795 881 357 157 840 493 292 36 40 45 628 59 72 12671 112 26 27 20 67 37 338 57 603 46 131 216 54 20 99 202
leaf_count=78221 16795 881 357 157 840 493 292 36 40 45 628 59 72 12671 112 26 27 20 67 37 338 57 603 46 131 216 54 20 99 202
internal_value=0.000325732 0.00125589 -0.00180447 -0.00496675 0.00134502 -0.00093211 -0.0271989 -0.0643635 -0.0512845 -0.0561324 0.0204492 -0.0219493 -0.046386 0.000967899 -0.106867 0.0418358 0.114644 0.0545545 -0.115042 -0.079427 0.0187168 0.0261266 0.0422179 0.141826 -0.00427557 0.0296909 0.0341599 0.104245 0.0296145 0.0238319
internal_weight=113642 79102 34540 17235 17305 15462 1043 678 440 642 1843 288 229 14419 152 365 73 47 149 104 1748 1410 922 103 488 819 1215 74 1141 1042
internal_count=113642 79102 34540 17235 17305 15462 1043 678 440 642 1843 288 229 14419 152 365 73 47 149 104 1748 1410 922 103 488 819 1215 74 1141 1042
is_linear=0
shrinkage=0.05


Tree=157
num_leaves=31
num_cat=0
split_feature=1 1 0 0 1 1 1 1 0 1 0 0 0 1 1 0 1 1 1 1 0 0 0 0 0 0 0 0 1 0
split_gain=81.2873 134.432 124.185 350.854 476.612 511.179 271.766 281.581 602.326 446.353 338.791 313.841 362.068 249.014 415.318 261.532 241.974 227.096 205.025 176.774 167.359 166.536 196.423 185.104 279.252 180.43 168.083 162.581 154.195 139.729
threshold=0.21308951405532847 0.20351948771976511 4.2080529843511281 4.2078315369189232 0.5840315508993168 0.59821005442195807 0.59821005442195807 0.50662256577213383 4.2090870767876725 0.52999857268208184 4.2087076272842721 4.209794181981672 4.2096154240925623 0.34951173794613027 0.39186529923390212 4.2085508141781736 0.72537656303778963 0.56918043419434328 0.28594241921769475 0.82659308966095224 4.2085508141781736 4.2100283525022411 4.2097280195538902 4.2092001896398363 4.2093042635543387 4.2094031629545396 4.2102471159256956 4.209794181981672 0.48363323162759736 4.2098545553136661
decision_type=2 2 2 2 2 2 2 2 2 2 2 2 2 2 2 2 2 2 2 2 2 2 2 2 2 2 2 2 2 2
left_child=1 -1 3 -2 -5 -6 7 10 17 11 13 12 -10 18 15 -15 29 -9 -4 -7 -16 22 23 -11 -25 -26 -23 -24 -22 -8
right_child=2 -3 6 4 5 19 16 8 9 21 -12 -13 -14 14 20 -17 -18 -19 -20 -21 28 26 27 24 25 -27 -28 -29 -30 -31
leaf_value=0.00097434143157759255 -0.0030517654220276152 0.020615388593560741 0.01557021979112126 0.0054641717305727519 -0.25224967292376926 -0.045099919606747002 0.028133740821403536 -0.025758701724228034 -0.032484709558587885 0.13035958592205288 -0.0010683680133599677 0.058964774214352172 -0.20548479582648727 0.20630867525673749 0.014678750292424679 0.046045232337454091 -0.0057732377263048527 -0.072850425939786065 -0.057562786417849766 -0.16201436781457493 0.045522968177816703 -0.093317386115852163 0.21813633788016534 -0.094866393400090079 0.13372047491695568 0.018383291819991994 0.045597925296455039 0.078980153373514231 0.15324897219131633 0.09903311807083319
leaf_weight=78221 16343 881 357 398 35 424 1141 826 124 47 12182 60 40 57 603 46 628 371 131 35 175 38 31 42 46 129 51 65 41 74
leaf_count=78221 16343 881 357 398 35 424 1141 826 124 47 12182 60 40 57 603 46 628 371 131 35 175 38 31 42 46 129 51 65 41 74
internal_value=0.000309446 0.00119309 -0.00171425 -0.00471841 -0.0352543 -0.0680599 0.00127777 -0.000885504 -0.0190767 0.018768 0.00161725 -0.0388822 -0.0746799 0.0248202 0.040107 0.134735 0.0194267 -0.0403544 -0.0040618 -0.054015 0.0282064 0.0475289 0.0626695 0.0403981 0.0209134 0.0487005 -0.0137142 0.123916 0.065971 0.0324519
internal_weight=113642 79102 34540 17235 892 494 17305 15462 1870 673 13592 224 164 1410 922 103 1843 1197 488 459 819 449 360 264 217 175 89 96 216 1215
internal_count=113642 79102 34540 17235 892 494 17305 15462 1870 673 13592 224 164 1410 922 103 1843 1197 488 459 819 449 360 264 217 175 89 96 216 1215
is_linear=0
shrinkage=0.05


Tree=158
num_leaves=31
num_cat=0
split_feature=1 1 0 0 1 1 1 1 1 0 0 1 1 1 0 1 0 0 0 0 0 0 0 1 0 1 1 0 0 0
split_gain=74.6037 175.163 113.594 342.848 247.317 248.189 241.242 231.247 272.034 881.858 294.038 233.278 218.381 194.803 188.91 173.136 174.171 231.62 157.684 146.729 145.007 267.064 219.987 575.628 199.52 175.383 143.61 141.729 250.042 152.975
threshold=0.11521755792358598 0.11971259412532488 4.2080529843511281 4.2079410597434483 0.64469578816960282 0.59821005442195807 0.50662256577213383 0.59821005442195807 0.54357157459813754 4.2090309300640696 4.2089699472680069 0.5840315508993168 0.72537656303778963 0.67611158993753573 4.2087076272842721 0.5840315508993168 4.2094031629545396 4.2097280195538902 4.2082787309598624 4.2087076272842721 4.2082787309598624 4.2087076272842721 4.208849531058557 0.56918043419434328 4.2089088136697255 0.55552898264406514 0.76175444319795671 4.2085508141781736 4.2083814024886363 4.2084723515306495
decision_type=2 2 2 2 2 2 2 2 2 2 2 2 2 2 2 2 2 2 2 2 2 2 2 2 2 2 2 2 2 2
left_child=-1 -2 3 -3 5 6 -5 8 14 10 11 20 -9 -6 -4 -11 -17 -18 -13 -20 -10 27 23 25 -24 -23 -15 28 -22 -30
right_child=1 2 7 4 13 -7 -8 12 9 15 -12 18 -14 26 -16 16 17 -19 19 -21 21 22 24 -25 -26 -27 -28 -29 29 -31
leaf_value=0.0014502571866118498 -0.023125406821512151 -0.0025729898064409179 0.017028996745794847 0.021464210318200377 -0.19348504358902574 0.071508359757520387 -0.084038381389480957 0.030829298646383781 0.011536931933369488 0.020554796862336234 -0.19767183818750911 -0.18384323166476357 -0.005484576514887974 -0.019397859978797737 4.962345387308865e-06 0.21048428118228912 -0.046327677079372936 0.17816928077139893 -0.027678986999498154 -0.15173178121850298 -0.15483727013302406 -0.13603497326374056 -0.17840903213416989 0.29682859882712365 0.019831649189194042 0.064444135998686161 -0.13532649336213418 -0.13052804876457563 0.037405531214406859 -0.077047256534954298
leaf_weight=62625 889 21004 1748 88 40 59 141 1215 128 292 36 45 628 68 24050 26 27 20 67 37 43 20 22 20 30 24 44 88 65 53
leaf_count=62625 889 21004 1748 88 40 59 141 1215 128 292 36 45 628 68 24050 26 27 20 67 37 43 20 22 20 30 24 44 88 65 53
internal_value=0.000293974 -0.0011254 -0.00073524 -0.00348804 -0.0471691 -0.019936 -0.0434959 0.00132274 0.000146345 -0.0248878 -0.0586211 -0.0508239 0.0184554 -0.0987686 0.00115846 0.037773 0.106646 0.0492029 -0.105648 -0.0718132 -0.0342544 -0.0503127 0.012349 0.0744146 -0.0640394 -0.0266827 -0.0649413 -0.0795045 -0.0516158 -0.0140012
internal_weight=113642 51017 50128 21444 440 288 229 28684 26841 1043 678 642 1843 152 25798 365 73 47 149 104 493 365 116 64 52 44 112 249 161 118
internal_count=113642 51017 50128 21444 440 288 229 28684 26841 1043 678 642 1843 152 25798 365 73 47 149 104 493 365 116 64 52 44 112 249 161 118
is_linear=0
shrinkage=0.05


Tree=159
num_leaves=31
num_cat=0
split_feature=1 1 0 0 1 1 1 1 1 0 1 0 0 0 1 1 0 1 1 1 1 0 0 0 0 0 0 0 0 0
split_gain=69.413 122.475 100.768 296.447 223.204 223.991 225.811 222.675 238.135 500.788 389.639 284.96 283.242 326.767 224.735 374.824 236.448 197.78 185.035 183.135 175.81 159.977 151.042 149.223 173.666 163.044 257.312 156.53 153.282 145.495
threshold=0.21308951405532847 0.20351948771976511 4.2080529843511281 4.2079410597434483 0.64469578816960282 0.59821005442195807 0.55552898264406514 0.59821005442195807 0.50662256577213383 4.2090870767876725 0.52999857268208184 4.2087076272842721 4.209794181981672 4.2096154240925623 0.34951173794613027 0.39186529923390212 4.2083814024886363 0.66046176821179381 0.28594241921769475 0.56918043419434328 0.67611158993753573 4.2098545553136661 4.2085508141781736 4.2100283525022411 4.2097280195538902 4.2092001896398363 4.2093042635543387 4.2094031629545396 4.2102471159256956 4.2081656876842208
decision_type=2 2 2 2 2 2 2 2 2 2 2 2 2 2 2 2 2 2 2 2 2 2 2 2 2 2 2 2 2 2
left_child=1 -1 3 -2 5 6 -5 8 11 19 12 14 13 -11 18 16 -16 21 -4 -10 -6 29 -17 24 25 -12 -27 -28 -25 -9
right_child=2 -3 7 4 20 -7 -8 17 9 10 23 -13 -14 -15 15 22 -18 -19 -20 -21 -22 -23 -24 28 -26 26 27 -29 -30 -31
leaf_value=0.00088703794920714509 -0.0032355293178884894 0.019634262223333698 0.013940258785568344 -0.0076977302011838004 -0.18381079217884691 0.067932940716460596 -0.11463874589858786 0.099212397989147993 -0.023877219393027421 -0.030860723167537681 0.12161810779151448 -0.0010151978568798358 0.056016282825536716 -0.19521080866921695 0.23049540486600667 0.013093362996821135 0.071615776819969293 0.0042524265674597807 -0.055536097206996461 -0.066166027533919661 -0.061694188208951221 0.12499826986874854 0.061820963584964542 -0.09019326018659693 0.11571797600481659 -0.09223835056736357 0.12476262695525531 0.017335445454069811 0.042464766908875289 0.023592348409534253
leaf_weight=78221 16795 881 357 157 40 59 72 71 826 124 47 12182 60 40 36 603 67 1112 131 371 112 49 216 38 96 42 46 129 51 611
leaf_count=78221 16795 881 357 157 40 59 72 71 826 124 47 12182 60 40 36 603 67 1112 131 371 112 49 216 38 96 42 46 129 51 611
internal_value=0.000279275 0.00109584 -0.00159078 -0.00429692 -0.0448106 -0.0189392 -0.0413211 0.00110442 -0.000853749 -0.0175827 0.016925 0.00144784 -0.0369383 -0.0709461 0.0227278 0.0372502 0.127147 0.0175326 -0.00471016 -0.0369843 -0.0938301 0.0377345 0.0259446 0.0437966 0.0581287 0.0371871 0.0189002 0.0455734 -0.0141757 0.0314648
internal_weight=113642 79102 34540 17235 440 288 229 17305 15462 1870 673 13592 224 164 1410 922 103 1843 488 1197 152 731 819 449 360 264 217 175 89 682
internal_count=113642 79102 34540 17235 440 288 229 17305 15462 1870 673 13592 224 164 1410 922 103 1843 488 1197 152 731 819 449 360 264 217 175 89 682
is_linear=0
shrinkage=0.05


Tree=160
num_leaves=31
num_cat=0
split_feature=0 1 1 1 0 1 1 0 0 0 0 0 0 1 1 0 0 0 1 0 1 0 1 0 0 1 0 1 1 0
split_gain=58.9772 92.388 104.396 86.8682 60.474 59.7212 112.197 84.1021 232.305 159.716 187.725 159.142 198.98 158.499 138.74 128.285 116.157 87.8059 201.104 197.43 196.755 78.4853 69.2609 76.6366 196.86 939.891 252.885 88.3042 168.021 547.965
threshold=4.2113589837547467 0.038659770375086507 0.048138544056856865 0.023304082315542939 4.2137218946976223 -0.66926218500895385 -0.66425039543226838 3.425455265970681 3.5822972156049366 3.5079858025000532 3.4798280264228474 3.3505180837725921 3.3329922903862736 -0.66476311403078769 -0.66476311403078769 3.3976557356948374 3.6838237122462423 3.2562269708225906 -0.66476311403078769 3.1486491245954151 -0.66476311403078769 3.017657434145895 0.039778206153560709 3.8701868380452269 4.163209113926416 -0.66223408215259416 4.1763048044315134 -0.0022132866865079664 -0.662047967150724 3.5079858025000532
decision_type=2 2 2 2 2 2 2 2 2 2 2 2 2 2 2 2 2 2 2 2 2 2 2 2 2 2 2 2 2 2
left_child=5 3 -3 -2 -5 -1 7 11 9 10 -9 12 17 -11 -13 -16 -10 18 19 -7 -19 -8 23 27 25 -25 -26 28 -23 -30
right_child=1 2 -4 4 -6 6 21 8 16 13 -12 14 -14 -15 15 -17 -18 20 -20 -21 -22 22 -24 24 26 -27 -28 -29 29 -31
leaf_value=0.005581417635418323 0.015094940649088751 0.014598456088900029 0.0021533556089231355 -0.016934252961752608 -0.070642751716730887 -0.0074035690735659706 -0.011504912111052557 0.039318279234262621 -0.053353575428446688 0.1747529971599579 -0.092831088566198594 -0.16353060446075493 0.1051831309232981 0.043715993970632555 -0.094523022286593927 0.055795637856830255 -0.0041914724225523073 -0.15489733613645421 -0.047480710467849026 0.11562814291809564 -0.015110043173944446 0.0010516515379589309 -0.00098425332610874833 0.023898766375033815 -0.17236987560987474 0.37659874800592663 0.0058358936941236578 -0.0070400012505819204 -0.0048520990775504161 0.086948508231854835
leaf_weight=4031 214 1871 16961 651 57 112 1569 78 197 30 41 37 31 100 40 22 308 39 195 46 71 11244 67301 340 20 20 4310 2993 487 244
leaf_count=4031 214 1871 16961 651 57 112 1569 78 197 30 41 37 31 100 40 22 308 39 195 46 71 11244 67301 340 20 20 4310 2993 487 244
internal_value=0.000149912 0.0026332 0.0033898 -0.0128205 -0.0212582 -0.000372471 -0.00063951 -0.0149613 -0.00388155 0.0356423 -0.00621218 -0.0290493 -0.0174538 0.0739553 -0.0869096 -0.0411841 -0.0233696 -0.0256649 -0.01351 0.0284158 -0.064671 -0.000421596 -0.00022162 0.00238933 0.00796649 0.0434932 0.00501277 0.000641803 0.00256177 0.02579
internal_weight=113660 19754 18832 922 708 93906 89875 1347 754 249 119 593 494 130 99 62 505 463 353 158 110 88528 86959 19658 4690 360 4330 14968 11975 731
internal_count=113660 19754 18832 922 708 93906 89875 1347 754 249 119 593 494 130 99 62 505 463 353 158 110 88528 86959 19658 4690 360 4330 14968 11975 731
is_linear=0
shrinkage=0.05


Tree=161
num_leaves=31
num_cat=0
split_feature=0 1 1 1 0 1 1 0 1 1 0 0 0 0 0 0 1 0 1 1 0 0 0 1 0 1 0 0 0 0
split_gain=53.2269 83.3802 94.2178 78.3986 54.5778 53.8984 106.796 67.4035 78.1 74.7982 65.9077 65.2422 80.8604 70.2019 51.3158 201.204 716.954 204.853 90.9197 112.211 524.881 1048.56 1004.8 881.454 841.039 380.691 356.873 322.493 204.097 101.553
threshold=4.2113589837547467 0.038659770375086507 0.048138544056856865 0.023304082315542939 4.2137218946976223 -0.66926218500895385 -0.66369999296714022 2.6743727390994265 0.039778206153560709 0.041832151660213569 3.9345095588988146 4.2105579519131142 4.2106484328702471 4.2057721735866895 3.8701868380452269 4.1481006113486876 -0.66237459076634098 4.1763048044315134 -0.0022132866865079664 -0.662047967150724 3.5079858025000532 3.6723921289788319 3.7587056847616118 -0.6616821142420839 3.5668801272128876 -0.6616821142420839 3.4798280264228474 3.6304826699867676 3.7022896494328408 3.4119034434975446
decision_type=2 2 2 2 2 2 2 2 2 2 2 2 2 2 2 2 2 2 2 2 2 2 2 2 2 2 2 2 2 2
left_child=5 3 -3 -2 -5 -1 10 -8 14 11 -7 13 -13 -10 18 16 -16 -17 19 -9 26 23 25 -22 -25 -23 29 -26 -27 -21
right_child=1 2 -4 4 -6 6 7 8 9 -11 -12 12 -14 -15 15 17 -18 -19 -20 20 21 22 -24 24 27 28 -28 -29 -30 -31
leaf_value=0.0053023470194225606 0.014340193653925297 0.013868533504570516 0.0020456878278286936 -0.016087540560668426 -0.067110617014399743 -0.0093491735169693394 -0.023139117889640987 0.0019100640421972623 -0.010621887300195258 -0.00065223938026595001 0.043888539473636676 -0.095664594117671448 -0.020559886477100643 0.018251353867583035 0.024789460886069398 -0.14741861738941886 0.32317664138972763 0.0055440989321071336 -0.0064413994855078097 -0.0051213500105728544 0.031160227979787371 0.033171920904091427 0.21411778206626575 0.50516916204381868 0.036590942969689004 -0.12916251288519964 -0.14181191022084519 0.28113752092633931 -0.33432254466143524 0.048186799106106432
leaf_weight=4031 214 1871 16961 651 57 3965 320 9805 1144 65418 59 39 442 258 237 22 22 4310 3019 413 66 21 27 27 26 27 44 28 22 114
leaf_count=4031 214 1871 16961 651 57 3965 320 9805 1144 65418 59 39 442 258 237 22 22 4310 3019 413 66 21 27 27 26 27 44 28 22 114
internal_value=0.000142416 0.00250154 0.00322031 -0.0121795 -0.0201953 -0.000353848 -0.000607535 -0.000234384 -0.00014869 -0.000935041 -0.0085686 -0.0107599 -0.0266495 -0.00530855 0.00275434 0.00732669 0.0501351 0.00476728 0.00121524 0.00339184 0.0212185 0.0826011 -0.0449968 0.166798 0.277318 -0.144941 -0.00501146 0.163393 -0.221275 0.0064102
internal_weight=113660 19754 18832 922 708 93906 89875 85851 85531 67301 4024 1883 481 1402 18230 4591 259 4332 13639 10620 815 244 97 147 81 70 571 54 49 527
internal_count=113660 19754 18832 922 708 93906 89875 85851 85531 67301 4024 1883 481 1402 18230 4591 259 4332 13639 10620 815 244 97 147 81 70 571 54 49 527
is_linear=0
shrinkage=0.05


Tree=162
num_leaves=31
num_cat=0
split_feature=0 1 1 1 1 0 1 1 0 1 0 1 0 0 0 0 0 0 0 0 0 0 0 1 0 1 0 0 0 0
split_gain=48.0373 75.4776 103.525 66.9615 58.3765 55.9899 48.6433 96.3832 63.3819 61.7467 68.5619 67.5054 59.4817 58.8811 72.9766 63.3572 49.7843 55.0952 184.896 111.211 45.8677 196.447 59.2718 62.6898 50.3158 44.3204 240.718 98.6395 76.3367 60.6678
threshold=4.2113589837547467 0.037513468545582969 0.032382400643702312 0.048138544056856865 0.035526590940496004 4.213483268661812 -0.66926218500895385 -0.66369999296714022 2.5172558643058736 0.039778206153560709 3.017657434145895 0.041832151660213569 3.9345095588988146 4.2105579519131142 4.2106484328702471 4.2057721735866895 3.6304826699867676 2.955481300684514 3.1121988692531684 2.6743727390994265 3.425455265970681 3.367097349452131 3.4939319065458361 -0.67098048793793141 3.2562269708225906 0.99518812659106171 4.1881520144172528 4.0511569599221975 4.1481006113486876 4.1108919008022484
decision_type=2 2 2 2 2 2 2 2 2 2 2 2 2 2 2 2 2 2 2 2 2 2 2 2 2 2 2 2 2 2
left_child=6 2 5 -3 -4 -2 16 12 -9 10 -10 13 -8 15 -15 -11 17 19 -19 -1 21 24 23 -22 -20 -13 27 -27 29 -29
right_child=1 3 4 -5 -6 -7 7 8 9 11 -12 25 -14 14 -16 -17 -18 18 20 -21 22 -23 -24 -25 -26 26 -28 28 -30 -31
leaf_value=-0.0013501129948963353 -0.010713472161383835 0.01147127919333127 -0.067156363481825049 0.001943403448475984 -0.020699692282774677 0.030175655678936486 -0.0088817149304128915 -0.049577704438795535 -0.0086425409281252179 -0.010090793104568771 0.0032159930610692537 -0.00051241054479003246 0.041694112865538417 -0.090881365585403565 -0.019531892267228592 0.017338785937267117 0.020115067982317734 -0.035756325174837157 0.011849533725288457 0.034516406463792816 -0.066246086696628487 0.046852484774266338 0.0049708858560377931 -0.010786941139213741 -0.0089880876528099177 0.037712216277796667 -0.13027579124484742 -0.013984708338975908 0.01783725192672328 -0.069988039310699621
leaf_weight=512 200 2069 88 16961 292 144 3965 65 1312 1144 17173 64977 59 39 442 258 482 328 540 374 64 287 569 250 625 103 42 120 95 81
leaf_count=512 200 2069 88 16961 292 144 3965 65 1312 1144 17173 64977 59 39 442 258 482 328 540 374 64 287 569 250 625 103 42 120 95 81
internal_value=0.000135295 0.00237646 -0.0134689 0.0029793 -0.0314581 0.00640291 -0.000336155 -0.000577158 -0.000222665 -0.000185269 0.00237432 -0.000888289 -0.00814017 -0.0102219 -0.025317 -0.00504312 0.00503723 0.00298946 -0.000603931 0.0137899 0.00433396 0.0097988 -0.00465238 -0.0220907 0.000670552 -0.000619627 -0.016417 -0.00443183 -0.0190968 -0.0365532
internal_weight=113660 19754 724 19030 380 344 93906 89875 85851 85786 18485 67301 4024 1883 481 1402 4031 3549 2663 886 2335 1452 883 314 1165 65418 441 399 296 201
internal_count=113660 19754 724 19030 380 344 93906 89875 85851 85786 18485 67301 4024 1883 481 1402 4031 3549 2663 886 2335 1452 883 314 1165 65418 441 399 296 201
is_linear=0
shrinkage=0.05


Tree=163
num_leaves=31
num_cat=0
split_feature=0 1 1 1 0 0 1 1 0 0 0 0 0 1 0 0 0 1 0 1 1 0 0 0 1 1 0 0 0 0
split_gain=43.3537 69.6975 77.9713 65.2951 82.268 50.5309 43.9006 90.2641 74.8567 211.504 144.143 169.422 143.659 143.045 103.024 87.0119 79.2448 181.496 178.18 177.571 67.9345 176.172 61.6701 60.6814 59.5641 58.4324 51.2682 44.9303 49.7234 166.869
threshold=4.2113589837547467 0.038659770375086507 0.048138544056856865 0.032382400643702312 4.2133169568797095 4.213483268661812 -0.66926218500895385 -0.66425039543226838 3.425455265970681 3.5822972156049366 3.5079858025000532 3.4798280264228474 3.367097349452131 -0.66476311403078769 3.6838237122462423 3.3329922903862736 3.2562269708225906 -0.66476311403078769 3.1486491245954151 -0.66476311403078769 -0.66476311403078769 3.3976557356948374 2.5172558643058736 3.0674868398523891 -0.66442365959318073 -0.66442365959318073 2.8775961260131271 3.6304826699867676 2.955481300684514 3.1121988692531684
decision_type=2 2 2 2 2 2 2 2 2 2 2 2 2 2 2 2 2 2 2 2 2 2 2 2 2 2 2 2 2 2
left_child=6 3 -3 5 -5 -2 27 8 12 10 11 -10 15 -12 -11 16 17 18 26 -18 -14 -22 -9 -19 -21 -25 -8 28 -1 -30
right_child=1 2 -4 4 -6 -7 7 22 9 14 13 -13 20 -15 -16 -17 19 23 -20 24 21 -23 -24 25 -26 -27 -28 -29 29 -31
leaf_value=0.013100434597040281 -0.010177798440068728 0.012601542662657851 0.0018462332578639646 -0.013169663024528586 -0.064507453031437373 0.028666873752242989 0.02770683919412217 -0.047265112187181206 0.038263907016087804 -0.049774352578342264 0.16692689975102745 -0.087277994722854801 -0.14803673692047598 0.042441739007830624 -0.0034748236105214903 0.047252545775457594 -0.14624091042922094 -0.010034494576617502 0.1107582778548417 0.043309935781040365 -0.13236353079477944 0.053917392546480349 -0.00031571953818139079 -0.03749753452729488 -0.050398394188215567 -0.10933395807320874 -0.039950536497469463 0.019109314509235246 -0.03396850924558438 0.0041172656301175677
leaf_weight=886 200 1871 16961 485 93 144 56 70 78 197 30 41 30 100 308 48 39 78 46 28 30 22 88458 69 43 48 56 482 328 2335
leaf_count=886 200 1871 16961 485 93 144 56 70 78 197 30 41 30 100 308 48 39 78 46 28 30 22 88458 69 43 48 56 482 328 2335
internal_value=0.000128531 0.00225764 0.0029148 -0.0111649 -0.0214299 0.00608276 -0.000319348 -0.0005483 -0.0133942 -0.00294115 0.0347718 -0.00499003 -0.0266853 0.0711691 -0.0215362 -0.0168269 -0.0234701 -0.011923 0.0279065 -0.0605259 -0.0881198 -0.0535524 -0.000352843 -0.0441951 -0.013443 -0.0669689 -0.00612185 0.00478537 0.00283999 -0.000573735
internal_weight=113660 19754 18832 922 578 344 93906 89875 1347 754 249 119 593 130 505 511 463 353 158 110 82 52 88528 195 71 117 112 4031 3549 2663
internal_count=113660 19754 18832 922 578 344 93906 89875 1347 754 249 119 593 130 505 511 463 353 158 110 82 52 88528 195 71 117 112 4031 3549 2663
is_linear=0
shrinkage=0.05


Tree=164
num_leaves=31
num_cat=0
split_feature=0 1 1 1 1 0 1 0 0 0 0 0 1 0 0 0 1 1 1 1 1 1 0 0 0 1 1 1 0 1
split_gain=39.1267 63.2802 86.2915 55.4688 50.9816 45.6608 41.3634 217.248 89.0221 68.8939 54.7526 43.5163 258.594 356.723 228.57 295.241 427.7 339.021 374.041 227.958 1367.09 538.322 433.875 703.635 333.671 232.361 213.209 427.935 265.517 196.269
threshold=4.2113589837547467 0.037513468545582969 0.032382400643702312 0.048138544056856865 0.035526590940496004 4.2135815137323176 0.99518812659106171 4.1881520144172528 4.0511569599221975 4.1481006113486876 4.1108919008022484 4.2064204226126582 0.56918043419434328 4.2064821181253196 4.2086262929321903 4.2085508141781736 0.61379160706171965 0.72537656303778963 0.66046176821179381 0.51724704080845141 0.80403983572463045 0.48363323162759736 4.2056270700419569 4.2053661078374942 4.2055806660131987 0.78217850835714009 0.64469578816960282 0.70837183041219554 4.2062499956048134 0.031197422311893905
decision_type=2 2 2 2 2 2 2 2 2 2 2 2 2 2 2 2 2 2 2 2 2 2 2 2 2 2 2 2 2 2
left_child=6 2 5 -3 -4 -2 11 8 -8 10 -10 19 29 -14 15 -15 -17 18 -18 21 22 -1 23 25 -25 -21 -24 28 -28 -13
right_child=1 3 4 -5 -6 -7 7 -9 9 -11 -12 12 13 14 -16 16 17 -19 -20 20 -22 -23 26 24 -26 -27 27 -29 -30 -31
leaf_value=-0.00018667347963353514 -0.0083317384307900842 0.0104256891100044 -0.062148309736089272 0.0017539215496099516 -0.018733711464151946 0.029295893648798151 0.035842391616185604 -0.12374621608427593 -0.013269684119150044 0.016961177618880021 -0.066472847594155213 -0.039209210396100494 -0.095042776579900498 -0.011652863016976111 0.011543544436983307 -0.21507659022780984 -0.08076977097782595 -0.19590120464563371 0.17783881445863733 0.061197293990728811 0.00076197558957768661 -0.091499680494544683 0.0067587553903880257 -0.031925357937812808 -0.23978613603573581 0.25998650789260863 0.24948045254656762 0.076087041684459192 0.10284426448674039 0.00055486260167906718
leaf_weight=43952 215 2069 88 16961 292 129 103 42 120 95 81 313 123 4992 1107 44 29 20 27 49 5637 162 71 75 26 21 66 454 58 36239
leaf_count=43952 215 2069 88 16961 292 129 103 42 120 95 81 313 123 4992 1107 44 29 20 27 49 5637 162 71 75 26 21 66 454 58 36239
internal_value=0.000122104 0.00214476 -0.0123639 0.00269674 -0.0287876 0.00577862 -0.00030338 -0.0155803 -0.00419445 -0.0181262 -0.0347098 -0.000231298 -0.00140275 -0.0107229 -0.00905523 -0.0135159 -0.0910172 -0.0191934 0.0439165 0.000762319 0.00953676 -0.000522003 0.0698581 -0.000996826 -0.0854341 0.120834 0.0885271 0.0985713 0.180893 0.000214357
internal_weight=113660 19754 724 19030 380 344 93906 441 399 296 201 93465 42894 6342 6219 5112 120 76 56 50571 6457 44114 820 171 101 70 649 578 124 36552
internal_count=113660 19754 724 19030 380 344 93906 441 399 296 201 93465 42894 6342 6219 5112 120 76 56 50571 6457 44114 820 171 101 70 649 578 124 36552
is_linear=0
shrinkage=0.05


Tree=165
num_leaves=31
num_cat=0
split_feature=1 1 0 1 1 1 0 1 1 1 1 0 1 1 1 1 0 0 0 1 1 1 0 0 0 0 1 0 0 1
split_gain=35.5074 164.359 80.8869 34.2836 38.5015 37.4495 154.32 57.3925 135.154 119.341 99.6889 92.4266 76.0822 59.6239 58.4959 94.5863 109.491 83.2952 98.2323 332.897 62.8123 188.553 161.16 91.831 182.842 94.6982 66.8393 70.884 63.9218 59.519
threshold=-0.66476311403078769 -0.66442365959318073 2.7880469424112762 0.04882569966417271 0.046612744195873447 0.057174585559229642 4.2130827047167756 0.068674339919785943 0.074573776278504686 0.084677851579915114 0.061351089184763445 4.2084723515306495 0.091029350426950636 0.064067982905915782 0.10072043667280038 0.10561795215628932 4.2117908053851538 4.2065496251831069 4.2102196418742031 0.10448580712207102 0.11521755792358598 0.11971259412532488 4.2100283525022411 4.2102736250356285 4.2104170799192291 4.212433616505538 0.10646245618626936 4.2130078604632875 4.2115891265843155 0.11374937157749035
decision_type=2 2 2 2 2 2 2 2 2 2 2 2 2 2 2 2 2 2 2 2 2 2 2 2 2 2 2 2 2 2
left_child=-1 -2 -3 4 -4 6 -5 10 -9 -10 11 -7 -11 -12 -14 16 17 -16 19 -19 22 23 -17 -22 -25 -26 28 29 -24 -28
right_child=1 2 3 5 -6 7 -8 8 9 12 13 -13 14 -15 15 20 -18 18 -20 -21 21 -23 26 24 25 -27 27 -29 -30 -31
leaf_value=0.0048289909543371649 -0.030716598642544009 -0.017266196975887969 0.0015693231903756624 -0.008374276085249625 0.010230014356377718 -0.033261485652402188 0.0096845179490245171 -0.011070712525552888 0.0086747535986561111 -0.0084812371035028512 0.019800250478566178 0.001712628978764004 0.0073418793238659331 0.0032296852171291705 0.0020215443473841463 -0.0062154230094313033 0.00091139873263364831 -0.24025779607892039 -0.028101897871670136 -0.021995014417113674 0.01146679882775061 0.00015914133130676489 -0.022867172047194531 -0.14916272711369299 -0.040857170717379848 -0.0039921896602448364 0.022284759748645286 -0.021134738002835617 0.023217128836894751 0.055054021185195007
leaf_weight=4465 426 644 27953 4630 1345 202 1589 2702 4030 2659 1368 2914 2709 900 175 1184 676 25 411 58 160 50151 170 31 408 304 958 82 135 162
leaf_count=4465 426 644 27953 4630 1345 202 1589 2702 4030 2659 1368 2914 2709 900 175 1184 676 25 411 58 160 50151 170 31 408 304 958 82 135 162
internal_value=0.000458669 0.00027991 0.000401348 0.00050661 0.00196691 -3.63822e-05 -0.00376012 0.000282712 -0.00011531 0.000343713 0.00524986 -0.000554627 -0.000211616 0.0132246 0.000168822 -0.000183907 -0.0132804 -0.0276207 -0.0381215 -0.0877368 0.000143841 -0.000248592 0.00758912 -0.0228934 -0.0302926 -0.0251171 0.0184349 0.0237392 -0.0024692 0.0270246
internal_weight=113626 109161 108735 108091 29298 78793 6219 72574 67190 64488 5384 3116 60458 2268 57799 55090 1345 669 494 83 53745 51054 2691 903 743 712 1507 1202 305 1120
internal_count=113626 109161 108735 108091 29298 78793 6219 72574 67190 64488 5384 3116 60458 2268 57799 55090 1345 669 494 83 53745 51054 2691 903 743 712 1507 1202 305 1120
is_linear=0
shrinkage=0.05


Tree=166
num_leaves=31
num_cat=0
split_feature=1 0 0 0 0 0 1 1 0 0 0 0 0 1 1 0 0 0 1 0 0 0 0 1 1 0 0 0 1 0
split_gain=32.9675 104.917 47.3621 94.5643 43.6441 37.9836 31.2323 148.889 73.486 31.9205 86.3624 86.4463 113.998 166.644 85.1849 68.3444 257.224 63.1679 59.2625 99.3093 78.3445 48.8754 39.8897 38.9179 30.2676 96.3574 96.3533 109.922 579.307 144.949
threshold=0.99518812659106171 4.0844980415780485 4.1881520144172528 4.1481006113486876 4.1108919008022484 4.2060821430719466 -0.66476311403078769 -0.66442365959318073 2.7880469424112762 3.5668801272128876 3.4388022870276038 3.3329922903862736 3.2562269708225906 -0.66926218500895385 -0.66926218500895385 3.1121988692531684 3.017657434145895 3.4939319065458361 -0.66926218500895385 2.8775961260131271 2.6743727390994265 3.0674868398523891 3.2962372605943853 -0.67126694340699067 -0.0022132866865079664 4.0016850225900411 4.2039867446699422 4.2045965417176916 0.48363323162759736 4.2042016169960439
decision_type=2 2 2 2 2 2 2 2 2 2 2 2 2 2 2 2 2 2 2 2 2 2 2 2 2 2 2 2 2 2
left_child=6 -2 3 4 -3 -4 9 -8 -9 10 11 12 15 22 17 16 18 -12 20 -20 -1 -18 -14 -13 -10 -26 -27 28 -28 -30
right_child=1 2 5 -5 -6 -7 7 8 24 -11 14 23 13 -15 -16 -17 21 -19 19 -21 -22 -23 -24 -25 25 26 27 -29 29 -31
leaf_value=0.00032735490738257784 0.019862231836678127 -0.014644632273811407 -0.10671101552857594 0.017480605618750793 -0.071181068633809505 -0.020691290639695669 -0.029180768628477911 -0.016402887260252581 0.002742589545331259 0.013268163920728061 -0.037263607749517896 -0.015365673173545747 -0.02761860204484369 -0.12535721408469336 0.048515256618460019 0.021267566679214891 -0.023912668444618985 -0.005044541173273423 0.003776244509287856 -0.12403845049086071 0.028150998591491401 -0.070424030837805379 0.003356255055077269 0.028205566436297985 -0.0078300729145002104 0.0070052498565862688 -0.0045222121820284065 0.00052412219661675025 -0.21585154906605131 -0.085295357065275315
leaf_weight=506 156 59 33 94 81 21 426 644 13597 856 264 57 203 35 51 605 111 359 55 21 506 115 213 508 3577 5413 3863 81070 27 100
leaf_count=506 156 59 33 94 81 21 426 644 13597 856 264 57 203 35 51 605 111 359 55 21 506 115 213 508 3577 5413 3863 81070 27 100
internal_value=0.000435736 -0.0131622 -0.0310504 -0.0213099 -0.047355 -0.0732589 0.000489079 0.000320755 0.000436809 0.00458754 0.00252863 0.00623514 0.00204538 -0.0205747 -0.0136117 0.00736151 0.0009588 -0.0186976 0.0110413 -0.031541 0.0142392 -0.04758 -0.0117589 0.0238099 0.000537553 0.000218767 0.000536991 0.000125367 -0.00797665 -0.113051
internal_weight=113626 444 288 234 140 54 113182 108717 108291 4465 3609 2935 2370 451 674 1919 1314 623 1088 76 1012 226 416 565 107647 94050 90473 85060 3990 127
internal_count=113626 444 288 234 140 54 113182 108717 108291 4465 3609 2935 2370 451 674 1919 1314 623 1088 76 1012 226 416 565 107647 94050 90473 85060 3990 127
is_linear=0
shrinkage=0.05


Tree=167
num_leaves=31
num_cat=0
split_feature=1 0 0 0 0 0 1 1 0 0 0 0 0 1 1 0 0 0 1 0 0 0 0 1 0 1 0 0 1 0
split_gain=29.7532 94.6873 42.7443 85.3443 39.3888 34.2802 28.1871 134.373 66.3212 28.8083 77.9421 78.0178 102.884 150.396 76.8794 61.6808 232.145 57.009 53.4844 89.6267 70.7059 44.1101 36.0005 35.1235 29.8319 28.6177 39.1527 57.8009 166.435 90.4101
threshold=0.99518812659106171 4.0844980415780485 4.1881520144172528 4.1481006113486876 4.1108919008022484 4.2060821430719466 -0.66476311403078769 -0.66442365959318073 2.7880469424112762 3.5668801272128876 3.4388022870276038 3.3329922903862736 3.2562269708225906 -0.66926218500895385 -0.66926218500895385 3.1121988692531684 3.017657434145895 3.4939319065458361 -0.66926218500895385 2.8775961260131271 2.6743727390994265 3.0674868398523891 3.2962372605943853 -0.67126694340699067 2.955481300684514 0.049987693604997809 3.9345095588988146 4.2035116318896408 0.29651250649177335 4.2045965417176916
decision_type=2 2 2 2 2 2 2 2 2 2 2 2 2 2 2 2 2 2 2 2 2 2 2 2 2 2 2 2 2 2
left_child=6 -2 3 4 -3 -4 9 -8 -9 10 11 12 15 22 17 16 18 -12 20 -20 -1 -18 -14 -13 -22 -10 -27 28 -28 -29
right_child=1 2 5 -5 -6 -7 7 8 25 -11 14 23 13 -15 -16 -17 21 -19 19 -21 24 -23 -24 -25 -26 26 27 29 -30 -31
leaf_value=0.00031098768413214111 0.018869120741071992 -0.013912401108418482 -0.10137546406212179 0.016606576867560122 -0.067622016039159558 -0.019656726859864734 -0.027721730452643034 -0.015582742934848723 0.0018304961632078316 0.012604756126658737 -0.0354004270755192 -0.014597389673846856 -0.026237673274805685 -0.11908934612359319 0.04608949302860043 0.020204187332256124 -0.022717035784981812 -0.004792314177978276 0.0035874351605095648 -0.11783652589434671 0.033438600744504825 -0.066902830019269305 0.0031884417659275126 0.026795288263893449 0.0047288838280680583 -0.018142978378268341 0.061065046557132865 -0.0080731267806223844 0.0038857692994365024 0.00013054215265908693
leaf_weight=506 156 59 33 94 81 21 426 644 29729 856 264 57 203 35 51 605 111 359 55 21 388 115 213 508 118 296 131 3529 4463 69499
leaf_count=506 156 59 33 94 81 21 426 644 29729 856 264 57 203 35 51 605 111 359 55 21 388 115 213 508 118 296 131 3529 4463 69499
internal_value=0.000413949 -0.012504 -0.0294978 -0.0202444 -0.0449872 -0.069596 0.000464625 0.000304717 0.000414969 0.00435816 0.0024022 0.00592338 0.00194311 -0.019546 -0.0129311 0.00699344 0.00091086 -0.0177627 0.0104892 -0.0299639 0.0135272 -0.045201 -0.0111709 0.0226194 0.0267434 0.000510676 7.1084e-06 7.63211e-05 0.00551626 -0.000265891
internal_weight=113626 444 288 234 140 54 113182 108717 108291 4465 3609 2935 2370 451 674 1919 1314 623 1088 76 1012 226 416 565 506 107647 77918 77622 4594 73028
internal_count=113626 444 288 234 140 54 113182 108717 108291 4465 3609 2935 2370 451 674 1919 1314 623 1088 76 1012 226 416 565 506 107647 77918 77622 4594 73028
is_linear=0
shrinkage=0.05


Tree=168
num_leaves=31
num_cat=0
split_feature=1 0 0 0 0 0 1 1 0 0 0 0 0 1 1 0 0 0 0 1 0 0 0 1 1 1 0 1 1 1
split_gain=26.8522 85.4553 41.9272 53.3833 35.5484 29.6319 25.4389 121.271 59.8548 25.9995 70.3428 70.411 92.8524 135.732 69.3836 56.3704 118.837 95.1041 51.4506 48.2696 80.8881 63.8121 39.8093 36.662 39.3623 35.538 32.4904 31.6989 28.5063 46.5804
threshold=0.99518812659106171 4.0844980415780485 4.2035116318896408 4.1481006113486876 4.1108919008022484 4.1881520144172528 -0.66476311403078769 -0.66442365959318073 2.7880469424112762 3.5668801272128876 3.4388022870276038 3.3329922903862736 3.2562269708225906 -0.66926218500895385 -0.66926218500895385 3.1486491245954151 3.017657434145895 3.1121988692531684 3.4939319065458361 -0.66926218500895385 2.8775961260131271 2.6743727390994265 3.0674868398523891 -0.67059543467283067 -0.67098048793793141 -0.67076768662632824 3.2962372605943853 -0.67126694340699067 -0.67024524724628454 -0.67059543467283067
decision_type=2 2 2 2 2 2 2 2 2 2 2 2 2 2 2 2 2 2 2 2 2 2 2 2 2 2 2 2 2 2
left_child=6 -2 3 4 -3 -5 9 -8 -9 10 11 12 15 26 18 16 19 22 -12 21 -21 -1 -18 24 -17 -26 28 -13 29 -14
right_child=1 2 -4 5 -6 -7 7 8 -10 -11 14 27 13 -15 -16 23 17 -19 -20 20 -22 -23 -24 -25 25 -27 -28 -29 -30 -31
leaf_value=0.00029543720806024884 0.017925662685854313 -0.013216775529465433 -0.086156865102904184 0.015776246627594564 -0.064240915171894036 -0.044533858964076412 -0.026335643631725317 -0.014803605648515038 0.00048514176085186195 0.011974518357689883 -0.03363040580280182 -0.013867521906892458 -0.020462658009736946 -0.11313488338674818 0.043785020480772451 0.02515809748853956 -0.021581183071578441 0.010474924966128486 -0.0045526985238594185 0.0034080605132674629 -0.11194469985507785 0.02540627696038672 -0.063557686990369927 0.033593541132337555 -0.050629643343596001 0.012564781968566505 0.0030290214493520944 0.025455523816425005 0.00034748429299927215 -0.087250036415126589
leaf_weight=506 156 59 28 94 81 26 426 644 107647 856 264 57 95 35 51 112 111 132 359 55 21 506 115 272 45 44 213 508 72 36
leaf_count=506 156 59 28 94 81 26 426 644 107647 856 264 57 95 35 51 112 111 132 359 55 21 506 115 272 45 44 213 508 72 36
internal_value=0.000393251 -0.0118788 -0.0280229 -0.0217624 -0.0427379 0.00270906 0.000441393 0.000289481 0.000394221 0.00414026 0.00228209 0.00562721 0.00184595 -0.0185687 -0.0122846 0.00664376 0.00174254 -0.0232457 -0.0168746 0.00996477 -0.0284657 0.0128509 -0.0429409 0.0216272 0.00543395 -0.0193875 -0.0106124 0.0214884 -0.0249258 -0.0388164
internal_weight=113626 444 288 260 140 120 113182 108717 108291 4465 3609 2935 2370 451 674 1919 1446 358 623 1088 76 1012 226 473 201 89 416 565 203 131
internal_count=113626 444 288 260 140 120 113182 108717 108291 4465 3609 2935 2370 451 674 1919 1446 358 623 1088 76 1012 226 473 201 89 416 565 203 131
is_linear=0
shrinkage=0.05


Tree=169
num_leaves=31
num_cat=0
split_feature=1 0 0 0 0 0 1 1 0 1 1 0 0 1 0 0 1 1 1 1 0 1 1 0 1 1 1 0 0 0
split_gain=24.2341 77.1234 37.8393 48.1784 32.0824 27.4605 22.9586 109.447 54.019 25.8274 38.7663 143.874 52.8176 120.617 117.303 70.7543 50.161 124.141 105.161 90.1482 83.0202 70.3387 53.8657 53.8656 87.4143 51.171 86.8782 98.8013 75.2038 88.6546
threshold=0.99518812659106171 4.0844980415780485 4.2035116318896408 4.1481006113486876 4.1108919008022484 4.1763048044315134 -0.66476311403078769 -0.66442365959318073 2.7880469424112762 0.049987693604997809 0.057174585559229642 4.2119832905866774 4.2099435690630207 0.051099459043624305 4.2066285382127502 4.2102196418742031 0.068674339919785943 0.074573776278504686 0.084677851579915114 0.061351089184763445 4.2084723515306495 0.091029350426950636 0.064067982905915782 4.2129296307821322 0.076851311962273003 0.10072043667280038 0.10561795215628932 4.2117908053851538 4.2065496251831069 4.2102196418742031
decision_type=2 2 2 2 2 2 2 2 2 2 2 2 2 2 2 2 2 2 2 2 2 2 2 2 2 2 2 2 2 2
left_child=6 -2 3 4 -3 -5 -1 -8 -9 -10 11 12 14 15 -11 -14 19 -18 23 20 -12 -20 -21 -19 -25 -23 27 28 -27 -30
right_child=1 2 -4 5 -6 -7 7 8 9 10 16 -13 13 -15 -16 -17 17 18 21 22 -22 25 -24 24 -26 26 -28 -29 29 -31
leaf_value=0.003933243259096564 0.017029381739811448 -0.012555942242428409 -0.081849019442285814 0.024947278993204237 -0.061028867113737423 -0.02299630734404283 -0.025018861910070092 -0.014063425438561853 0.0017147142214219387 -0.012003829761429772 -0.031576688486580178 0.004906785614447148 -0.15012665994465352 -0.013551633099934072 0.018376533647623955 -0.048361544848348093 -0.010574167075070175 0.0094097589824776035 -0.0081081858472885678 0.018774556105693313 0.0015700072169215315 0.0069180398167302815 0.0030244610251005119 -0.098308105974715079 -0.0031591675912042978 0.0018710478975304534 0.00019455381242467832 0.00080883835549824519 -0.083406965072120892 -0.026753793177172237
leaf_weight=4465 156 59 28 64 81 56 426 644 29729 1560 202 2557 20 1135 399 117 2702 3857 2659 1368 2914 2709 900 29 144 175 53301 676 83 411
leaf_count=4465 156 59 28 64 81 56 426 644 29729 1560 202 2557 20 1135 399 117 2702 3857 2659 1368 2914 2709 900 29 144 175 53301 676 83 411
internal_value=0.000373589 -0.0112849 -0.0266218 -0.0206743 -0.040601 0.00257361 0.000419324 0.000275007 0.00037451 0.000460885 -1.75041e-05 -0.00395457 -0.0109674 -0.0189009 -0.0058161 -0.0632178 0.000298421 -7.60641e-05 0.000366848 0.00494096 -0.000578784 -0.000158182 0.0125245 0.00818551 -0.019109 0.000210383 -0.00012214 -0.0126724 -0.0262947 -0.0362724
internal_weight=113626 444 288 260 140 120 113182 108717 108291 107647 77918 5788 3231 1272 1959 137 72130 66746 64044 5384 3116 60014 2268 4030 173 57355 54646 1345 669 494
internal_count=113626 444 288 260 140 120 113182 108717 108291 107647 77918 5788 3231 1272 1959 137 72130 66746 64044 5384 3116 60014 2268 4030 173 57355 54646 1345 669 494
is_linear=0
shrinkage=0.05


Tree=170
num_leaves=31
num_cat=0
split_feature=0 1 0 1 0 1 0 1 1 0 1 0 1 0 1 0 1 1 1 0 0 0 0 0 0 0 0 0 1 0
split_gain=56.0861 102.026 96.9072 212.743 99.0007 566.781 383.152 230.995 109.763 249.07 217.195 129.483 202.407 229.61 134.149 104.235 97.0939 306.722 79.9882 737.432 3151.38 1314.08 922.253 390.404 826.178 601.544 143.17 86.8733 73.5302 148.782
threshold=3.8701868380452269 -0.6616821142420839 4.2035116318896408 0.92374597262104541 4.1763048044315134 0.97366692785173814 4.1959841330863972 0.94133524972883265 0.97366692785173814 4.1317818897369714 0.94133524972883265 4.1317818897369714 0.9899572276429659 4.1108919008022484 0.99391701702360902 4.163209113926416 0.99518812659106171 0.99391701702360902 -0.0022132866865079664 3.5981631387971817 3.5221603261481738 3.4798280264228474 3.6838237122462423 3.425455265970681 3.3976557356948374 3.3505180837725921 3.7022896494328408 3.7587056847616118 0.95832438602939451 4.1481006113486876
decision_type=2 2 2 2 2 2 2 2 2 2 2 2 2 2 2 2 2 2 2 2 2 2 2 2 2 2 2 2 2 2
left_child=1 -1 3 -2 8 7 16 -6 9 -5 -11 12 13 -10 -13 28 17 -7 19 20 21 23 -21 24 25 -3 -24 -20 -12 -30
right_child=2 18 -4 4 5 6 -8 -9 11 10 15 14 -14 -15 -16 -17 -18 -19 27 22 -22 -23 26 -25 -26 -27 -28 -29 29 -31
leaf_value=-0.00095555133067701551 0.02021348941858378 -0.042606511951557235 -7.5705027993627593e-05 -0.025352260309982878 0.019919381568680949 -0.0047732518714828755 0.14621550673257624 -0.08384011304248333 0.014812714288408838 0.0018249787951833641 0.029075640191112747 -0.053302761881732968 0.00037585344468307562 0.14871642597019671 -0.0033820816793111194 0.13430549081128379 -0.069786761230544045 0.17805135571756042 -0.0057913052375489146 -0.32117053866386414 0.4264164557823768 -0.33947924205235075 -0.094284971900608236 0.13273530862270258 -0.26167575291224887 0.18056515643471166 0.07857035732269288 -0.048984434195478599 0.14670280370605635 0.023385550715821855
leaf_weight=18386 1920 147 85847 199 67 195 58 269 89 199 119 216 1815 50 357 52 38 26 3070 44 39 35 23 39 35 38 25 121 51 47
leaf_count=18386 1920 147 85847 199 67 195 58 269 89 199 119 216 1815 50 357 52 38 26 3070 44 39 35 23 39 35 38 25 121 51 47
internal_value=-0.000198635 -0.00246551 0.000345778 0.00661993 -0.000164489 -0.0179039 0.0300541 -0.06315 0.00346226 0.0215036 0.0414274 -0.00129975 0.00482924 0.0629795 -0.0222003 0.0707244 0.00404114 0.0167355 -0.0101431 -0.03052 0.00409854 -0.0519232 -0.155824 -0.0130643 -0.0389106 0.00323416 -0.00425615 -0.00742915 0.0554883 0.0875609
internal_weight=113616 22002 91614 5767 3847 653 317 336 3194 667 468 2527 1954 139 573 269 259 221 3616 425 333 294 92 259 220 185 48 3191 217 98
internal_count=113616 22002 91614 5767 3847 653 317 336 3194 667 468 2527 1954 139 573 269 259 221 3616 425 333 294 92 259 220 185 48 3191 217 98
is_linear=0
shrinkage=0.05


Tree=171
num_leaves=31
num_cat=0
split_feature=0 1 0 1 0 1 0 1 1 0 1 0 1 0 1 0 0 0 1 1 1 0 0 0 0 0 0 0 0 0
split_gain=50.6177 92.0787 87.4588 192.001 89.3481 511.52 345.795 208.473 99.0608 224.786 196.019 116.858 182.673 207.223 126.128 154.543 119.697 94.0719 87.6273 276.817 72.1894 665.532 2844.12 1185.95 832.333 352.34 745.625 542.893 129.211 78.4031
threshold=3.8701868380452269 -0.6616821142420839 4.2035116318896408 0.92374597262104541 4.1763048044315134 0.97366692785173814 4.1959841330863972 0.94133524972883265 0.97366692785173814 4.1317818897369714 0.94133524972883265 4.1317818897369714 0.9899572276429659 4.1108919008022484 0.9899572276429659 4.163209113926416 4.163209113926416 4.163209113926416 0.99518812659106171 0.99391701702360902 -0.0022132866865079664 3.5981631387971817 3.5221603261481738 3.4798280264228474 3.6838237122462423 3.425455265970681 3.3976557356948374 3.3505180837725921 3.7022896494328408 3.7587056847616118
decision_type=2 2 2 2 2 2 2 2 2 2 2 2 2 2 2 2 2 2 2 2 2 2 2 2 2 2 2 2 2 2
left_child=1 -1 3 -2 8 7 18 -6 9 -5 -11 12 13 -10 15 -13 -16 -12 19 -7 21 22 23 25 -23 26 27 -3 -26 -22
right_child=2 20 -4 4 5 6 -8 -9 11 10 17 14 -14 -15 16 -17 -18 -19 -20 -21 29 24 -24 -25 28 -27 -28 -29 -30 -31
leaf_value=-0.00090777376754948107 0.019202815231022519 -0.040476184408022031 -7.1919800601403125e-05 -0.024084645685688338 0.018923416066525589 -0.0045345884241545812 0.13890473154084435 -0.079648107141481378 0.014072078491529721 0.0017337340955159175 0.052713902900853808 -0.015501063178312414 0.00035706068154362858 0.14128059394657613 -0.02543398735843537 -0.1470616375527731 0.031852367581402669 0.12759021995589137 -0.066297422820015967 0.16914879450431239 -0.0055017399814579768 -0.30511203299869194 0.40509563837295925 -0.32250525065830776 -0.089570724445840591 0.12609854478102464 -0.24859198297773091 0.17153688230012593 0.074641819953918456 -0.046535213427254474
leaf_weight=18386 1920 147 85847 199 67 195 58 269 89 199 217 49 1815 50 361 41 122 52 38 26 3070 44 39 35 23 39 35 38 25 121
leaf_count=18386 1920 147 85847 199 67 195 58 269 89 199 217 49 1815 50 361 41 122 52 38 26 3070 44 39 35 23 39 35 38 25 121
internal_value=-0.000188703 -0.00234224 0.000328489 0.00628893 -0.000156264 -0.0170087 0.0285514 -0.0599925 0.00328914 0.0204285 0.039356 -0.00123476 0.00458777 0.0598305 -0.0210903 -0.0754342 -0.0109641 0.0671881 0.00383908 0.0158988 -0.00963593 -0.028994 0.00389361 -0.0493271 -0.148033 -0.0124111 -0.0369651 0.00307245 -0.00404336 -0.00705769
internal_weight=113616 22002 91614 5767 3847 653 317 336 3194 667 468 2527 1954 139 573 90 483 269 259 221 3616 425 333 294 92 259 220 185 48 3191
internal_count=113616 22002 91614 5767 3847 653 317 336 3194 667 468 2527 1954 139 573 90 483 269 259 221 3616 425 333 294 92 259 220 185 48 3191
is_linear=0
shrinkage=0.05


Tree=172
num_leaves=31
num_cat=0
split_feature=0 1 0 1 0 1 0 1 1 0 1 0 1 0 1 0 1 1 0 0 1 0 0 1 0 0 0 0 0 0
split_gain=45.6825 83.101 78.9315 173.281 80.6367 461.647 312.08 188.147 89.4024 202.869 176.907 105.465 164.862 187.019 114.962 84.8999 79.0836 249.827 69.033 100.542 66.3609 134.821 134.275 65.1509 600.643 2566.82 1095.82 751.181 194.489 482.512
threshold=3.8701868380452269 -0.6616821142420839 4.2035116318896408 0.92374597262104541 4.1763048044315134 0.97366692785173814 4.1959841330863972 0.94133524972883265 0.97366692785173814 4.1317818897369714 0.94133524972883265 4.1317818897369714 0.9899572276429659 4.1108919008022484 0.99391701702360902 4.163209113926416 0.99518812659106171 0.99391701702360902 3.7587056847616118 3.6144161971290862 0.95832438602939451 4.1481006113486876 4.1481006113486876 -0.0022132866865079664 3.5981631387971817 3.5221603261481738 3.4939319065458361 3.6838237122462423 3.4521320138615228 3.3976557356948374
decision_type=2 2 2 2 2 2 2 2 2 2 2 2 2 2 2 2 2 2 2 2 2 2 2 2 2 2 2 2 2 2
left_child=1 18 3 -2 8 7 16 -6 9 -5 -11 12 13 -10 -13 20 17 -7 19 -1 21 -12 -22 24 25 26 28 -26 29 -3
right_child=2 23 -4 4 5 6 -8 -9 11 10 15 14 -14 -15 -16 -17 -18 -19 -20 -21 22 -23 -24 -25 27 -27 -28 -29 -30 -31
leaf_value=-0.0015941883357953228 0.018242674381079571 0.0029188235529471894 -6.8323786856485611e-05 -0.022880413946719025 0.017977239925469925 -0.0043078591958739055 0.13195949774235488 -0.075665703756547784 0.013368470824501488 0.0016470473203527268 -0.016515467215228726 -0.048828161917885561 0.00033920748388912973 0.13421657826006414 -0.0026152350214578694 0.12121071077328033 -0.062982555204316198 0.1606913520739629 -0.012245207139308725 0.0093821580408268226 0.13673196028844983 0.093233298276447593 0.019580580214870739 -0.0067048095961561686 -0.289856414903294 0.38484085584298161 -0.39490748360043482 -0.0038411796092987062 0.093723143953265572 -0.16576070698824796
leaf_weight=14713 1920 185 85847 199 67 195 58 269 89 199 74 216 1815 50 357 52 38 26 1242 2431 51 45 47 3191 44 39 21 48 33 55
leaf_count=14713 1920 185 85847 199 67 195 58 269 89 199 74 216 1815 50 357 52 38 26 1242 2431 51 45 47 3191 44 39 21 48 33 55
internal_value=-0.000179268 -0.00222512 0.000312064 0.00597448 -0.000148451 -0.0161583 0.0271238 -0.0569929 0.00312469 0.019407 0.0373882 -0.00117303 0.00435839 0.056839 -0.0200358 0.0638287 0.00364713 0.0151038 -0.000862385 -3.77547e-05 0.0500782 0.0249862 0.0805471 -0.00915414 -0.0275443 0.00369893 -0.0468607 -0.140631 -0.0200879 -0.0357369
internal_weight=113616 22002 91614 5767 3847 653 317 336 3194 667 468 2527 1954 139 573 269 259 221 18386 17144 217 119 98 3616 425 333 294 92 273 240
internal_count=113616 22002 91614 5767 3847 653 317 336 3194 667 468 2527 1954 139 573 269 259 221 18386 17144 217 119 98 3616 425 333 294 92 273 240
is_linear=0
shrinkage=0.05


Tree=173
num_leaves=31
num_cat=0
split_feature=0 1 1 1 0 0 1 0 1 0 1 0 0 1 0 1 0 0 1 0 1 1 1 0 0 0 1 0 0 1
split_gain=44.522 48.6108 220.029 32.2857 32.1836 78.8345 156.83 93.4258 555.033 281.652 101.57 346.094 95.1819 148.788 168.784 107.571 139.475 108.648 88.0408 76.6221 74.9986 71.373 225.469 62.3023 90.7396 61.249 59.8908 121.676 121.184 59.4672
threshold=4.2127827764752741 0.18993653912412142 0.17107705235235798 0.18180554087128556 3.8701868380452269 4.2035116318896408 0.94133524972883265 4.1763048044315134 0.97366692785173814 4.1959841330863972 0.97366692785173814 4.1317818897369714 4.1317818897369714 0.9899572276429659 4.1108919008022484 0.9899572276429659 4.163209113926416 4.163209113926416 0.99518812659106171 4.163209113926416 -0.6616821142420839 0.99518812659106171 0.99391701702360902 3.7587056847616118 3.6144161971290862 4.0844980415780485 0.95832438602939451 4.1481006113486876 4.1481006113486876 -0.66258612056614341
decision_type=2 2 2 2 2 2 2 2 2 2 2 2 2 2 2 2 2 2 2 2 2 2 2 2 2 2 2 2 2 2
left_child=4 2 -2 -4 20 6 -6 10 -9 21 11 -8 13 14 25 16 -14 -17 -7 26 23 22 -10 24 29 -12 27 -13 -28 -1
right_child=1 -3 3 -5 5 18 7 8 9 -11 12 19 15 -15 -16 17 -18 -19 -20 -21 -22 -23 -24 -25 -26 -27 28 -29 -30 -31
leaf_value=-0.0027400369557577932 0.0039209773266658228 -0.012700900272579819 0.11812609770359138 0.056588139749587853 0.016159375379123059 -0.00034992065927134312 -0.028787521351108236 -0.071882418367135784 -0.0040924656460395994 0.12536152202218515 -0.048522339681429522 -0.01568970366104229 -0.012284603159950704 0.00032224707796107521 0.12750573337450624 -0.023468264653489324 -0.1372671531467903 0.03111022083149826 -0.098188663824744851 0.11515017343828311 -0.0086964312135644085 -0.059833427008829626 0.15265678557065818 -0.011632946869954558 0.0089130504360845197 0.040802125461765981 0.12989535844501329 0.088571635621289418 0.018601550447179916 0.0067303589952743314
leaf_weight=12809 5733 410 39 47 2204 79595 181 269 195 58 28 74 49 1815 50 361 41 122 23 52 3616 38 26 1242 2431 61 51 45 47 1904
leaf_count=12809 5733 410 39 47 2204 79595 181 269 195 58 28 74 49 1815 50 361 41 122 23 52 3616 38 26 1242 2431 61 51 45 47 1904
internal_value=-0.000170305 0.00393934 0.00511179 0.0844949 -0.000408685 3.07059e-05 0.00567576 -0.000809196 -0.0190581 0.0257676 0.00278296 0.0246686 -0.00111438 0.00414047 0.0539971 -0.019034 -0.0692211 -0.00968239 -0.000378184 0.0606373 -0.00211387 0.00346477 0.0143486 -0.000819266 -3.5867e-05 0.0127 0.0475743 0.0237369 0.0765198 -0.00151448
internal_weight=113616 6229 5819 86 107387 85385 5767 3563 586 317 2977 450 2527 1954 139 573 90 483 79618 269 22002 259 221 18386 17144 89 217 119 98 14713
internal_count=113616 6229 5819 86 107387 85385 5767 3563 586 317 2977 450 2527 1954 139 573 90 483 79618 269 22002 259 221 18386 17144 89 217 119 98 14713
is_linear=0
shrinkage=0.05


Tree=174
num_leaves=31
num_cat=0
split_feature=0 1 1 1 1 1 1 0 1 0 0 0 1 1 1 0 1 0 1 1 0 1 0 1 0 1 0 1 1 1
split_gain=40.1811 43.8713 198.577 32.1764 49.2229 32.3418 108.664 64.6046 39.1253 29.3389 29.0457 71.1481 142.635 79.4568 67.6863 65.3709 375.923 254.191 153.414 71.4672 162.458 147.863 85.9017 134.281 152.328 98.5491 69.1515 64.4141 203.486 58.7987
threshold=4.2127827764752741 0.18993653912412142 0.17107705235235798 0.14214410725072932 0.13941214932258508 0.039298419216266339 0.032382400643702312 4.2133936808360657 0.052126693030748704 4.2130827047167756 3.8701868380452269 4.2035116318896408 0.92374597262104541 0.99518812659106171 -0.6616821142420839 4.1763048044315134 0.97366692785173814 4.1959841330863972 0.94133524972883265 0.97366692785173814 4.1317818897369714 0.94133524972883265 4.1317818897369714 0.9899572276429659 4.1108919008022484 0.99391701702360902 4.163209113926416 0.99518812659106171 0.99391701702360902 -0.0022132866865079664
decision_type=2 2 2 2 2 2 2 2 2 2 2 2 2 2 2 2 2 2 2 2 2 2 2 2 2 2 2 2 2 2
left_child=10 2 3 4 5 6 -2 -8 -7 -4 14 12 -12 -13 -1 19 18 27 -17 20 -14 -22 23 24 -21 -24 -23 28 -18 -16
right_child=1 -3 9 -5 -6 8 7 -9 -10 -11 11 13 15 -15 29 16 17 -19 -20 22 21 26 25 -25 -26 -27 -28 -29 -30 -31
leaf_value=-0.00077830274865895225 0.0153993060985314 -0.012065855337551046 0.11916956209367323 -0.013426510419423261 0.068413310435911021 0.015629875197715064 -0.0091138634793829203 -0.067199778884321784 0.0034044684694503249 0.058345015726306231 0.016522571618503814 -0.00033242466193622133 -0.020500294624561044 -0.093279229946758441 -0.025732234758954937 0.016270408701540822 -0.0038878438101173974 0.11909344494342805 -0.068288295923907061 0.012065044430534492 0.00075672824478628653 0.045195578874951479 -0.044740245494284431 0.00030613486476745405 0.12113045368343592 -0.0019531612375787663 0.10939266102818342 -0.056841754207485599 0.14502394222296203 -0.005934747498724636
leaf_weight=18386 210 410 31 261 30 773 101 91 4267 55 1920 79595 199 23 425 67 195 58 269 89 199 217 216 1815 50 357 52 38 26 3191
leaf_count=18386 210 410 31 261 30 773 101 91 4267 55 1920 79595 199 23 425 67 195 58 269 89 199 217 216 1815 50 357 52 38 26 3191
internal_value=-0.00016179 0.00374237 0.0048562 0.00372493 0.00454301 0.00419091 -0.00945728 -0.0366442 0.00527952 0.0802701 -0.000388251 2.91706e-05 0.00539197 -0.000359275 -0.00200817 -0.000163204 -0.0145781 0.0244793 -0.0514269 0.00278386 0.0173417 0.0334326 -0.00105866 0.00393344 0.0512972 -0.0180823 0.0576054 0.00329153 0.0136312 -0.00826161
internal_weight=113616 6229 5819 5733 5472 5442 402 192 5040 86 107387 85385 5767 79618 22002 3847 653 317 336 3194 667 468 2527 1954 139 573 269 259 221 3616
internal_count=113616 6229 5819 5733 5472 5442 402 192 5040 86 107387 85385 5767 79618 22002 3847 653 317 336 3194 667 468 2527 1954 139 573 269 259 221 3616
is_linear=0
shrinkage=0.05


Tree=175
num_leaves=31
num_cat=0
split_feature=1 0 0 1 0 1 1 0 0 1 1 1 0 0 0 0 1 0 1 0 1 1 0 0 1 0 1 1 1 1
split_gain=77.999 145.691 412.716 230.128 201.859 189.229 301.66 264.964 184.772 146.266 217.903 296.113 183.945 223.19 150.718 175.976 155.952 148.55 137.253 97.9117 92.873 157.355 189.599 89.107 674.932 341.312 779.762 685.564 583.837 499.203
threshold=0.47337442032806615 4.2092521302304364 4.2092001896398363 0.52999857268208184 4.2103868452367754 0.66046176821179381 0.52999857268208184 4.2093540619516814 4.2101381887050549 0.64469578816960282 0.61379160706171965 0.59821005442195807 4.2093042635543387 4.2100283525022411 4.2096908238533937 4.2095747613513685 0.54357157459813754 4.209794181981672 0.82659308966095224 4.2104702482203038 0.76175444319795671 0.70837183041219554 4.2096154240925623 4.2078315369189232 0.49456154115686563 4.2068496107325712 0.69194094421133112 0.67611158993753573 0.70837183041219554 0.70837183041219554
decision_type=2 2 2 2 2 2 2 2 2 2 2 2 2 2 2 2 2 2 2 2 2 2 2 2 2 2 2 2 2 2
left_child=-1 2 23 -4 5 6 7 -3 -9 10 11 12 -8 14 15 16 -14 -16 20 -6 21 22 -7 25 -25 26 -2 -27 -29 -28
right_child=1 4 3 -5 19 18 9 8 -10 -11 -12 -13 13 -15 17 -17 -18 -19 -20 -21 -22 -23 -24 24 -26 27 29 28 -30 -31
leaf_value=-0.00013634101781446917 -0.044318500805140229 0.11247754624044454 -0.24900703608341843 -0.055303853442487505 -0.090676214609827319 -0.16205811521836691 -0.075283694693020417 -0.019991141202209687 0.08334144258499146 0.1998886850476265 -0.0057440296707159666 0.25352235462354578 0.21787091203203257 -0.03184154242277145 0.22424908244154521 -0.017722666320269524 0.06851000856827287 0.097289698419626813 0.093508846163749701 -0.0032122969075577992 -0.13352505409717561 0.077940389134276367 0.025449458509683609 0.070895339504366731 -0.010084667734748075 0.037761774138153278 0.11504314471736994 -0.060959690580382309 0.010350783116081293 0.0031219055821097227
leaf_weight=96769 913 54 23 46 35 28 21 321 50 20 94 23 22 40 36 46 85 64 20 373 25 26 26 278 3456 1942 101 376 1213 7347
leaf_count=96769 913 54 23 46 35 28 21 321 50 20 94 23 22 40 36 46 85 64 20 373 25 26 26 278 3456 1942 101 376 1213 7347
internal_value=0.000413814 0.00352641 0.00214376 -0.119872 0.0189279 0.0310103 0.0392223 0.00899695 -0.00606492 0.0677051 0.0615713 0.0803477 0.0676629 0.0779082 0.09526 0.0640606 0.0992197 0.142995 -0.0265395 -0.0107153 -0.0494059 -0.0231186 -0.0717767 0.00268255 -0.00405563 0.00479829 -0.00070647 0.0178329 -0.00652319 0.00463963
internal_weight=113873 17104 15695 69 1409 1001 876 425 371 451 431 337 314 293 253 153 107 100 125 408 105 80 54 15626 3734 11892 8361 3531 1589 7448
internal_count=113873 17104 15695 69 1409 1001 876 425 371 451 431 337 314 293 253 153 107 100 125 408 105 80 54 15626 3734 11892 8361 3531 1589 7448
is_linear=0
shrinkage=0.05


Tree=176
num_leaves=31
num_cat=0
split_feature=1 0 0 1 0 0 0 0 1 0 0 1 1 1 0 0 1 1 1 0 0 1 1 0 0 0 1 1 1 0
split_gain=70.4488 105.149 347.534 221.839 1256.79 601.759 378.887 285.242 203.257 180.404 174.594 217.419 368.735 167.304 317.248 311.463 296.526 271.403 151.57 147.785 126.406 865.048 769.2 597.226 564.828 488.613 782.677 572.558 292.264 282.422
threshold=0.48363323162759736 4.2092521302304364 4.2092001896398363 0.49456154115686563 4.2070967715774277 4.2077310619281354 4.2083814024886363 4.208849531058557 0.52999857268208184 4.2103868452367754 4.2102471159256956 0.52999857268208184 0.66046176821179381 0.63060179185295528 4.2091428143259337 4.2089699472680069 0.76175444319795671 0.72537656303778963 0.59821005442195807 4.2093540619516814 4.2075194183444795 0.61379160706171965 0.64469578816960282 4.2060821430719466 4.2066285382127502 4.2074246467047258 0.69194094421133112 0.70837183041219554 0.55552898264406514 4.2064204226126582
decision_type=2 2 2 2 2 2 2 2 2 2 2 2 2 2 2 2 2 2 2 2 2 2 2 2 2 2 2 2 2 2
left_child=-1 2 3 4 -2 -6 -7 20 -4 10 11 19 -13 15 16 18 17 -15 -9 -3 21 23 24 -5 29 -24 -27 -28 -25 -23
right_child=1 9 8 7 5 6 -8 13 -10 -11 -12 12 -14 14 -16 -17 -18 -19 -20 -21 -22 22 25 28 -26 26 27 -29 -30 -31
leaf_value=-0.0001215896537982503 -0.071450698258581039 0.078060551644081169 -0.24027205201841537 -0.13031500638906091 0.32902006814256313 -0.028981866460779437 0.14554180821869522 -0.085058492692208221 -0.052538662144671316 -0.011989009648034059 0.12194336995016784 0.064019067013400724 -0.036310595106975783 0.024782059765129816 -0.15887834292191727 -0.013720755603609851 -0.12494042286718335 0.20197483759659987 -0.22623384215615017 -0.022711854271234618 -0.0041979407138065458 -0.072203413060364818 0.0027696598667727593 0.03202049228071701 -0.039858999821500707 0.26002748034735945 -0.18688337252690243 0.069983098169660751 0.09116981763315965 -0.28188595204126266
leaf_weight=97220 132 42 21 42 32 46 96 140 46 377 48 435 116 128 26 230 27 26 22 272 4049 26 8931 400 260 47 26 131 437 42
leaf_count=97220 132 42 21 42 32 46 96 140 46 377 48 435 116 128 26 230 27 26 22 272 4049 26 8931 400 260 47 26 131 437 42
internal_value=0.000393123 0.00339801 0.00224673 0.00274444 0.0448889 0.133146 0.089006 0.00188412 -0.11138 0.017109 0.0291243 0.0239736 0.042897 -0.031923 0.00444068 -0.0511253 0.0279009 0.0546977 -0.10423 -0.00923274 0.00329128 0.00622339 0.00181614 0.0536703 -0.0734141 0.00451734 0.0810299 0.0274447 0.0629025 -0.201713
internal_weight=113873 16653 15363 15296 306 174 142 14990 67 1290 913 865 551 599 207 392 181 154 162 314 14391 10342 9463 879 328 9135 204 157 837 68
internal_count=113873 16653 15363 15296 306 174 142 14990 67 1290 913 865 551 599 207 392 181 154 162 314 14391 10342 9463 879 328 9135 204 157 837 68
is_linear=0
shrinkage=0.05


Tree=177
num_leaves=31
num_cat=0
split_feature=1 0 0 1 0 0 1 0 1 0 1 1 0 1 0 1 1 0 1 0 0 0 1 0 1 0 1 1 0 0
split_gain=63.6322 120.623 337.86 189.286 174.939 215.432 280.931 292.812 135.102 127.593 139.064 93.8005 375.268 319.575 348.417 292.231 173.026 204.538 192.047 191.147 201.237 136.283 135.399 102.404 85.4724 83.1202 134.314 232.459 80.4338 96.9778
threshold=0.47337442032806615 4.2092521302304364 4.2092001896398363 0.52999857268208184 4.2095328946485546 4.2094499233704212 0.63060179185295528 4.2093540619516814 0.5840315508993168 4.2094031629545396 0.52999857268208184 0.88866561193202009 4.2133169568797095 0.69194094421133112 4.2102196418742031 0.64469578816960282 0.54357157459813754 4.2100283525022411 0.56918043419434328 4.2097613535868081 4.2098241418237548 4.2105579519131142 0.78217850835714009 4.210939725719931 0.54357157459813754 4.2106174894882651 0.50662256577213383 0.51724704080845141 4.2104170799192291 4.2100832585189698
decision_type=2 2 2 2 2 2 2 2 2 2 2 2 2 2 2 2 2 2 2 2 2 2 2 2 2 2 2 2 2 2
left_child=-1 2 -2 -4 5 6 9 -8 24 -3 -11 13 -13 15 -15 16 19 18 -18 -6 -21 -16 -23 25 -7 26 28 -28 29 -22
right_child=1 4 3 -5 11 8 7 -9 -10 10 -12 12 -14 14 21 -17 17 -19 -20 20 23 22 -24 -25 -26 -27 27 -29 -30 -31
leaf_value=-0.00012344450543558564 0.0024142265011775467 0.07315631913551629 -0.22558721972872384 -0.049911729829466865 -0.059606836240474637 0.11149957021698356 0.020508965946012928 -0.21800288158384237 0.20661680801875063 -0.10474616722203792 0.073772146701812744 0.24662976160645489 0.0087635143532792167 -0.17402607841377563 0.097304996306245978 0.19205194601546163 0.14359084064843225 -0.028034758367511917 0.036315288192197454 0.11473930428425472 -0.066197778811105168 -0.14717904906112539 -0.012507290012118491 -0.10597058598968118 -0.0094424716773487266 0.057645505755284779 0.16657726529699107 -0.019054125703405589 -0.10668224054970779 0.02783662655615601
leaf_weight=96769 15626 151 23 46 127 48 31 22 27 24 20 20 97 47 22 23 61 73 132 42 52 23 99 22 21 61 26 48 32 58
leaf_count=96769 15626 151 23 46 127 48 31 22 27 24 20 20 97 47 22 23 61 73 132 42 52 23 99 22 21 61 26 48 32 58
internal_value=0.000373467 0.00318483 0.00192674 -0.10847 0.0171988 0.0481982 0.0235801 -0.078496 0.111795 0.0513238 -0.0236015 0.00718586 0.0494244 0.00197288 -0.0558212 0.016555 0.0110558 0.0432561 0.070221 -0.0072461 0.0122548 -0.0172405 -0.0378962 -0.002141 0.0746911 0.0061054 -0.00844991 0.0461677 -0.0369126 -0.016616
internal_weight=113873 17104 15695 69 1409 344 248 53 96 195 44 1065 117 948 191 757 734 266 193 468 341 144 122 299 69 277 216 74 142 110
internal_count=113873 17104 15695 69 1409 344 248 53 96 195 44 1065 117 948 191 757 734 266 193 468 341 144 122 299 69 277 216 74 142 110
is_linear=0
shrinkage=0.05


Tree=178
num_leaves=31
num_cat=0
split_feature=1 0 0 1 0 0 0 0 1 0 0 1 1 1 0 0 1 0 0 1 1 1 0 0 0 0 0 1 0 0
split_gain=57.4326 84.2968 283.352 200.21 1134.25 543.087 341.945 257.431 165.815 151.206 154.805 187.269 303.864 271.57 233.275 206.874 150.992 286.316 281.096 267.615 244.941 136.792 133.62 133.349 221.312 130.873 157.605 141.468 123.874 114.081
threshold=0.48363323162759736 4.2092521302304364 4.2092001896398363 0.49456154115686563 4.2070967715774277 4.2077310619281354 4.2083814024886363 4.208849531058557 0.52999857268208184 4.2103868452367754 4.2102471159256956 0.52999857268208184 0.61379160706171965 0.59821005442195807 4.2100283525022411 4.2096908238533937 0.63060179185295528 4.2091428143259337 4.2089699472680069 0.76175444319795671 0.72537656303778963 0.59821005442195807 4.209794181981672 4.2096154240925623 4.2097613535868081 4.2093042635543387 4.2095747613513685 0.54357157459813754 4.2104702482203038 4.2075194183444795
decision_type=2 2 2 2 2 2 2 2 2 2 2 2 2 2 2 2 2 2 2 2 2 2 2 2 2 2 2 2 2 2
left_child=-1 2 3 4 -2 -6 -7 29 -4 10 11 23 13 14 15 25 18 19 21 20 -18 -9 -17 -3 -25 -13 27 -27 -11 -5
right_child=1 9 8 7 5 6 -8 16 -10 28 -12 12 -14 -15 -16 22 17 -19 -20 -21 -22 -23 -24 24 -26 26 -28 -29 -30 -31
leaf_value=-0.00010994349514705303 -0.067998874461221881 0.024964825831503678 -0.21697909051463721 0.0057915073806268612 0.31244835436809809 -0.027653479835261469 0.13814400742849103 -0.080926278272111504 -0.0474161449495865 -0.10704660879808568 0.11374500985257328 -0.078378277307464966 -0.0056373495923148264 0.23554198210654051 -0.077521710984151948 0.20597536330007846 0.023422246155678297 -0.15105514050676272 -0.013155428945370343 -0.11881411409488432 0.19175538231547062 -0.21504286121238364 0.085564740915197043 -0.12810746447369456 -0.002104495899832767 0.20101306671488356 -0.022663942583755634 0.058757028299219471 -0.0027161602412668095 -0.0041087547977744551
leaf_weight=97220 132 149 21 10342 32 46 96 140 46 31 48 21 225 23 29 36 128 26 230 27 26 22 64 50 115 22 46 85 346 4049
leaf_count=97220 132 149 21 10342 32 46 96 140 46 31 48 21 225 23 29 36 128 26 230 27 26 22 64 50 115 22 46 85 346 4049
internal_value=0.000354794 0.00306792 0.00203709 0.00248651 0.0425237 0.126368 0.084435 0.0016692 -0.100563 0.0153444 0.0263444 0.0214945 0.0390569 0.0699041 0.0573309 0.0716037 -0.0304476 0.00409794 -0.0486897 0.0263851 0.0518421 -0.0991396 0.128913 -0.00932367 -0.0402872 0.0386675 0.0547326 0.0880059 -0.0112951 0.00300601
internal_weight=113873 16653 15363 15296 306 174 142 14990 67 1290 913 865 551 326 303 274 599 207 392 181 154 162 100 314 165 174 153 107 377 14391
internal_count=113873 16653 15363 15296 306 174 142 14990 67 1290 913 865 551 326 303 274 599 207 392 181 154 162 100 314 165 174 153 107 377 14391
is_linear=0
shrinkage=0.05


Tree=179
num_leaves=31
num_cat=0
split_feature=1 0 1 1 1 1 0 1 1 1 0 0 1 0 0 1 0 0 0 1 0 0 1 1 1 0 1 0 0 1
split_gain=51.9136 100.841 657.307 450.53 373.422 512.27 286.511 830.669 1060.13 480.062 582.875 342.781 408.378 310.232 294.275 508.989 263.014 246.075 245.138 212.485 347.859 261.439 272.904 254.308 253.492 455.144 239.591 212.034 208.172 191.865
threshold=0.47337442032806615 4.2068496107325712 0.69194094421133112 0.70837183041219554 0.72537656303778963 0.76175444319795671 4.2075194183444795 0.48363323162759736 0.67611158993753573 0.49456154115686563 4.2079410597434483 4.2069679798942632 0.70837183041219554 4.2074246467047258 4.2072102313008761 0.69194094421133112 4.2070967715774277 4.2092521302304364 4.2094907304715852 0.59821005442195807 4.2091428143259337 4.2080529843511281 0.76175444319795671 0.67611158993753573 0.72537656303778963 4.2087076272842721 0.67611158993753573 4.206360742460606 4.208849531058557 0.64469578816960282
decision_type=2 2 2 2 2 2 2 2 2 2 2 2 2 2 2 2 2 2 2 2 2 2 2 2 2 2 2 2 2 2
left_child=-1 2 -2 27 -5 -6 7 -3 29 10 -8 -10 14 -14 16 -16 -13 19 -12 -11 21 -21 23 -23 28 -26 -22 -4 -25 -9
right_child=1 6 3 4 5 -7 9 8 11 17 18 12 13 -15 15 -17 -18 -19 -20 20 26 22 -24 24 25 -27 -28 -29 -30 -31
leaf_value=-0.00011177509352356852 -0.041090926886875358 -0.22351151577690068 0.21043972145108616 -0.073619147693101739 0.063717053348399458 0.0011006244785406293 0.20133420466272922 0.049970726168061037 0.045500678892713045 -0.019299778675751875 0.056435474382040988 -0.061012913831850382 -0.019091287640297844 0.066073654008005522 0.076860407099389197 -0.12571521641357858 -0.2351727558866791 0.017564604486182977 -0.014111729518606744 -0.012319386671811995 -0.21431086291709256 0.011226363581311311 -0.037415388515751276 0.11229014289488143 -0.048391158878803256 0.14528142314317613 0.0014393360777334736 0.057134530448646692 -0.0040690782856433946 0.10133315169454918
leaf_weight=96769 913 34 34 158 343 6846 54 868 240 2232 313 41 582 131 57 68 46 1164 203 1167 31 681 175 211 103 43 22 67 47 230
leaf_count=96769 913 34 34 158 343 6846 54 868 240 2232 313 41 582 131 57 68 46 1164 203 1167 31 681 175 211 103 43 22 67 47 230
internal_value=0.000337054 0.00287639 -0.00104952 0.00385888 0.00241704 0.00408817 0.00663076 0.0217934 0.0254789 0.00122763 0.045038 -0.00774454 -0.0215595 -0.00344387 -0.0824862 -0.0333407 -0.153097 -0.00302218 0.0286814 -0.00810772 0.00196514 0.00473239 0.0205256 0.0298709 0.061299 0.0086494 -0.124754 0.108742 0.0910929 0.0607297
internal_weight=113873 17104 8361 7448 7347 7189 8743 2297 2263 6446 570 1165 925 713 212 125 87 5876 516 4712 2480 2427 1260 1085 404 146 53 101 258 1098
internal_count=113873 17104 8361 7448 7347 7189 8743 2297 2263 6446 570 1165 925 713 212 125 87 5876 516 4712 2480 2427 1260 1085 404 146 53 101 258 1098
is_linear=0
shrinkage=0.05


end of trees

feature_importances:
c_rate=2709
voltage=2691

parameters:
[boosting: gbdt]
[objective: regression]
[metric: rmse]
[tree_learner: serial]
[device_type: cpu]
[data_sample_strategy: bagging]
[data: ]
[valid: ]
[num_iterations: 500]
[learning_rate: 0.05]
[num_leaves: 31]
[num_threads: 0]
[seed: 42]
[deterministic: 0]
[force_col_wise: 0]
[force_row_wise: 0]
[histogram_pool_size: -1]
[max_depth: -1]
[min_data_in_leaf: 20]
[min_sum_hessian_in_leaf: 0.001]
[bagging_fraction: 0.8]
[pos_bagging_fraction: 1]
[neg_bagging_fraction: 1]
[bagging_freq: 5]
[bagging_seed: 400]
[bagging_by_query: 0]
[feature_fraction: 0.9]
[feature_fraction_bynode: 1]
[feature_fraction_seed: 30056]
[extra_trees: 0]
[extra_seed: 12879]
[early_stopping_round: 0]
[early_stopping_min_delta: 0]
[first_metric_only: 0]
[max_delta_step: 0]
[lambda_l1: 0]
[lambda_l2: 0]
[linear_lambda: 0]
[min_gain_to_split: 0]
[drop_rate: 0.1]
[max_drop: 50]
[skip_drop: 0.5]
[xgboost_dart_mode: 0]
[uniform_drop: 0]
[drop_seed: 17869]
[top_rate: 0.2]
[other_rate: 0.1]
[min_data_per_group: 100]
[max_cat_threshold: 32]
[cat_l2: 10]
[cat_smooth: 10]
[max_cat_to_onehot: 4]
[top_k: 20]
[monotone_constraints: ]
[monotone_constraints_method: basic]
[monotone_penalty: 0]
[feature_contri: ]
[forcedsplits_filename: ]
[refit_decay_rate: 0.9]
[cegb_tradeoff: 1]
[cegb_penalty_split: 0]
[cegb_penalty_feature_lazy: ]
[cegb_penalty_feature_coupled: ]
[path_smooth: 0]
[interaction_constraints: ]
[verbosity: -1]
[saved_feature_importance_type: 0]
[use_quantized_grad: 0]
[num_grad_quant_bins: 4]
[quant_train_renew_leaf: 0]
[stochastic_rounding: 1]
[linear_tree: 0]
[max_bin: 255]
[max_bin_by_feature: ]
[min_data_in_bin: 3]
[bin_construct_sample_cnt: 200000]
[data_random_seed: 175]
[is_enable_sparse: 1]
[enable_bundle: 1]
[use_missing: 1]
[zero_as_missing: 0]
[feature_pre_filter: 1]
[pre_partition: 0]
[two_round: 0]
[header: 0]
[label_column: ]
[weight_column: ]
[group_column: ]
[ignore_column: ]
[categorical_feature: ]
[forcedbins_filename: ]
[precise_float_parser: 0]
[parser_config_file: ]
[objective_seed: 16083]
[num_class: 1]
[is_unbalance: 0]
[scale_pos_weight: 1]
[sigmoid: 1]
[boost_from_average: 1]
[reg_sqrt: 0]
[alpha: 0.9]
[fair_c: 1]
[poisson_max_delta_step: 0.7]
[tweedie_variance_power: 1.5]
[lambdarank_truncation_level: 30]
[lambdarank_norm: 1]
[label_gain: ]
[lambdarank_position_bias_regularization: 0]
[eval_at: ]
[multi_error_top_k: 1]
[auc_mu_weights: ]
[num_machines: 1]
[local_listen_port: 12400]
[time_out: 120]
[machine_list_filename: ]
[machines: ]
[gpu_platform_id: -1]
[gpu_device_id: -1]
[gpu_use_dp: 0]
[num_gpu: 1]

end of parameters

pandas_categorical:[]
