tree
version=v4
num_class=1
num_tree_per_iteration=1
label_index=0
max_feature_idx=1
objective=regression
feature_names=voltage c_rate
feature_infos=[1.9640518711887227:4.2230744604560417] [-0.67813262469646896:1.009383422611559]
tree_sizes=2772 2886 2893 2867 2876 2882 2908 2896 2884 2878 2874 2876 2883 2862 2871 2898 2893 2889 2889 2887 2874 2895 2888 2877 2882 2896 2898 2906 2898 2906 2923 2908 2900 2900 2931 2902 2877 2877 2861 2922 2909 2929 2911 2921 2921 2948 2953 2936 2955 2952 2926 2942 2910 2950 2921 2908 2905 2896 2914 2865 2958 2922 2932 2914 2946 2912 2913 2883 2935 2927 2915 2959 2927 2934 2954 2850 2927 2879 2910 2899 2942 2928 2951 2870 2910 2865 2838 2842 2880 2904 2897 2874 2861 2900 2869 2896 2966 2897 2947 2908 2856 2885 2892 2893 2874 2895 2888 2889 2858 2858 2882 2877 2855 2878 2848 2868 2876 2910 2910 2892 2904 2875 2891 2889 2881 2857 2844 2887 2901 2899 2814 2822 2826 2843 2847 2852 2832 2840 2872 2842 2843 2819 2841 2882 2849 2935 2931 2902 2869 2927 2832 2830 2845 2867 2837 2896 2884 2831 2898 2844 2825 2835 2802 2758 2819 2863 2874 2836 2800 2814 2868 2882 2875 2864 2839 2878 2861 2812 2882

Tree=0
num_leaves=31
num_cat=0
split_feature=0 0 1 1 1 1 1 0 1 1 1 0 0 1 1 0 1 1 0 1 0 1 1 1 0 0 0 0 1 1
split_gain=3.27546e+06 2.54123e+06 1.83732e+06 1.39383e+06 669462 225114 719660 202993 128880 115403 93570.1 85852.3 68492.8 44418.5 23170 22756.9 15934.7 15011.4 12465.6 12332 11026.9 10150.4 9955.97 8263.71 7668.22 7264.39 6249.02 6228.61 18607.7 8741.48
threshold=4.2081656876842208 4.2029580716161297 0.49456154115686563 -0.66926218500895385 0.035526590940496004 -0.6616821142420839 0.82659308966095224 3.5367771867072357 0.50662256577213383 0.99518812659106171 0.74424765479753441 4.2075194183444795 4.2109709744446677 0.031197422311893905 0.034309320840942674 4.2101933799811828 -0.66335966830573134 -0.66476311403078769 4.2118347381042174 -0.0009042703902457 2.6743727390994265 0.95832438602939451 0.040214803383255775 0.64469578816960282 3.6723921289788319 4.0016850225900411 4.163209113926416 4.2091428143259337 0.74424765479753441 0.64469578816960282
decision_type=2 2 2 2 2 2 2 2 2 2 2 2 2 2 2 2 2 2 2 2 2 2 2 2 2 2 2 2 2 2
left_child=1 3 11 -1 14 16 7 19 15 21 23 13 27 -3 -2 -6 17 20 -16 -7 -5 -8 -17 -4 -9 -11 -23 29 -29 -10
right_child=4 2 10 5 8 6 9 24 12 25 -12 -13 -14 -15 18 22 -18 -19 -20 -21 -22 26 -24 -25 -26 -27 -28 28 -30 -31
leaf_value=67.266044850601261 66.62537371147161 66.850413722734842 67.926833329413853 67.343065190150682 68.298205097751236 68.220578537096884 68.666792845013362 67.415554165667515 67.968840937146339 68.421139142695836 68.343891052852953 67.979346858031562 67.183875361948154 67.245675305602077 68.344586281065261 68.510951844132023 68.344217188167988 68.468856592987507 67.078559045456686 67.861999072645176 68.24398124009906 68.536027610485888 68.365466547079166 68.062803047494427 67.237446307047051 67.625825203069937 68.350547326337008 68.258219587774391 67.452637093768374 68.18541814116206
leaf_weight=4029 583 734 2427 37 15750 771 1343 959 1426 31 3177 392 225 22468 29 1218 8144 6191 59 348 414 2420 34054 2071 1634 389 559 885 78 692
leaf_count=4029 583 734 2427 37 15750 771 1343 959 1426 31 3177 392 225 22468 29 1218 8144 6191 59 348 414 2420 34054 2071 1634 389 559 885 78 692
internal_value=68.0321 67.7718 67.4642 68.1246 68.3092 68.2734 68.0676 67.5462 68.3286 68.4758 68.1362 67.2456 68.026 67.2332 66.7395 68.3482 68.3911 68.4486 67.4958 68.1091 68.1701 68.5527 68.3705 67.9894 67.3033 67.6845 68.5012 68.0875 68.193 68.0396
internal_weight=113537 58538 31269 27269 54999 23240 8454 3712 54328 4742 7675 23594 3306 23202 671 51022 14786 6642 88 1119 451 4322 35272 4498 2593 420 2979 3081 963 2118
internal_count=113537 58538 31269 27269 54999 23240 8454 3712 54328 4742 7675 23594 3306 23202 671 51022 14786 6642 88 1119 451 4322 35272 4498 2593 420 2979 3081 963 2118
is_linear=0
shrinkage=1


Tree=1
num_leaves=31
num_cat=0
split_feature=0 0 1 1 1 1 1 0 1 1 1 0 0 1 1 0 1 1 1 0 0 1 1 1 1 0 0 0 0 0
split_gain=2.9561e+06 2.29346e+06 1.65818e+06 1.25793e+06 604190 203165 649493 183201 116314 104151 84447 77481.7 61814.7 40087.7 20910.9 20538.1 14496.3 12828.9 11324.4 11250.2 9951.79 9160.78 8985.26 7618.54 7457.99 6556.11 5852.11 5703.99 5639.74 5621.32
threshold=4.2081656876842208 4.2029580716161297 0.49456154115686563 -0.66926218500895385 0.035526590940496004 -0.6616821142420839 0.82659308966095224 3.5367771867072357 0.50662256577213383 0.99518812659106171 0.74424765479753441 4.2075194183444795 4.2109709744446677 0.031197422311893905 0.034309320840942674 4.2101933799811828 -0.66325312116481017 -0.66476311403078769 -0.0011725711818398666 4.2118347381042174 2.6743727390994265 0.95832438602939451 0.040214803383255775 -0.0022132866865079664 0.64469578816960282 4.0016850225900411 4.2064204226126582 4.2133169568797095 4.163209113926416 4.2091428143259337
decision_type=2 2 2 2 2 2 2 2 2 2 2 2 2 2 2 2 2 2 2 2 2 2 2 2 2 2 2 2 2 2
left_child=1 3 11 -1 14 16 7 18 15 21 24 13 29 -3 -2 -6 17 20 -7 -16 -5 -8 27 -9 -4 -11 -26 -17 -23 -10
right_child=4 2 10 5 8 6 9 23 12 25 -12 -13 -14 -15 19 22 -18 -19 -20 -21 -22 28 -24 -25 26 -27 -28 -29 -30 -31
leaf_value=-0.7291586490652644 -1.3377962472303859 -1.1240082557909497 -0.10140962148569509 -0.65598934018934107 0.25139356161941379 0.20632467491622225 0.60155194899468112 -0.32660922701679063 0.0057203890439835262 0.36818092888401405 0.29479521547412213 -0.051521771154170427 -0.80721968767378061 -0.74850973992430914 0.29545571228553513 0.48180586288764815 0.28919615434145085 0.40469959035058017 -0.11623465382609699 -0.90727021411313857 0.19988091703310862 0.47732494549317794 0.31529193637446173 -0.71375591135839478 0.24300755736601617 -0.3873673369921265 -0.0050583063096687015 0.039845371246337892 0.30111867020936262 0.15142014312556909
leaf_weight=4029 583 734 2427 37 15750 652 1343 134 2118 31 3177 392 225 22468 29 1140 7255 7080 467 59 414 2420 34054 2459 274 389 1797 78 559 963
leaf_count=4029 583 734 2427 37 15750 652 1343 134 2118 31 3177 392 225 22468 29 1140 7255 7080 467 59 414 2420 34054 2459 274 389 1797 78 559 963
internal_value=-0.00138381 -0.248681 -0.540945 0.0864536 0.261826 0.227852 0.0323414 -0.462998 0.280244 0.420089 0.0974511 -0.748611 -0.00716608 -0.760389 -1.22935 0.298867 0.339637 0.388229 0.0717088 -0.510917 0.129665 0.493137 0.320065 -0.693749 -0.0419357 -0.331601 0.0277616 0.453503 0.44426 0.0512604
internal_weight=113537 58538 31269 27269 54999 23240 8454 3712 54328 4742 7675 23594 3306 23202 671 51022 14786 7531 1119 88 451 4322 35272 2593 4498 420 2071 1218 2979 3081
internal_count=113537 58538 31269 27269 54999 23240 8454 3712 54328 4742 7675 23594 3306 23202 671 51022 14786 7531 1119 88 451 4322 35272 2593 4498 420 2071 1218 2979 3081
is_linear=0
shrinkage=0.05


Tree=2
num_leaves=31
num_cat=0
split_feature=0 0 1 1 1 1 1 0 1 1 1 0 0 1 1 0 1 1 0 1 1 0 1 1 1 0 0 1 1 1
split_gain=2.66788e+06 2.06985e+06 1.4965e+06 1.13529e+06 545281 183356 586168 165635 104973 93996.3 76213.4 69927.3 55787.8 36179.2 18872.1 18535.6 13217.4 11016.6 10153.3 9793.38 9201.98 9063.58 8267.6 8109.2 6730.84 5919.55 5714.36 5403.58 5341.71 5310.43
threshold=4.2081656876842208 4.2029580716161297 0.49456154115686563 -0.66926218500895385 0.035526590940496004 -0.6616821142420839 0.82659308966095224 3.5221603261481738 0.50662256577213383 0.99518812659106171 0.74424765479753441 4.2075194183444795 4.2109709744446677 0.031197422311893905 0.034309320840942674 4.2101933799811828 -0.66314670257716057 -0.66476311403078769 4.2118347381042174 -0.0009042703902457 -0.0022132866865079664 2.8775961260131271 0.95832438602939451 0.040214803383255775 0.64469578816960282 4.0844980415780485 3.6838237122462423 -0.66401739011758709 0.026335236696960137 0.23007167454345726
decision_type=2 2 2 2 2 2 2 2 2 2 2 2 2 2 2 2 2 2 2 2 2 2 2 2 2 2 2 2 2 2
left_child=1 3 11 -1 14 16 7 19 15 22 24 13 -10 28 -2 -6 17 21 -16 -7 -9 -5 -8 -17 -4 -11 -22 -19 -3 -13
right_child=4 2 10 5 8 6 9 20 12 25 -12 29 -14 -15 18 23 -18 27 -20 -21 26 -23 -24 -25 -26 -27 -28 -29 -30 -31
leaf_value=-0.69270072824814743 -1.2709063891481167 -1.2012301988036165 -0.096339132808007655 -0.45457960896320265 0.23882387893275611 0.18575527420317806 0.57147432872103232 -0.26811207937200232 0.048697405852950543 -0.073301141907142695 0.2800554550356335 -0.7540520610809327 -0.76685868416892156 -0.71108424612847398 0.28068291729894179 0.43082783049575019 0.26809206289697546 0.45525536228204316 -0.86190669253721086 -0.14143554062056399 -0.59455875074299536 0.21014113654477562 0.42204737285381544 0.29952733442889412 0.026373532408500339 -0.46079042606226361 -0.74623193393600484 0.35553514519998852 -0.93144504886028201 -0.00091391467877564706
leaf_weight=4029 583 371 2427 59 15750 740 1343 147 3081 158 3177 25 225 22468 29 1218 6340 1735 59 331 1168 392 2979 34054 2071 262 1326 6260 363 367
leaf_count=4029 583 371 2427 59 15750 740 1343 147 3081 158 3177 25 225 22468 29 1218 6340 1735 59 331 1168 392 2979 34054 2071 262 1326 6260 363 367
internal_value=-0.00131462 -0.236247 -0.513897 0.082131 0.248735 0.21646 0.0307243 -0.439848 0.266231 0.399085 0.0925786 -0.711181 -0.00680777 -0.722369 -1.16789 0.283923 0.322655 0.363613 -0.485371 0.0846347 -0.652541 0.123182 0.46848 0.304061 -0.0398389 -0.315021 -0.6752 0.377175 -1.06781 -0.0489457
internal_weight=113537 58538 31269 27269 54999 23240 8454 3712 54328 4742 7675 23594 3306 23202 671 51022 14786 8446 88 1071 2641 451 4322 35272 4498 420 2494 7995 734 392
internal_count=113537 58538 31269 27269 54999 23240 8454 3712 54328 4742 7675 23594 3306 23202 671 51022 14786 8446 88 1071 2641 451 4322 35272 4498 420 2494 7995 734 392
is_linear=0
shrinkage=0.05


Tree=3
num_leaves=31
num_cat=0
split_feature=0 0 1 1 1 1 1 0 1 1 1 0 0 1 0 1 1 1 1 0 0 1 1 0 0 1 1 0 0 0
split_gain=2.40778e+06 1.90356e+06 1.336e+06 1.0246e+06 490671 165479 529016 149491 105722 84831.7 65567 49605.8 35778 32651.7 17278.7 17032.1 12130.4 11471.1 9413.27 9163.37 8299.7 7461.51 7360.91 6363.89 5741.83 16793.4 9850 5703.71 5306.01 7524.09
threshold=4.2080529843511281 4.2029580716161297 0.49456154115686563 -0.66926218500895385 0.035526590940496004 -0.6616821142420839 0.82659308966095224 3.5367771867072357 0.50662256577213383 0.99518812659106171 0.74424765479753441 4.2109709744446677 4.2075194183444795 0.031197422311893905 4.2101662756017779 0.034309320840942674 -0.66341392248780628 -0.66476311403078769 -0.0011725711818398666 4.2118347381042174 2.6743727390994265 0.95832438602939451 0.040214803383255775 3.6723921289788319 4.2091428143259337 0.74424765479753441 0.64469578816960282 4.0016850225900411 3.7587056847616118 4.1881520144172528
decision_type=2 2 2 2 2 2 2 2 2 2 2 2 2 2 2 2 2 2 2 2 2 2 2 2 2 2 2 2 2 2
left_child=1 3 12 -1 15 16 7 18 14 21 -4 24 13 -3 -6 -2 17 20 -7 -17 -5 -8 -16 -9 26 -26 -10 -11 -25 -30
right_child=4 2 10 5 8 6 9 23 11 27 -12 -13 -14 -15 22 19 -18 -19 -20 -21 -22 -23 -24 28 25 -27 -28 -29 29 -31
leaf_value=-0.65806568947699984 -1.207361066729904 -1.0144174109362776 -0.035213740487183842 -0.600460890177134 0.22519007336718194 0.18789123749029052 0.54290062348155155 -0.52405300009238209 -0.073962229138561528 0.35343693417887534 0.26716235273025213 -0.72851573371887213 -0.11865558280109088 -0.67553002783809468 0.40924783849705187 0.26664876937866211 0.26805413045441923 0.37889726471406787 -0.10619382418101808 -0.81881129620438919 0.18114597150866971 0.40094500679155654 0.28422849000486555 -0.72816077868143725 0.20340144508807675 -0.56190189749766617 0.13800237777521135 -0.3512847834656968 0.065639786958694463 -0.60858613878488543
leaf_weight=4029 583 734 4200 37 15439 652 1343 959 1629 31 3128 225 281 22468 1219 29 8589 5746 467 59 414 2979 34485 1344 885 78 826 389 50 240
leaf_count=4029 583 734 4200 37 15439 652 1343 959 1629 31 3128 225 281 22468 1219 29 8589 5746 467 59 414 2979 34485 1344 885 78 826 389 50 240
internal_value=-0.00124888 -0.226245 -0.495536 0.0780244 0.234389 0.205637 0.0291881 -0.417856 0.250848 0.379131 0.0938573 -0.00939572 -0.679459 -0.686251 0.269386 -1.10949 0.306522 0.359839 0.0651587 -0.461103 0.117023 0.445056 0.288497 -0.626299 0.0379425 0.141414 -0.00264542 -0.29927 -0.686308 -0.49234
internal_weight=113537 58080 30811 27269 55457 23240 8454 3712 54786 4742 7328 3643 23483 23202 51143 671 14786 6197 1119 88 451 4322 35704 2593 3418 963 2455 420 1634 290
internal_count=113537 58080 30811 27269 55457 23240 8454 3712 54786 4742 7328 3643 23483 23202 51143 671 14786 6197 1119 88 451 4322 35704 2593 3418 963 2455 420 1634 290
is_linear=0
shrinkage=0.05


Tree=4
num_leaves=31
num_cat=0
split_feature=0 0 1 1 1 1 1 0 1 1 1 0 0 1 1 0 1 1 0 1 1 0 1 1 1 0 0 0 0 0
split_gain=2.1735e+06 1.68619e+06 1.21858e+06 924697 444153 149345 477437 135322 85348.3 76560.6 62197.2 56720.2 45478.7 29468.2 15371.4 15150.4 11060.9 8798.05 8269.94 8144.18 7995.48 7557.28 6734.02 6665.58 6026.34 5313.82 5174.32 5169.19 5147.6 5089.87
threshold=4.2081656876842208 4.2029580716161297 0.49456154115686563 -0.66926218500895385 0.035526590940496004 -0.6616821142420839 0.82659308966095224 3.5221603261481738 0.50662256577213383 0.99518812659106171 0.74424765479753441 4.2075194183444795 4.2111802113758516 0.031197422311893905 0.034309320840942674 4.210111579666008 -0.66309224619090923 -0.66476311403078769 4.2118347381042174 -0.0009042703902457 -0.0022132866865079664 2.8775961260131271 0.95832438602939451 0.040214803383255775 0.64469578816960282 4.2062499956048134 4.20630787515175 4.2116258040956565 4.0016850225900411 4.163209113926416
decision_type=2 2 2 2 2 2 2 2 2 2 2 2 2 2 2 2 2 2 2 2 2 2 2 2 2 2 2 2 2 2
left_child=1 3 11 -1 14 16 7 19 15 22 24 13 -10 -3 -2 -6 17 21 -16 -7 -9 -5 -8 27 -4 -26 -12 -17 -11 -24
right_child=4 2 10 5 8 6 9 20 12 28 26 -13 -14 -15 18 23 -18 -19 -20 -21 -22 -23 29 -25 25 -27 -28 -29 -30 -31
leaf_value=-0.62516240163487335 -1.1469931007045007 -0.96369654407942973 -0.089653080983028322 -0.41639991675393057 0.21290494391221687 0.1693183237933428 0.51575559465601561 -0.23086878184964058 0.042646313246499701 0.3357650676081258 0.31924982455062861 -0.04543383666634921 -0.71435630282141138 -0.64175352364094085 0.25331630871213717 0.49445343759862709 0.23798898466093552 0.33782520473166894 -0.77787072537309043 -0.12905406196041769 -0.61033196590882643 0.19057678943024758 0.41230908218078499 0.26941094701380169 0.28764546206325631 0.0019006592751669067 0.19152471250958666 0.28859194875236543 -0.33372053668994678 0.24491312355136297
leaf_weight=4029 583 734 2427 59 14449 740 1343 147 3094 31 1524 392 212 22468 29 591 5882 8453 59 331 2494 392 2420 35352 178 1893 1653 630 389 559
leaf_count=4029 583 734 2427 59 14449 740 1343 147 3094 31 1524 392 212 22468 29 591 5882 8453 59 331 2494 392 2420 35352 178 1893 1653 630 389 559
internal_value=-0.00118644 -0.213237 -0.463838 0.0741232 0.224509 0.195355 0.0277287 -0.396963 0.2403 0.360174 0.0834316 -0.641862 -0.00589711 -0.651938 -1.05402 0.256252 0.291196 0.326345 -0.438048 0.0771043 -0.589211 0.111172 0.422803 0.273378 -0.0361915 0.0264601 0.252794 0.388235 -0.284306 0.380898
internal_weight=113537 58538 31269 27269 54999 23240 8454 3712 54328 4742 7675 23594 3306 23202 671 51022 14786 8904 88 1071 2641 451 4322 36573 4498 2071 3177 1221 420 2979
internal_count=113537 58538 31269 27269 54999 23240 8454 3712 54328 4742 7675 23594 3306 23202 671 51022 14786 8904 88 1071 2641 451 4322 36573 4498 2071 3177 1221 420 2979
is_linear=0
shrinkage=0.05


Tree=5
num_leaves=31
num_cat=0
split_feature=0 0 1 1 1 1 1 0 1 1 1 0 0 1 1 0 1 1 1 1 1 0 0 1 0 0 1 1 0 0
split_gain=1.9355e+06 1.56426e+06 1.10022e+06 841310 401465 134020 399131 145408 92379 62162.9 53410.1 40548.2 31048.3 26015.9 18570.7 15694.9 10654 8728.26 8656.71 7585.24 6669.02 7895.75 6595.37 6192.48 6037.93 5533.6 14596.3 8697.74 5488.73 5475.67
threshold=4.2080529843511281 4.2029580716161297 0.49456154115686563 -0.66926218500895385 0.035526590940496004 -0.662047967150724 0.82659308966095224 3.5517692714646878 0.50662256577213383 0.99518812659106171 0.74424765479753441 4.2111466556857016 4.2074246467047258 0.031197422311893905 -0.0022132866865079664 4.2101381887050549 -0.0011725711818398666 0.35835823550598178 -0.66335966830573134 -0.66476311403078769 0.040214803383255775 4.2137218946976223 4.0844980415780485 0.95832438602939451 2.8775961260131271 4.2092521302304364 0.74424765479753441 0.67611158993753573 4.163209113926416 3.4119034434975446
decision_type=2 2 2 2 2 2 2 2 2 2 2 2 2 2 2 2 2 2 2 2 2 2 2 2 2 2 2 2 2 2
left_child=1 3 12 -1 -2 18 7 16 15 23 -4 25 13 -3 -9 -6 -7 -14 19 24 21 -17 -11 -8 -5 27 -27 -10 -25 -18
right_child=4 2 10 5 8 6 9 14 11 22 -12 -13 17 -15 -16 20 29 -19 -20 -21 -22 -23 -24 28 -26 26 -28 -29 -30 -31
leaf_value=-0.59347495475342038 -1.0314999409819421 -0.91436061607303287 -0.030558313446858179 -0.38326315077451562 0.19950541226329918 0.15297803521530251 0.49065509617009184 -0.09753337489212599 -0.061352913700509819 0.0067283406075608889 0.24111700265742675 -0.67267573534905378 -0.67043722446148213 -0.61085090709928691 -0.58556899617279867 0.40009025419195154 0.030272858072253651 -0.028773508715453051 0.24655981119939369 0.3383364594021982 0.25639412187100225 -0.31440321564674378 -0.40725628365346084 0.39610032524076322 0.19101948576603886 0.20434642659591767 -0.51418694051412439 0.15598081444292003 0.226743680321699 -0.29846992958414359
leaf_weight=4038 643 729 4193 52 14981 1056 1376 212 2000 158 3182 222 65 22425 2420 1160 267 287 7631 6287 34927 40 246 2425 382 753 78 598 596 241
leaf_count=4038 643 729 4193 52 14981 1056 1376 212 2000 158 3182 222 65 22425 2420 1160 267 287 7631 6287 34927 40 246 2425 382 753 78 598 596 241
internal_value=-0.00099971 -0.202183 -0.446152 0.0729124 0.210591 0.188158 0.0368617 -0.319366 0.225176 0.348199 0.0866581 -0.0178025 -0.613322 -0.620407 -0.546259 0.242533 0.0624657 -0.147263 0.283003 0.32438 0.260376 0.376274 -0.245351 0.402735 0.122211 0.0245952 0.136903 -0.0113277 0.362689 -0.125686
internal_weight=113670 58268 30881 27387 55402 23349 8997 4196 54759 4801 7375 3651 23506 23154 2632 51108 1564 352 14352 6721 36127 1200 404 4397 434 3429 831 2598 3021 508
internal_count=113670 58268 30881 27387 55402 23349 8997 4196 54759 4801 7375 3651 23506 23154 2632 51108 1564 352 14352 6721 36127 1200 404 4397 434 3429 831 2598 3021 508
is_linear=0
shrinkage=0.05


Tree=6
num_leaves=31
num_cat=0
split_feature=0 0 1 1 1 1 1 0 1 0 1 1 0 1 1 0 1 1 1 1 1 1 1 0 1 0 1 0 0 1
split_gain=1.74698e+06 1.36246e+06 1.00996e+06 759282 364322 121013 329316 148747 69249.9 68718.8 56102 52598.8 37362.7 31627.3 23990.1 13456.5 10729.8 9573.16 6759.64 6740.18 7583.68 6686.52 6370.32 7305.35 6321.9 5952.32 5588.72 5538.18 5515.17 5937.9
threshold=4.2082787309598624 4.2029580716161297 0.49456154115686563 -0.66926218500895385 0.035526590940496004 -0.66223408215259416 0.82659308966095224 3.5517692714646878 0.50662256577213383 4.2074246467047258 0.99518812659106171 0.76175444319795671 4.2111466556857016 -0.6616821142420839 0.026335236696960137 4.2104170799192291 -0.0011725711818398666 0.23007167454345726 0.048138544056856865 -0.66352079279499898 -0.66476311403078769 0.032382400643702312 0.040214803383255775 4.2137218946976223 0.66046176821179381 4.0844980415780485 0.95832438602939451 4.2046791003581641 4.2095747613513685 0.21968849704797191
decision_type=2 2 2 2 2 2 2 2 2 2 2 2 2 2 2 2 2 2 2 2 2 2 2 2 2 2 2 2 2 2
left_child=1 3 9 -1 -2 19 7 16 15 14 26 24 -10 -9 27 18 -7 -11 -6 20 -5 -16 23 -17 -4 -12 -8 -3 29 -20
right_child=4 2 11 5 8 6 10 13 12 17 25 -13 -14 -15 21 22 -18 -19 28 -21 -22 -23 -24 -25 -26 -27 -28 -29 -30 -31
leaf_value=-0.56380122382195652 -0.97992494784840167 -0.73039288927418322 -0.070025954114118077 0.11610086530721682 0.075349508644749652 0.14868322611172824 0.46612235383931983 0.15657468381300138 0.034685909408295079 -0.6274882634480794 0.0063919393339819169 0.2447778170012915 -0.63904193269239895 -0.54204783930415457 -0.72351498586290031 0.38884103496931005 -0.11940153561327167 0.024400280626655581 0.11301864009099338 0.24495253599649863 0.33412460430836316 -0.57775384853938128 0.24673107628742086 -0.29868303894996645 0.042194898767220962 -0.38689345770735084 0.34455424948629071 -1.1387450508805304 0.22760045754795089 0.20690844921532939
leaf_weight=4038 643 129 2954 434 1061 1407 1376 173 2817 63 158 2874 222 2548 816 1134 508 531 2725 8553 4925 21976 30585 40 2182 246 3021 233 10890 4408
leaf_count=4038 643 129 2954 434 1061 1407 1376 173 2817 63 158 2874 222 2548 816 1134 508 531 2725 8553 4925 21976 30585 40 2182 246 3021 233 10890 4408
internal_value=-0.000949721 -0.189154 -0.412007 0.0692668 0.203202 0.17875 0.0405434 -0.260032 0.21732 -0.575763 0.330789 0.0734961 -0.0145301 -0.49763 -0.589387 0.231179 0.0775673 -0.0447394 0.197995 0.272501 0.316468 -0.582972 0.251118 0.365416 -0.0223496 -0.233084 0.382598 -0.993227 0.205215 0.17104
internal_weight=113670 59145 31758 27387 54525 23349 9437 4636 53882 23748 4801 8010 3039 2721 23154 50843 1915 594 19084 13912 5359 22792 31759 1174 5136 404 4397 362 18023 7133
internal_count=113670 59145 31758 27387 54525 23349 9437 4636 53882 23748 4801 8010 3039 2721 23154 50843 1915 594 19084 13912 5359 22792 31759 1174 5136 404 4397 362 18023 7133
is_linear=0
shrinkage=0.05


Tree=7
num_leaves=31
num_cat=0
split_feature=0 0 1 1 1 1 1 0 1 0 1 1 0 1 1 0 1 1 1 1 1 1 1 0 1 0 1 0 0 0
split_gain=1.57665e+06 1.22962e+06 911487 685252 328800 109214 297208 134510 62498.1 62018.8 50632.1 47470.4 33719.8 33628.3 21651.1 12144.5 8639.78 7005.14 6146.31 7136.76 6102.19 6056.45 5749.21 6593.07 5705.51 5449.24 5416.06 13718.1 5371.97 5165.13
threshold=4.2082787309598624 4.2029580716161297 0.49456154115686563 -0.66926218500895385 0.035526590940496004 -0.66223408215259416 0.82659308966095224 3.5221603261481738 0.50662256577213383 4.2074246467047258 0.99518812659106171 0.76175444319795671 4.2111466556857016 -0.0022132866865079664 0.026335236696960137 4.2104170799192291 0.23007167454345726 -0.0009042703902457 -0.6635774510576854 -0.66476311403078769 0.04882569966417271 0.033103883688665743 0.040214803383255775 4.2137218946976223 0.66046176821179381 2.8775961260131271 0.033651016964345741 4.2121755439463309 4.0844980415780485 4.2066285382127502
decision_type=2 2 2 2 2 2 2 2 2 2 2 2 2 2 2 2 2 2 2 2 2 2 2 2 2 2 2 2 2 2
left_child=1 3 9 -1 26 18 7 17 15 14 -8 24 -10 -9 -3 20 -11 -7 19 25 -6 -16 23 -17 -4 -5 -2 -28 -12 -26
right_child=4 2 11 5 8 6 10 13 12 16 28 -13 -14 -15 21 22 -18 -19 -20 -21 -22 -23 -24 -25 29 -27 27 -29 -30 -31
leaf_value=-0.53561114707519775 -0.99022457811663678 -0.94356594191071741 -0.066524648054653607 -0.36990503496848626 0.072086665967357494 0.13975897964145081 0.36346795349459177 -0.0032407961137571628 0.032951606535770984 -0.5961138414958167 0.006072342497166954 0.23253892864098691 -0.60708983776805647 -0.52531343988754453 -0.66019310616428339 0.36939896485674639 0.023180273727368278 -0.11411794153248478 0.23433511599070359 0.32265733402193258 0.19498629845484466 -0.54757841476130253 0.23439452882787465 -0.28374888062477116 0.17308417273995211 0.17566348448473745 0.34727179663521901 -0.97964088171720509 -0.36754877974347372 -0.0044105403397562675
leaf_weight=4038 551 362 2954 52 1070 1457 4397 352 2817 63 158 2874 222 2493 1264 1134 531 334 9003 4475 18014 21528 30585 40 547 382 28 64 246 1635
leaf_count=4038 551 362 2954 52 1070 1457 4397 352 2817 63 158 2874 222 2493 1264 1134 531 334 9003 4475 18014 21528 30585 40 547 382 28 64 246 1635
internal_value=-0.000902239 -0.179696 -0.391407 0.0658034 0.193041 0.169813 0.0385162 -0.247031 0.206454 -0.546975 0.314249 0.0698213 -0.0138036 -0.46072 -0.559917 0.21962 -0.0425024 0.092414 0.258876 0.303883 0.188096 -0.553824 0.238562 0.347145 -0.0212321 0.110296 -0.930929 -0.575798 -0.22143 0.0400852
internal_weight=113670 59145 31758 27387 54525 23349 9437 4636 53882 23748 4801 8010 3039 2845 23154 50843 594 1791 13912 4909 19084 22792 31759 1174 5136 434 643 92 404 2182
internal_count=113670 59145 31758 27387 54525 23349 9437 4636 53882 23748 4801 8010 3039 2845 23154 50843 594 1791 13912 4909 19084 22792 31759 1174 5136 434 643 92 404 2182
is_linear=0
shrinkage=0.05


Tree=8
num_leaves=31
num_cat=0
split_feature=0 0 1 1 1 1 1 0 1 1 0 1 0 1 0 1 1 0 1 0 1 1 1 0 1 0 0 1 1 0
split_gain=1.42346e+06 1.09072e+06 819958 618440 297585 98676.3 293628 107273 59705.5 56221.4 53876.1 45695.5 26389.6 19935.2 15132.8 13889.6 10005.1 9837.7 8762.52 7053.75 6901.3 5990.03 5676.42 5782.65 5409.55 5138.97 5132.3 5077.03 5063.88 5314.01
threshold=4.2083814024886363 4.2029580716161297 0.45112986590810861 -0.66926218500895385 0.035526590940496004 -0.662047967150724 0.82659308966095224 3.5668801272128876 0.72537656303778963 0.76175444319795671 4.2078315369189232 0.99518812659106171 4.2092521302304364 0.026335236696960137 4.2055386281573091 -0.6616821142420839 0.50662256577213383 4.2096908238533937 -0.0011725711818398666 4.2066285382127502 -0.66314670257716057 0.67611158993753573 0.040214803383255775 4.2137218946976223 0.032382400643702312 3.4119034434975446 4.2047591896279792 -0.66476311403078769 0.94133524972883265 4.163209113926416
decision_type=2 2 2 2 2 2 2 2 2 2 2 2 2 2 2 2 2 2 2 2 2 2 2 2 2 2 2 2 2 2
left_child=1 3 10 -1 -2 20 7 18 14 12 13 28 16 26 -4 -9 -6 -11 -7 -10 27 -18 23 -14 -15 -20 -3 -5 -8 -30
right_child=4 2 8 5 9 6 11 15 19 17 -12 -13 22 24 -16 -17 21 -19 25 -21 -22 -23 -24 -25 -26 -27 -28 -29 29 -31
leaf_value=-0.5088305921292412 -0.88438224495847706 -0.65647512639270111 -0.4539355881634306 0.10478101750226339 0.14301915250818609 0.12698650854373 0.44188048801633645 0.17388339386088775 0.25281488079076697 -0.00068577365474958049 0.088540943225492164 -0.21035815344300435 0.34186804606827492 -0.65432959047018313 -0.0509121687292498 -0.49541985447755565 -0.045120962705417378 -0.57824936506891611 0.036821955520562021 0.11291334602598942 0.2007858049625445 0.2069843162434884 0.21151835793340765 -0.26956144928932191 -0.52318480465232364 -0.27113189015876166 -1.0439407002407572 0.28032269992045306 0.34887390695753923 0.1970657620684865
leaf_weight=4038 643 136 244 434 4117 1079 1037 80 2086 102 353 404 1163 816 5127 2495 1383 266 267 1586 5830 284 46089 40 21618 275 230 8088 2621 739
leaf_count=4038 643 136 244 434 4117 1079 1037 80 2086 102 353 404 1163 816 5127 2495 1383 266 267 1586 5830 284 46089 40 21618 275 230 8088 2621 739
internal_value=-0.000857125 -0.169437 -0.366741 0.0625133 0.184853 0.161322 0.0314996 -0.27404 0.0370082 0.197717 -0.524436 0.298537 0.201987 -0.533927 -0.0692212 -0.474626 0.101174 -0.418164 0.0445951 0.192389 0.242705 -0.00217081 0.214317 0.321538 -0.527955 -0.119428 -0.899964 0.271383 0.345295 0.315485
internal_weight=113670 59583 32196 27387 54087 23349 8997 4196 9043 53444 23153 4801 53076 22800 5371 2575 5784 368 1621 3672 14352 1667 47292 1203 22434 542 366 8522 4397 3360
internal_count=113670 59583 32196 27387 54087 23349 8997 4196 9043 53444 23153 4801 53076 22800 5371 2575 5784 368 1621 3672 14352 1667 47292 1203 22434 542 366 8522 4397 3360
is_linear=0
shrinkage=0.05


Tree=9
num_leaves=31
num_cat=0
split_feature=0 0 1 1 1 1 1 0 1 1 0 1 1 0 1 0 1 0 0 1 0 1 1 1 1 0 1 0 1 0
split_gain=1.28468e+06 984377 740012 558142 268571 89166.1 242350 110078 53884.2 50739.8 48623.1 41240.1 30143.9 23816.6 17991.5 13657.3 9029.6 8878.52 6366.74 5406 5389.28 6805.59 5280.83 5892.68 5088.73 4917.94 4888 12380.6 4882.12 4848.2
threshold=4.2083814024886363 4.2029580716161297 0.45112986590810861 -0.66926218500895385 0.035526590940496004 -0.66223408215259416 0.82659308966095224 3.5079858025000532 0.72537656303778963 0.76175444319795671 4.2078315369189232 0.99518812659106171 -0.0022132866865079664 4.2092521302304364 0.026335236696960137 4.2055386281573091 0.50662256577213383 4.2096908238533937 4.20630787515175 0.67611158993753573 4.2104170799192291 0.04882569966417271 -0.6635774510576854 -0.66476311403078769 0.05671957106282801 2.8775961260131271 0.033651016964345741 4.2121755439463309 0.032382400643702312 4.0844980415780485
decision_type=2 2 2 2 2 2 2 2 2 2 2 2 2 2 2 2 2 2 2 2 2 2 2 2 2 2 2 2 2 2
left_child=1 3 10 -1 26 22 7 -7 15 13 14 -8 -9 16 -3 -4 -6 -11 -10 -18 21 -15 23 25 -23 -5 -2 -28 -16 -13
right_child=4 2 8 5 9 6 11 12 18 17 -12 29 -14 20 28 -17 19 -19 -20 -21 -22 24 -24 -25 -26 -27 27 -29 -30 -31
leaf_value=-0.48338908190299756 -0.89649422380755484 -0.85496617738015024 -0.43123880710574936 -0.356648841385658 0.13586819274693715 0.092541789939207156 0.32802982785596457 0.0058701093716235636 0.25541229318849323 -0.00065149256192586005 0.084113896474579924 0.016286608172415559 -0.47339107225821775 0.057729772389387694 -0.62161312442199856 -0.048366557996936607 -0.042864907505994081 -0.54933690690904635 0.12309872944248446 0.19663509545900243 0.21536744070690428 0.33060620666588125 0.21098311890029831 0.29250832510502311 0.18221524919158449 0.1616412539600702 0.37412733350481309 -0.88643972128629689 -0.49702556739862919 -0.33865345861853624
leaf_weight=4038 551 366 244 52 4117 1730 4397 377 1656 102 353 158 2529 1070 816 5127 1383 266 2016 284 31826 603 9003 4475 13793 382 28 64 21618 246
leaf_count=4038 551 366 244 52 4117 1730 4397 377 1656 102 353 158 2529 1070 816 5127 1383 266 2016 284 31826 603 9003 4475 13793 382 28 64 21618 246
internal_value=-0.000814272 -0.160965 -0.348404 0.0593876 0.17561 0.153256 0.0346207 -0.22323 0.0351578 0.187831 -0.498215 0.28361 -0.411216 0.191888 -0.50723 -0.0657601 0.0961154 -0.397256 0.18277 -0.00206227 0.203601 0.179388 0.23373 0.275448 0.188431 0.099542 -0.840163 -0.502789 -0.501557 -0.19984
internal_weight=113670 59583 32196 27387 54087 23349 9437 4636 9043 53444 23153 4801 2906 53076 22800 5371 5784 368 3672 1667 47292 15466 13912 4909 14396 434 643 92 22434 404
internal_count=113670 59583 32196 27387 54087 23349 9437 4636 9043 53444 23153 4801 2906 53076 22800 5371 5784 368 3672 1667 47292 15466 13912 4909 14396 434 643 92 22434 404
is_linear=0
shrinkage=0.05


Tree=10
num_leaves=31
num_cat=0
split_feature=0 0 1 1 1 1 1 0 1 1 1 0 1 0 1 0 1 1 1 0 0 0 1 0 1 1 1 0 0 0
split_gain=1.17815e+06 908806 662852 501296 236081 76774.8 218489 98956.6 57053.1 39192.2 32594.5 23808.5 22268.2 17455 15509.1 8875.05 6524.92 6521.85 6247.64 6073.39 5986.21 5441.34 5308.06 5932.44 5211.13 5171.5 5135.37 5015.18 6369.35 6080.21
threshold=4.2080529843511281 4.2029580716161297 0.49456154115686563 -0.66926218500895385 0.034309320840942674 -0.66223408215259416 0.82659308966095224 3.5221603261481738 0.50662256577213383 0.99518812659106171 0.72537656303778963 4.2111466556857016 -0.6616821142420839 4.2073187007920287 0.026335236696960137 4.2096520377771407 0.15518290890557315 0.035526590940496004 0.35835823550598178 4.2064204226126582 4.2118347381042174 4.0511569599221975 0.040214803383255775 4.2137218946976223 -0.0011725711818398666 -0.66309224619090923 -0.66476311403078769 3.6723921289788319 3.7587056847616118 4.1881520144172528
decision_type=2 2 2 2 2 2 2 2 2 2 2 2 2 2 2 2 2 2 2 2 2 2 2 2 2 2 2 2 2 2
left_child=1 3 13 -1 -2 25 7 24 15 -8 -4 -10 -9 14 -3 16 -6 20 -15 -12 -17 -11 23 -19 -7 26 -5 -14 -29 -30
right_child=4 2 10 5 8 6 9 12 11 21 19 -13 27 18 -16 17 -18 22 -20 -21 -22 -23 -24 -25 -26 -27 -28 28 29 -31
leaf_value=-0.45856607045446129 -0.85290257119117907 -0.81036418700286517 -0.033228802793080381 0.075986090295888473 0.067496762273627151 0.12859828831201633 0.31324818256508996 0.11094540748745203 0.017023266975993139 0.14370206619563858 0.2397365433355744 -0.52170719734025661 -0.34775749518341892 -0.52639581397339541 -0.47449288371726461 0.35207181141294286 0.16825245934559485 0.32420799170550318 -0.05994431846419021 0.10952999534775321 -0.52774553956656622 -0.28573393863258939 0.19586237349933064 -0.22661558787027994 -0.069924759974025863 0.17617188700506681 0.24875727569958103 -0.53776437577259129 0.21945024156570436 -0.38317418970486533
leaf_weight=4074 564 349 3911 453 2197 1329 4363 200 3461 95 1816 218 993 91 22641 29 5982 1177 340 1767 58 330 41799 51 440 4908 8508 1326 50 257
leaf_count=4074 564 349 3911 453 2197 1329 4363 200 3461 95 1816 218 993 91 22641 29 5982 1177 340 1767 58 330 41799 51 440 4908 8508 1326 50 257
internal_value=8.83555e-05 -0.157026 -0.342719 0.0530554 0.164855 0.142697 0.0322379 -0.214053 0.175297 0.268601 0.066579 -0.0148993 -0.397634 -0.473681 -0.479592 0.188939 0.141188 0.197998 -0.158429 0.175524 -0.234473 -0.189742 0.198872 0.301332 0.07922 0.217427 0.240023 -0.436368 -0.49025 -0.285027
internal_weight=113777 58241 30915 27326 55536 23252 9383 4595 54972 4788 7494 3679 2826 23421 22990 51293 8179 43114 431 3583 87 425 43027 1228 1769 13869 8961 2626 1633 307
internal_count=113777 58241 30915 27326 55536 23252 9383 4595 54972 4788 7494 3679 2826 23421 22990 51293 8179 43114 431 3583 87 425 43027 1228 1769 13869 8961 2626 1633 307
is_linear=0
shrinkage=0.05


Tree=11
num_leaves=31
num_cat=0
split_feature=0 0 1 1 1 1 1 0 1 1 1 0 1 1 0 0 1 1 0 1 0 0 1 0 1 1 0 0 1 1
split_gain=1.06328e+06 820198 598224 452420 213063 69289.3 197186 89308.4 51490.4 35371 29566.2 21487.1 20097 15839.4 16759.5 8009.73 6001.85 5885.97 5606.4 8039.78 5402.55 4910.81 4790.53 5354.03 4747.57 4703.04 4526.2 5748.34 5550.47 4381.86
threshold=4.2080529843511281 4.2029580716161297 0.49456154115686563 -0.66926218500895385 0.034309320840942674 -0.66223408215259416 0.82659308966095224 3.5221603261481738 0.50662256577213383 0.99518812659106171 0.78217850835714009 4.2111466556857016 -0.6616821142420839 0.031197422311893905 4.2073187007920287 4.2096520377771407 0.21968849704797191 0.035526590940496004 4.2064204226126582 0.51724704080845141 4.2118347381042174 4.0511569599221975 0.040214803383255775 4.2137218946976223 -0.66274421679704876 -0.0011725711818398666 3.6723921289788319 3.7587056847616118 1.0000000180025095e-35 0.46250386419151496
decision_type=2 2 2 2 2 2 2 2 2 2 2 2 2 2 2 2 2 2 2 2 2 2 2 2 2 2 2 2 2 2
left_child=1 3 13 -1 -2 24 7 25 15 -8 18 -10 -9 -3 -15 16 -6 20 19 -4 -17 -11 23 -19 -5 -7 -14 -28 -29 -16
right_child=4 2 10 5 8 6 9 12 11 21 -12 -13 26 14 29 17 -18 22 -20 -21 -22 -23 -24 -25 -26 -27 27 28 -30 -31
leaf_value=-0.43563774694516255 -0.81025742782768639 -0.68088054036100709 -0.61418943149702887 0.21937121561074091 0.080009829569282764 0.12216837637498151 0.29758577216753862 0.1053981355498545 0.016172102759097109 0.13651696958039936 0.2060533415208976 -0.49562182948676825 -0.33036962661063085 -0.44858010442134938 -0.25835855332917945 0.3344682233086948 0.16802680660287342 0.30799758762893481 -0.027088002920868711 0.16307212893085149 -0.50135821145156345 -0.27144723724235192 0.18606925727145143 -0.21528479351716887 0.1397768873944078 -0.066428518225013916 -0.51087614907398482 -0.092196206185552812 -0.52388010057877377 0.072800453459741149
leaf_weight=4074 564 720 35 11636 3150 1329 4363 200 3461 95 2443 218 993 22280 258 29 5029 1177 4343 673 58 330 41799 51 2233 440 1326 180 127 163
leaf_count=4074 564 720 35 11636 3150 1329 4363 200 3461 95 2443 218 993 22280 258 29 5029 1177 4343 673 58 330 41799 51 2233 440 1326 180 127 163
internal_value=8.39409e-05 -0.149175 -0.325583 0.0504026 0.156613 0.135562 0.030626 -0.20335 0.166533 0.255171 0.0632501 -0.0141544 -0.377752 -0.449997 -0.442675 0.179492 0.134129 0.188098 -0.0058191 0.124648 -0.222749 -0.180255 0.188929 0.286265 0.206556 0.075259 -0.414549 -0.465738 -0.270776 -0.130143
internal_weight=113777 58241 30915 27326 55536 23252 9383 4595 54972 4788 7494 3679 2826 23421 22701 51293 8179 43114 5051 708 87 425 43027 1228 13869 1769 2626 1633 307 421
internal_count=113777 58241 30915 27326 55536 23252 9383 4595 54972 4788 7494 3679 2826 23421 22701 51293 8179 43114 5051 708 87 425 43027 1228 13869 1769 2626 1633 307 421
is_linear=0
shrinkage=0.05


Tree=12
num_leaves=31
num_cat=0
split_feature=0 0 1 1 1 1 1 0 0 1 1 1 0 1 1 0 1 0 1 1 1 1 0 1 1 0 0 1 1 0
split_gain=960012 713764 545846 408309 193322 62533.6 177961 80600.8 38819.8 37086.3 31922.3 29475.4 19559.1 18137.6 14218.5 9108.33 8019.24 5898.52 5752.77 5682.64 5237.92 5225.32 4875.8 4709.16 4619.49 4832.01 4562.85 4487.5 5771.51 4468.84
threshold=4.2082787309598624 4.2029580716161297 0.49456154115686563 -0.66926218500895385 0.034309320840942674 -0.66223408215259416 0.82659308966095224 3.5221603261481738 4.2078315369189232 0.76175444319795671 0.99518812659106171 0.76175444319795671 4.2092521302304364 -0.6616821142420839 0.026335236696960137 4.2094031629545396 0.50662256577213383 4.2072102313008761 0.45112986590810861 0.67611158993753573 0.72537656303778963 0.035526590940496004 4.2118347381042174 0.66046176821179381 0.040214803383255775 4.2137218946976223 4.2062499956048134 -0.66352079279499898 -0.66476311403078769 2.8775961260131271
decision_type=2 2 2 2 2 2 2 2 2 2 2 2 2 2 2 2 2 2 2 2 2 2 2 2 2 2 2 2 2 2
left_child=1 3 8 -1 -2 27 7 -7 14 12 -8 23 16 -9 -3 -11 -6 -16 -19 -18 21 22 -14 -4 25 -23 -25 28 29 -5
right_child=4 2 11 5 9 6 10 13 -10 15 -12 -13 20 -15 17 -17 19 18 -20 -21 -22 24 -24 26 -26 -27 -28 -29 -30 -31
leaf_value=-0.41385586976887967 -0.76974455549361864 -0.7424326827267087 -0.059336442195163243 -0.34861077162726173 0.11832474579804458 0.071496077087346399 0.28270648196745179 0.10012822829792277 0.080594130648822385 0.058042960057217576 -0.17124246518050923 0.17944424239982162 0.3177448100057142 -0.39382199846046378 -0.42847961596062129 -0.47745527517197384 -0.044931916335642946 -0.41316927290090955 -0.0082491776984499176 0.18604965011510896 -0.56331636955340703 0.29259770879096264 -0.47629030984023529 0.22819444116327789 0.17369475518221855 -0.20452057520548503 0.0097680633760891949 0.17361380504524254 0.24772527447914233 0.12139565368689881
leaf_weight=4074 564 359 3015 58 4266 1769 4363 200 378 111 425 2930 29 2626 22576 279 1562 186 166 321 24 1177 58 273 46201 51 1925 8497 4919 395
leaf_count=4074 564 359 3015 58 4266 1769 4363 200 378 111 425 2930 29 2626 22576 279 1562 186 166 321 24 1177 58 273 46201 51 1925 8497 4919 395
internal_value=7.97399e-05 -0.139535 -0.300543 0.0478825 0.151169 0.128784 0.0290947 -0.193183 -0.422043 0.160773 0.242412 0.0525571 0.164302 -0.358864 -0.430202 -0.325044 0.0803889 -0.425313 -0.222213 -0.00555588 0.175156 0.175529 -0.211612 -0.0187606 0.176239 0.271952 0.0368975 0.196228 0.231998 0.0612182
internal_weight=113777 59134 31808 27326 54643 23252 9383 4595 23665 54079 4788 8143 53689 2826 23287 390 6149 22928 352 1883 47540 47516 87 5213 47429 1228 2198 13869 5372 453
internal_count=113777 59134 31808 27326 54643 23252 9383 4595 23665 54079 4788 8143 53689 2826 23287 390 6149 22928 352 1883 47540 47516 87 5213 47429 1228 2198 13869 5372 453
is_linear=0
shrinkage=0.05


Tree=13
num_leaves=31
num_cat=0
split_feature=0 0 1 1 1 1 1 0 0 1 1 1 0 1 1 0 1 1 0 1 1 1 1 0 0 0 0 0 0 1
split_gain=866411 644172 492626 368499 174474 56436.6 160609 72921.4 35034.9 33470.4 28809.9 26875.3 17652.1 17573.5 13358.8 8251.7 7254 5426.05 5105.38 5191.88 4888.84 4727.22 4715.85 4482.5 5187.88 5343.19 4441.19 4432 4400.41 4366.25
threshold=4.2082787309598624 4.2029580716161297 0.49456154115686563 -0.66926218500895385 0.034309320840942674 -0.66223408215259416 0.82659308966095224 3.5079858025000532 4.2078315369189232 0.76175444319795671 0.99518812659106171 0.78217850835714009 4.2092521302304364 -0.6616821142420839 0.032382400643702312 4.2090870767876725 0.49456154115686563 0.66046176821179381 4.2072102313008761 0.45112986590810861 0.67611158993753573 0.72537656303778963 0.035526590940496004 3.6723921289788319 3.7587056847616118 4.1881520144172528 4.20630787515175 4.0511569599221975 4.2118347381042174 0.95832438602939451
decision_type=2 2 2 2 2 2 2 2 2 2 2 2 2 2 2 2 2 2 2 2 2 2 2 2 2 2 2 2 2 2
left_child=1 3 8 -1 -2 -5 7 -7 14 12 29 17 16 -9 -3 -11 -6 -4 -16 -20 -18 22 28 -15 -25 -26 -19 -12 -14 -8
right_child=4 2 11 5 9 6 10 13 -10 15 27 -13 21 23 18 -17 20 26 19 -21 -22 -23 -24 24 25 -27 -28 -29 -30 -31
leaf_value=-0.39316308235033626 -0.73125731285582196 -0.57371517947559203 -0.056369621329639685 0.1864167945535232 0.11400473873538122 0.076526705904196676 0.34349679041196868 0.09885199593336777 0.076564421351240197 0.10810061787347219 0.13825323735412798 0.18620336416707248 0.30185755039083551 -0.2902632457410334 -0.40305540361492587 -0.43567239732223018 -0.036269669794436354 0.17874455265046585 -0.39251080886010203 -0.0078367182917623637 0.17674716193449461 -0.53515054825693376 0.16742682535073167 -0.46564123729640006 0.23536874079704284 -0.32955233720258054 0.011022359801890862 -0.24931274390581884 -0.45247576483364765 0.23517984842549519
leaf_weight=4074 564 1165 3015 13869 4154 1699 1345 215 378 91 95 2505 29 1048 21770 299 1674 484 186 166 321 24 47429 1326 50 257 2139 330 58 3018
leaf_count=4074 564 1165 3015 13869 4154 1699 1345 215 378 91 95 2505 29 1048 21770 299 1674 484 186 166 321 24 47429 1326 50 257 2139 330 58 3018
internal_value=7.57561e-05 -0.132558 -0.285516 0.0454883 0.14361 0.122345 0.02764 -0.183524 -0.400941 0.152734 0.230292 0.0499293 0.156087 -0.336088 -0.408692 -0.308792 0.0763695 -0.0106182 -0.400001 -0.211102 -0.00199478 0.166398 0.166752 -0.370967 -0.42276 -0.237546 0.0419707 -0.16268 -0.201031 0.268571
internal_weight=113777 59134 31808 27326 54643 23252 9383 4595 23665 54079 4788 8143 53689 2896 23287 390 6149 5638 22122 352 1995 47540 47516 2681 1633 307 2623 425 87 4363
internal_count=113777 59134 31808 27326 54643 23252 9383 4595 23665 54079 4788 8143 53689 2896 23287 390 6149 5638 22122 352 1995 47540 47516 2681 1633 307 2623 425 87 4363
is_linear=0
shrinkage=0.05


Tree=14
num_leaves=31
num_cat=0
split_feature=0 0 1 1 1 1 1 0 0 1 1 1 1 0 1 0 1 1 1 0 1 0 1 0 1 1 0 0 0 0
split_gain=781936 581366 444595 332570 157462 51072.4 133623 69472.8 31619 30280 26000.9 24255 22953.9 16247.1 12128.2 10801.8 6536.14 5496.59 5051.16 4901.87 4897.01 4816.08 5239.43 4304.1 5382.51 4450.76 4212.15 4082.87 4048.46 4042.9
threshold=4.2082787309598624 4.2029580716161297 0.49456154115686563 -0.66926218500895385 0.034309320840942674 -0.66237459076634098 0.82659308966095224 3.5668801272128876 4.2078315369189232 0.74424765479753441 0.99518812659106171 0.78217850835714009 -0.6616821142420839 4.2089699472680069 0.026335236696960137 4.2090870767876725 -0.0015408843540269332 0.49456154115686563 0.64469578816960282 3.4388022870276038 0.66046176821179381 4.2070967715774277 0.46250386419151496 4.2102736250356285 0.15518290890557315 0.035526590940496004 4.2046791003581641 4.1108919008022484 4.2132364079176474 4.2064204226126582
decision_type=2 2 2 2 2 2 2 2 2 2 2 2 2 2 2 2 2 2 2 2 2 2 2 2 2 2 2 2 2 2
left_child=1 3 8 -1 -2 -5 7 16 14 13 -8 20 -9 17 26 -11 -7 -6 -19 -18 -4 -16 -23 24 -15 28 -3 -12 -25 -22
right_child=4 2 11 5 9 6 10 12 -10 15 27 -13 -14 23 21 -17 19 18 -20 -21 29 22 -24 25 -26 -27 -28 -29 -30 -31
leaf_value=-0.37350491580274919 -0.69469448708473369 -0.4422955047607422 -0.053551136503369859 0.17963267531756849 0.098539104668149274 0.1080764352109837 0.255142601682187 0.1353387914553463 0.072736199050230127 0.10753498342431461 -0.0049490258368578826 0.17689319599944051 -0.36636629471448962 0.10209274694219619 -0.3868607981148271 -0.42269424794218208 0.034967457132176596 -0.07447237850287762 0.13397677041065592 -0.23378626361022012 0.15715451230901822 -0.34340971231351802 0.029957841990606773 0.0014149474375175707 0.16119331147751886 0.16710136101330827 -0.80180141635430169 -0.31508977238724878 -0.7956489108857655 0.0070171034803978545
leaf_weight=4074 564 125 3015 13424 2360 1601 4363 251 378 138 220 2505 2486 7035 22511 316 415 1167 387 287 574 274 143 66 8516 34073 234 205 21 2049
leaf_count=4074 564 125 3015 13424 2360 1601 4363 251 378 138 220 2505 2486 7035 22511 316 415 1167 387 287 574 274 143 66 8516 34073 234 205 21 2049
internal_value=7.19669e-05 -0.12593 -0.27124 0.0432139 0.13643 0.116228 0.0296229 -0.150074 -0.380894 0.145098 0.218777 0.0474328 -0.320357 0.14854 -0.388257 -0.261523 0.0522993 0.0504579 -0.0225613 -0.0749076 -0.0100873 -0.383742 -0.215372 0.156263 0.134457 0.166189 -0.676625 -0.154546 -0.19098 0.0398722
internal_weight=113777 59134 31808 27326 54643 23252 9828 5040 23665 54079 4788 8143 2737 53625 23287 454 2303 3914 1554 702 5638 22928 417 49711 15551 34160 359 425 87 2623
internal_count=113777 59134 31808 27326 54643 23252 9828 5040 23665 54079 4788 8143 2737 53625 23287 454 2303 3914 1554 702 5638 22928 417 49711 15551 34160 359 425 87 2623
is_linear=0
shrinkage=0.05


Tree=15
num_leaves=31
num_cat=0
split_feature=0 0 1 1 1 1 1 1 1 0 1 1 0 1 0 0 1 1 1 0 1 1 1 0 1 0 0 1 1 0
split_gain=709041 562225 379201 303806 145989 45344.1 95748.4 79099.5 30652.6 30288.7 23623.9 20761.9 15760.4 11848.8 10193 6321.51 6832.68 5050.33 4963.77 4954.52 4198.27 4188.04 4187.12 7372.51 3932.55 4463.54 3767.22 5656.14 3587.33 4871.33
threshold=4.2080529843511281 4.2029580716161297 0.49456154115686563 -0.66926218500895385 0.034309320840942674 -0.66266939082252119 0.82659308966095224 -0.0022132866865079664 0.50662256577213383 3.4939319065458361 0.76175444319795671 0.99518812659106171 4.2105001002925544 0.032382400643702312 4.2072102313008761 4.2104702482203038 0.048138544056856865 0.05671957106282801 0.035526590940496004 4.1108919008022484 0.41943572418293468 0.55552898264406514 0.04090205059513307 4.2113213406035168 0.13819718639271167 4.209913924270233 4.2087814111788378 0.59821005442195807 0.95832438602939451 4.163209113926416
decision_type=2 2 2 2 2 2 2 2 2 2 2 2 2 2 2 2 2 2 2 2 2 2 2 2 2 2 2 2 2 2
left_child=1 3 13 -1 -2 -5 7 -7 15 -9 -4 28 26 -3 -15 16 -6 -18 -17 -13 -16 -14 23 -20 25 -19 27 -10 -8 -30
right_child=4 2 10 5 8 6 11 9 12 -11 -12 19 21 14 20 18 17 24 22 -21 -22 -23 -24 -25 -26 -27 -28 -29 29 -31
leaf_value=-0.35471370060233731 -0.65587692098276384 -0.52123349931084684 -0.024941528627110344 0.18033965260386353 0.0066961799324323978 0.094361121472430101 0.31012226632623358 0.033514865556061403 -0.11023624269661821 -0.33635241668888294 0.15944261759875253 0.039207897183385874 0.19386005240182083 -0.36282282017151246 -0.30230856737678091 -0.22509867139609466 0.2645474990226811 0.051711309067401207 0.39947899597811987 -0.3115088698827676 -0.007861551457465114 -0.43148102221718754 0.1577383077302057 0.16914132066493762 0.14448212275632813 0.13433305011544414 0.086050974419016338 0.063330137588607741 0.2436635574879889 0.082157703435112694
leaf_weight=4073 587 1166 4558 12118 1149 3134 1363 705 906 2576 2807 206 30 21831 211 83 695 3032 502 197 284 249 29228 1128 11825 3547 1494 974 2394 580
leaf_count=4073 587 1166 4558 12118 1149 3134 1363 705 906 2576 2807 206 30 21831 211 83 695 3032 502 197 284 249 29228 1128 11825 3547 1494 974 2394 580
internal_value=0.000469133 -0.121416 -0.267709 0.0436593 0.128454 0.113378 0.0406365 -0.0852826 0.136849 -0.256878 0.0453322 0.211052 -0.00308056 -0.365851 -0.357736 0.146835 0.125115 0.132239 0.161049 -0.132234 -0.133373 -0.36424 0.162088 0.24008 0.127242 0.096256 0.0267841 -0.0203141 0.242951 0.212166
internal_weight=113632 58203 30857 27346 55429 23273 11155 6415 54842 3281 7365 4740 3653 23492 22326 51189 20248 19099 30941 403 495 279 30858 1630 18404 6579 3374 1880 4337 2974
internal_count=113632 58203 30857 27346 55429 23273 11155 6415 54842 3281 7365 4740 3653 23492 22326 51189 20248 19099 30941 403 495 279 30858 1630 18404 6579 3374 1880 4337 2974
is_linear=0
shrinkage=0.05


Tree=16
num_leaves=31
num_cat=0
split_feature=0 0 1 1 1 1 1 1 1 1 1 0 0 1 0 0 1 0 1 0 1 1 1 1 1 0 1 0 0 1
split_gain=639910 507408 342229 274184 131755 40930.6 92201.9 65321.2 27664 21320.5 18737.6 17765.8 14223.7 10693.5 9199.19 6153.14 8564.17 5734.66 4657.99 4471.45 4315.73 3788.93 3779.7 3569.63 5196.1 9171.93 6581.49 4562.74 3924.21 3451.96
threshold=4.2080529843511281 4.2029580716161297 0.49456154115686563 -0.66926218500895385 0.034309320840942674 -0.66258612056614341 0.82659308966095224 -0.0015408843540269332 0.50662256577213383 0.76175444319795671 0.99518812659106171 3.4388022870276038 4.2105001002925544 0.032382400643702312 4.2072102313008761 3.6304826699867676 -0.6616821142420839 4.2095747613513685 0.21968849704797191 4.1108919008022484 0.035526590940496004 0.41943572418293468 0.55552898264406514 0.04090205059513307 0.046612744195873447 4.2110771142248113 0.053051794850801269 4.2113589837547467 4.2105001002925544 0.54357157459813754
decision_type=2 2 2 2 2 2 2 2 2 2 2 2 2 2 2 2 2 2 2 2 2 2 2 2 2 2 2 2 2 2
left_child=1 3 13 -1 -2 -5 7 15 17 29 -8 -9 -10 -3 -15 -7 -17 18 -6 -12 -19 -16 -14 27 25 -25 -26 28 -22 -4
right_child=4 2 9 5 8 6 10 11 12 -11 19 -13 22 14 21 16 -18 20 -20 -21 23 -23 -24 24 26 -27 -28 -29 -30 -31
leaf_value=-0.33697802731234527 -0.62308306547811532 -0.49517181987393377 -0.12584667073296649 0.16891683734326102 0.046336479937979097 0.0969110955871893 0.23080348925223088 0.045752376833454123 0.02544493112302091 0.15147048500726498 0.037247495917440622 -0.31885523892506207 0.18416705208520096 -0.34468169043460117 -0.28719314217073094 0.10525155735540524 -0.26763173662248202 -0.21384372711181643 0.12886080892317897 -0.29593341253735694 -0.0093127309481302895 -0.0074684736948512813 -0.40990698634381273 0.013698555363836573 0.24481479722206206 0.178606604119041 0.14494725424633903 0.15748083422701453 0.37733135500284182 -0.0051598442883021697
leaf_weight=4073 587 1166 700 12566 2695 2520 4337 387 3374 2807 206 2444 30 21831 211 311 305 83 4678 197 75 284 249 1944 1727 1489 36877 1096 525 3858
leaf_count=4073 587 1166 700 12566 2695 2520 4337 387 3374 2807 206 2444 30 21831 211 311 305 83 4678 197 75 284 249 1944 1727 1489 36877 1096 525 3858
internal_value=0.000445676 -0.115345 -0.254323 0.0414763 0.122032 0.10771 0.0358751 -0.0948977 0.130007 0.0430656 0.2005 -0.269013 -0.00292653 -0.347558 -0.339849 0.0622836 -0.0793741 0.139493 0.0986963 -0.125623 0.146358 -0.126705 -0.346028 0.147042 0.144173 0.0852244 0.149415 0.21816 0.329001 -0.0236945
internal_weight=113632 58203 30857 27346 55429 23273 10707 5967 54842 7365 4740 2831 3653 23492 22326 3136 616 51189 7373 403 43816 495 279 43733 42037 3433 38604 1696 600 4558
internal_count=113632 58203 30857 27346 55429 23273 10707 5967 54842 7365 4740 2831 3653 23492 22326 3136 616 51189 7373 403 43816 495 279 43733 42037 3433 38604 1696 600 4558
is_linear=0
shrinkage=0.05


Tree=17
num_leaves=31
num_cat=0
split_feature=0 0 1 1 1 1 1 1 1 1 1 0 0 1 0 0 1 0 0 1 1 1 0 1 1 1 0 0 0 0
split_gain=577519 457936 308861 247451 118909 37080.2 78120.2 64485.3 24966.7 19241.8 16910.7 16033.6 12836.9 10054 8574.11 5225.98 4460.68 7261.9 4035.49 3953.21 3656.33 3441.7 6172.34 4462.46 3419.51 3411.18 3409.04 3714.81 4788.26 3408.76
threshold=4.2080529843511281 4.2029580716161297 0.49456154115686563 -0.66926218500895385 0.034309320840942674 -0.66266939082252119 0.82659308966095224 -0.0015408843540269332 0.50662256577213383 0.76175444319795671 0.99518812659106171 3.4388022870276038 4.2105001002925544 0.026335236696960137 4.2072102313008761 4.2099727524140613 -0.0022132866865079664 3.5221603261481738 4.1108919008022484 0.035526590940496004 0.038659770375086507 -0.66476311403078769 2.8775961260131271 -0.66401739011758709 0.41943572418293468 0.55552898264406514 3.6838237122462423 4.1317818897369714 4.1881520144172528 4.2087076272842721
decision_type=2 2 2 2 2 2 2 2 2 2 2 2 2 2 2 2 2 2 2 2 2 2 2 2 2 2 2 2 2 2
left_child=1 3 13 -1 -2 21 7 16 15 -4 -8 -9 29 -3 20 -6 -7 -18 -12 -17 -15 22 -5 -23 -16 -14 -13 -28 -29 -10
right_child=4 2 9 5 8 6 10 11 12 -11 18 26 25 14 24 19 17 -19 -20 -21 -22 23 -24 -25 -26 -27 27 28 -30 -31
leaf_value=-0.32012911854111065 -0.5919289098281495 -0.60090881257301432 -0.02250973358701305 -0.45766162631804486 0.10425231851220336 0.084834699041341471 0.21926331704996521 0.043464750416811651 -0.025344914966589277 0.14389696207757466 0.035385138997175158 -0.2455281386769087 0.17495870014031731 -0.38511666615040441 -0.27283348537169361 -0.20315152133805525 0.13121640020981432 -0.27139518449703853 -0.28113676823940376 0.14228720667960634 -0.32330847750904568 0.24118333558241525 0.097551167383790022 0.15509347496133116 -0.0070950608713631061 -0.38941162833794357 -0.40809366558423027 0.41472463936641302 -0.2706830894237473 0.07517997626975631
leaf_weight=4073 587 338 4558 57 12393 3134 4337 387 1712 2807 206 1257 30 2719 211 83 210 240 197 38713 19940 1776 411 9874 284 249 948 29 210 1662
leaf_count=4073 587 338 4558 57 12393 3134 4337 387 1712 2807 206 1257 30 2719 211 83 210 240 197 38713 19940 1776 411 9874 284 249 948 29 210 1662
internal_value=0.000423393 -0.109578 -0.241607 0.0394025 0.11593 0.102324 0.0365438 -0.0771948 0.123507 0.0409123 0.190475 -0.255562 -0.00278021 -0.33018 -0.326228 0.132519 0.0636977 -0.0835098 -0.119341 0.141548 -0.330725 0.162877 0.0299291 0.168218 -0.120369 -0.328727 -0.302912 -0.363681 -0.187516 0.0241727
internal_weight=113632 58203 30857 27346 55429 23273 11155 6415 54842 7365 4740 2831 3653 23492 23154 51189 3584 450 403 38796 22659 12118 468 11650 495 279 2444 1187 239 3374
internal_count=113632 58203 30857 27346 55429 23273 11155 6415 54842 7365 4740 2831 3653 23492 23154 51189 3584 450 403 38796 22659 12118 468 11650 495 279 2444 1187 239 3374
is_linear=0
shrinkage=0.05


Tree=18
num_leaves=31
num_cat=0
split_feature=0 0 1 1 1 1 1 1 1 1 0 1 0 0 1 0 0 1 0 1 0 0 0 1 1 0 1 0 1 0
split_gain=521260 398490 285346 223325 107893 33464.9 70503.5 58198 20270.7 20066.6 17834.6 15261.9 14488.2 11785 8827.83 7200.9 4132.75 8515.49 3762.33 3658.88 8901.58 5852.23 3453.7 3438.73 3544.28 4118.19 4099.62 8320.38 6579.05 3540.62
threshold=4.2082787309598624 4.2029580716161297 0.48363323162759736 -0.66926218500895385 0.034309320840942674 -0.66266939082252119 0.82659308966095224 -0.0015408843540269332 0.74424765479753441 0.74424765479753441 4.2077310619281354 0.99518812659106171 3.5079858025000532 4.2089699472680069 0.026335236696960137 4.2090870767876725 3.6304826699867676 -0.6616821142420839 4.0016850225900411 0.54357157459813754 4.2068496107325712 4.2062499956048134 4.2058187572993146 0.035526590940496004 0.04090205059513307 4.2113589837547467 0.046612744195873447 4.2108410464115407 0.053051794850801269 4.2105001002925544
decision_type=2 2 2 2 2 2 2 2 2 2 2 2 2 2 2 2 2 2 2 2 2 2 2 2 2 2 2 2 2 2
left_child=1 3 10 -1 -2 -5 7 16 19 13 14 -8 -9 -6 -3 -11 -7 -18 -13 20 -4 -21 -10 -15 25 29 27 -26 -28 -25
right_child=4 2 8 5 9 6 11 12 22 15 -12 18 -14 23 -16 -17 17 -19 -20 21 -22 -23 -24 24 26 -27 28 -29 -30 -31
leaf_value=-0.30412265931889726 -0.56233243917890874 -0.57086336281172623 -0.39535436893347653 0.15473298804195748 0.038311185638280745 0.086494178042714864 0.20830015287761841 -0.012173684711189762 0.20203704273492692 0.083240235920833516 0.031305547210390382 0.46836701780557632 -0.29826425237190973 -0.19299398847373136 -0.31344844454137566 -0.35226984605389206 0.10912831501501302 -0.24663702475731492 -0.15349447599140342 0.25627770230365104 -0.040209799101990878 -0.024678320526971251 0.091845183226717933 -0.015910743236541746 -0.0094657319386633066 0.14249244223681898 0.22486685475333479 0.1465872477616719 0.12672713117956028 0.35135042248027665
leaf_weight=4073 587 338 224 12118 3901 2904 4337 549 1053 138 373 26 2282 83 22803 304 375 305 377 195 831 3744 2190 75 1598 1096 1779 1835 42614 525
leaf_count=4073 587 338 224 12118 3901 2904 4337 549 1053 138 373 26 2282 83 22803 304 375 305 377 195 831 3744 2190 75 1598 1096 1779 1835 42614 525
internal_value=0.000402224 -0.102471 -0.222965 0.0374324 0.111881 0.0972078 0.0347166 -0.0733351 0.030289 0.119217 -0.31168 0.180951 -0.242784 0.121989 -0.317208 -0.216296 0.0605128 -0.0504429 -0.113374 -0.0329185 -0.115615 -0.0107696 0.127624 0.128569 0.129108 0.20014 0.126589 0.0739474 0.13066 0.305443
internal_weight=113632 59097 31751 27346 54535 23273 11155 6415 8237 53948 23514 4740 2831 53506 23141 442 3584 680 403 4994 1055 3939 3243 49605 49522 1696 47826 3433 44393 600
internal_count=113632 59097 31751 27346 54535 23273 11155 6415 8237 53948 23514 4740 2831 53506 23141 442 3584 680 403 4994 1055 3939 3243 49605 49522 1696 47826 3433 44393 600
is_linear=0
shrinkage=0.05


Tree=19
num_leaves=31
num_cat=0
split_feature=0 0 1 1 1 0 1 1 1 1 1 1 0 1 0 1 0 0 0 0 1 0 1 1 0 1 0 1 1 1
split_gain=470629 340732 256004 201551 98190 35683.2 30202.1 63629.4 52523.7 23169.3 21100.3 13773.9 13319.5 7902.47 5887.2 4707.56 8239.07 4050.08 3820.03 3729.81 7685.23 3547.58 3522.72 4079.14 3311.19 3237.56 4396.38 5891.18 3164.86 3106.13
threshold=4.2085508141781736 4.2029580716161297 0.45112986590810861 -0.66926218500895385 0.034309320840942674 4.2079410597434483 -0.66266939082252119 0.82659308966095224 -0.0015408843540269332 0.72537656303778963 0.74424765479753441 0.99518812659106171 3.4388022870276038 0.031197422311893905 4.2094499233704212 0.5840315508993168 4.2065496251831069 4.20630787515175 4.2090870767876725 3.6304826699867676 -0.6616821142420839 4.1108919008022484 0.21968849704797191 0.50662256577213383 4.2062499956048134 0.95832438602939451 4.163209113926416 0.9899572276429659 0.035526590940496004 -0.66476311403078769
decision_type=2 2 2 2 2 2 2 2 2 2 2 2 2 2 2 2 2 2 2 2 2 2 2 2 2 2 2 2 2 2
left_child=1 3 5 -1 -2 13 29 8 19 15 14 25 -10 -3 22 16 -4 -11 -12 -8 -21 -13 -6 -24 -17 -9 27 -27 -16 -5
right_child=4 2 9 6 10 -7 7 11 12 17 18 21 -14 -15 28 24 -18 -19 -20 20 -22 -23 23 -25 -26 26 -28 -29 -30 -31
leaf_value=-0.28891652799665329 -0.53421583151289309 -0.46577223395633 -0.30348011662930618 0.020696004790663879 0.018861065201065598 0.071782096703430165 0.08216946908834355 0.26169781653717522 0.04190020444141148 0.17124142051525415 0.068131062112850679 0.037366229093190532 -0.27380181178054275 -0.29721987953036016 -0.18334426879882815 0.224140253483049 -0.05923207597814012 0.065846204141182696 -0.33465635011854927 0.10367189689042669 -0.23430517640514453 -0.25940520146171453 0.12912766289220276 0.026041103482022446 -0.017253376967166782 0.37501006513456758 0.045131469145417213 0.16369611129417211 0.12568757967724214 0.15207003748858181
leaf_weight=4073 587 718 405 468 1984 655 2904 1363 387 1625 73 206 2444 22090 83 149 2341 2076 304 375 305 197 3237 1364 3050 395 580 1999 45545 11650
leaf_count=4073 587 718 405 468 1984 655 2904 1363 387 1625 73 206 2444 22090 83 149 2341 2076 304 375 305 197 3237 1364 3050 395 580 1999 45545 11650
internal_value=0.000382113 -0.0950522 -0.202931 0.0355608 0.108878 -0.292077 0.0923474 0.0329808 -0.0696683 0.013909 0.116056 0.171903 -0.230645 -0.302526 0.118747 -0.0472326 -0.0952555 0.112122 -0.256663 0.0574872 -0.0479208 -0.107706 0.0745523 0.0985669 -0.00600997 0.197885 0.168639 0.198562 0.125125 0.146996
internal_weight=113632 60455 33109 27346 53177 23463 23273 11155 6415 9646 52590 4740 2831 22808 52213 5945 2746 3701 377 3584 680 403 6585 4601 3199 4337 2974 2394 45628 12118
internal_count=113632 60455 33109 27346 53177 23463 23273 11155 6415 9646 52590 4740 2831 22808 52213 5945 2746 3701 377 3584 680 403 6585 4601 3199 4337 2974 2394 45628 12118
is_linear=0
shrinkage=0.05


Tree=20
num_leaves=31
num_cat=0
split_feature=0 0 1 1 1 0 1 1 0 1 1 1 1 0 0 0 1 1 1 0 0 1 1 0 1 1 0 0 0 0
split_gain=415838 302657 237700 176617 84157.8 30971.4 28354.4 90141.8 32987.5 22580.6 18679.1 15095.1 6941.05 6677.66 5414.12 4462.83 5542.04 4264.28 3992.56 4112.71 3900.3 3709.07 3341.34 4029.22 2951.1 2715.03 2712.72 2710.87 2614.46 3997.39
threshold=4.2085508141781736 4.2029580716161297 0.45112986590810861 -0.66926218500895385 0.034309320840942674 4.2079410597434483 -0.662047967150724 0.82659308966095224 3.5668801272128876 0.74424765479753441 0.69194094421133112 0.99518812659106171 0.026335236696960137 4.2094499233704212 4.2066285382127502 4.2060287390333535 0.5840315508993168 -0.6616821142420839 -0.66335966830573134 2.5172558643058736 4.2046791003581641 -0.0011725711818398666 0.95832438602939451 4.1481006113486876 0.9899572276429659 0.037513468545582969 4.2091428143259337 3.7276973426772373 3.6838237122462423 3.7587056847616118
decision_type=2 2 2 2 2 2 2 2 2 2 2 2 2 2 2 2 2 2 2 2 2 2 2 2 2 2 2 2 2 2
left_child=1 3 5 -1 -2 12 18 8 21 13 15 22 20 -6 -12 16 -4 -10 19 -5 -3 -8 -9 24 -24 -14 -11 -26 -19 -30
right_child=4 2 10 6 9 -7 7 11 17 26 14 -13 25 -15 -16 -17 -18 28 -20 -21 -22 -23 23 -25 27 -27 -28 -29 29 -31
leaf_value=-0.27294724296354839 -0.50822648294070116 -0.28083388427893324 -0.30140391576274395 -0.36795791886948254 0.064436134853105884 0.05949175604955103 0.080488636132136415 0.25760534513689343 0.099375937638371076 -0.012382137439685104 0.14517215114680176 -0.12123740752207696 -0.33305213207855955 0.11818892872947753 0.035723191660571113 -0.036466672776563146 0.38316672335971491 -0.21727030048145202 0.10484518342254122 0.16065099113451195 -0.63408516061359221 -0.080804086562586017 0.33410448967076062 0.065644726567633885 0.66143178130899161 -0.2782719643262937 -0.33734756481262945 0.1657745799989547 -0.36420665740966801 -0.15890168131578086
leaf_weight=4019 559 120 284 37 6618 660 1060 1351 79 81 2280 421 2554 45510 2240 4823 33 1133 7623 6671 224 537 335 786 28 19775 310 1865 1090 303
leaf_count=4019 559 120 284 37 6618 660 1060 1351 79 81 2280 421 2554 45510 2240 4823 33 1133 7623 6671 224 537 335 786 28 19775 310 1865 1090 303
internal_value=-4.56447e-05 -0.0898496 -0.19179 0.033178 0.10203 -0.278143 0.0859383 0.0163187 -0.152671 0.108525 0.0167888 0.164688 -0.287972 0.111365 0.090932 -0.0484111 -0.230139 -0.26236 0.129602 0.157735 -0.510858 0.0262531 0.192265 0.162977 0.197314 -0.284538 -0.270027 0.173106 -0.273674 -0.31955
internal_weight=113409 60331 32993 27338 53078 23333 23319 8988 4202 52519 9660 4786 22673 52128 4520 5140 317 2605 14331 6708 344 1597 4365 3014 2228 22329 391 1893 2526 1393
internal_count=113409 60331 32993 27338 53078 23333 23319 8988 4202 52519 9660 4786 22673 52128 4520 5140 317 2605 14331 6708 344 1597 4365 3014 2228 22329 391 1893 2526 1393
is_linear=0
shrinkage=0.05


Tree=21
num_leaves=31
num_cat=0
split_feature=0 0 1 1 1 0 1 1 1 1 0 1 1 1 0 1 0 1 0 0 1 0 1 1 1 1 0 1 0 1
split_gain=375294 273148 214524 159397 75952.4 27951.6 25705.8 55743.5 45188.8 20378.9 17944.4 17176.8 13623.3 6282.5 6026.59 5136.15 7332.99 6652.05 3395.49 3090.56 3015.56 3636.37 2690.15 2663.37 2638.36 5492.89 5103.93 2585.19 3837.28 2635.74
threshold=4.2085508141781736 4.2029580716161297 0.45112986590810861 -0.66926218500895385 0.034309320840942674 4.2079410597434483 -0.66266939082252119 0.82659308966095224 -0.0022132866865079664 0.74424765479753441 3.4656563857364762 0.78217850835714009 0.99518812659106171 0.032382400643702312 4.2094499233704212 0.5840315508993168 4.2068496107325712 0.52999857268208184 4.2064204226126582 3.6838237122462423 0.95832438602939451 4.1481006113486876 0.023304082315542939 0.9899572276429659 -0.66476311403078769 -0.66401739011758709 2.7880469424112762 0.035526590940496004 4.2116258040956565 0.040214803383255775
decision_type=2 2 2 2 2 2 2 2 2 2 2 2 2 2 2 2 2 2 2 2 2 2 2 2 2 2 2 2 2 2
left_child=1 3 5 -1 -2 13 24 8 -8 14 -10 15 20 22 -6 16 17 -4 -17 -12 -9 23 -3 -22 26 -26 -5 28 -16 -29
right_child=4 2 11 6 9 -7 7 12 10 -11 19 -13 -14 -15 27 18 -18 -19 -20 -21 21 -23 -24 -25 25 -27 -28 29 -30 -31
leaf_value=-0.25929987875476013 -0.48281516389044965 -0.60630095958709718 -0.30502389727626 -0.49347952312893339 0.061214327289345699 0.056517166413197463 0.067720056621646374 0.24472507582515546 0.043747985905238346 -0.25652599522982106 -0.20033552764185714 0.12781708441448683 -0.1151755245238755 -0.26748073334345202 0.35941782364478481 0.11412648399424428 -0.039822292891857708 0.44117442825809122 -0.0089110663805980431 -0.30743117809609127 0.31739928652991112 0.062362493727706927 -0.36064832333895719 0.16445071697707411 0.21813688485577676 0.12225263987752233 0.069507197854328531 0.18528082893763187 -0.35930152966425971 0.11081092290626758
leaf_weight=4019 559 125 448 45 6618 660 3124 1351 627 391 1364 2532 421 21520 26 659 2228 32 3761 1331 335 786 1028 1893 1759 9901 382 1221 65 44198
leaf_count=4019 559 125 448 45 6618 660 3124 1351 627 391 1364 2532 421 21520 26 659 2228 32 3761 1331 335 786 1028 1893 1759 9901 382 1221 65 44198
internal_value=-4.33622e-05 -0.0853571 -0.182201 0.0315191 0.0969283 -0.264236 0.0816414 0.0271834 -0.0687963 0.103099 -0.197176 0.0159493 0.156453 -0.273573 0.105796 -0.0237882 -0.0780123 -0.255277 0.00943322 -0.253228 0.182652 0.154828 -0.38728 0.187448 0.132247 0.136718 0.010176 0.112279 -0.153953 0.112813
internal_weight=113409 60331 32993 27338 53078 23333 23319 11232 6446 52519 3322 9660 4786 22673 52128 7128 2708 480 4420 2695 4365 3014 1153 2228 12087 11660 427 45510 91 45419
internal_count=113409 60331 32993 27338 53078 23333 23319 11232 6446 52519 3322 9660 4786 22673 52128 7128 2708 480 4420 2695 4365 3014 1153 2228 12087 11660 427 45510 91 45419
is_linear=0
shrinkage=0.05


Tree=22
num_leaves=31
num_cat=0
split_feature=0 0 1 1 1 0 1 1 1 1 0 1 1 1 0 1 0 1 0 0 0 1 0 1 1 0 1 0 1 1
split_gain=338703 246516 193608 143856 68547.1 25275.2 23199.5 50308.5 40782.9 18392 16194.8 15502.1 12295 5737.66 5439 4635.38 6618.02 6003.47 3380.93 3130.48 2789.23 2721.54 3281.82 2481.06 3955.83 2448.23 2403.69 2446.56 2381.12 4957.33
threshold=4.2085508141781736 4.2029580716161297 0.45112986590810861 -0.66926218500895385 0.034309320840942674 4.2077310619281354 -0.66266939082252119 0.82659308966095224 -0.0022132866865079664 0.74424765479753441 3.4656563857364762 0.78217850835714009 0.99518812659106171 0.026335236696960137 4.2094499233704212 0.5840315508993168 4.2068496107325712 0.52999857268208184 4.2046791003581641 4.2066285382127502 3.6838237122462423 0.95832438602939451 4.1481006113486876 0.21968849704797191 0.44135527888097464 4.2091428143259337 0.9899572276429659 3.7276973426772373 -0.66476311403078769 -0.66401739011758709
decision_type=2 2 2 2 2 2 2 2 2 2 2 2 2 2 2 2 2 2 2 2 2 2 2 2 2 2 2 2 2 2
left_child=1 3 5 -1 -2 13 28 8 -8 14 -10 15 21 18 23 16 17 -4 -3 -17 -12 -9 26 -6 -25 -11 -23 -28 -5 -30
right_child=4 2 11 6 9 -7 7 12 10 25 20 -13 -14 -15 -16 19 -18 -19 -20 -21 -22 22 -24 24 -26 -27 27 -29 29 -31
leaf_value=-0.24633489635697225 -0.4586744223169863 -0.24865742146968844 -0.28977269961864555 0.0096672326884727575 0.012502502858696829 0.044881736673813843 0.064334054157952042 0.23248881736203622 0.041560590286379713 0.0010632690985077694 -0.19031875162440712 0.12142623017307026 -0.10941674958852579 -0.25704851939931944 0.1066655071960214 0.08805799090919586 -0.037831177600869272 0.41911572748795156 -0.57754916825464797 -0.013424222484198554 -0.29205961506184019 0.30152930263263078 0.059244367449944872 0.11893107761510549 0.024856623177737555 -0.30765388881246891 0.6201376697846821 0.14926332135941964 0.20723004516651203 0.11614001064021431
leaf_weight=4019 559 120 448 427 2053 700 3124 1351 627 81 1364 2532 421 22289 45510 975 2228 32 224 3445 1331 335 786 2612 1953 310 28 1865 1759 9901
leaf_count=4019 559 120 448 427 2053 700 3124 1351 627 81 1364 2532 421 22289 45510 975 2228 32 224 3445 1331 335 786 2612 1953 310 28 1865 1759 9901
internal_value=-4.11945e-05 -0.0810892 -0.173091 0.0299432 0.0920819 -0.251024 0.0775593 0.0258243 -0.0653565 0.097944 -0.187317 0.0151519 0.148631 -0.260176 0.100507 -0.0225988 -0.0741116 -0.242513 -0.462819 0.00896156 -0.240566 0.173519 0.147086 0.0581536 0.0786841 -0.2437 0.178076 0.156228 0.125635 0.129882
internal_weight=113409 60331 32993 27338 53078 23333 23319 11232 6446 52519 3322 9660 4786 22633 52128 7128 2708 480 344 4420 2695 4365 3014 6618 4565 391 2228 1893 12087 11660
internal_count=113409 60331 32993 27338 53078 23333 23319 11232 6446 52519 3322 9660 4786 22633 52128 7128 2708 480 344 4420 2695 4365 3014 6618 4565 391 2228 1893 12087 11660
is_linear=0
shrinkage=0.05


Tree=23
num_leaves=31
num_cat=0
split_feature=0 0 1 1 1 0 1 1 0 1 1 1 1 0 1 0 1 0 1 1 0 1 1 1 0 1 0 1 0 1
split_gain=305679 222481 174731 129830 61863.7 22836.1 20949.4 66421 24800.8 16598.8 14077 11096.3 5365.51 4915.95 4687.98 5972.77 5418.13 3669.43 3215.85 3142.7 3333.62 2996.05 2466.24 2460.62 3687.95 3725.56 2346.15 2337.31 3463.15 2363.58
threshold=4.2085508141781736 4.2029580716161297 0.45112986590810861 -0.66926218500895385 0.034309320840942674 4.2079410597434483 -0.662047967150724 0.82659308966095224 3.5668801272128876 0.74424765479753441 0.80403983572463045 0.99518812659106171 0.032382400643702312 4.2094907304715852 0.5840315508993168 4.2068496107325712 0.52999857268208184 4.2064204226126582 -0.6616821142420839 -0.66335966830573134 2.5172558643058736 -0.0011725711818398666 0.97366692785173814 0.94133524972883265 4.1763048044315134 0.9899572276429659 3.7276973426772373 0.035526590940496004 4.2116258040956565 0.040214803383255775
decision_type=2 2 2 2 2 2 2 2 2 2 2 2 2 2 2 2 2 2 2 2 2 2 2 2 2 2 2 2 2 2
left_child=1 3 5 -1 -2 12 19 8 21 13 14 23 -3 -6 15 16 -4 -16 -10 20 -5 -8 -12 -9 25 -25 -27 28 -15 -29
right_child=4 2 10 6 9 -7 7 11 18 -11 22 -13 -14 27 17 -17 -18 -19 -20 -21 -22 -23 -24 24 -26 26 -28 29 -30 -31
leaf_value=-0.23401814911252206 -0.43574069079431532 -0.35199417324812643 -0.27528406131667515 -0.33711555358525874 0.056670872698812172 0.051447222350495092 0.072664060500837027 0.23317556600031175 0.087804435929649149 -0.23151470899696239 0.13415874396994751 -0.1039459143993124 -0.24128232637094854 0.33611368032602162 0.10838149341035319 -0.035939615957699782 0.39815992253443255 -0.0079064961521419924 -0.23615547859202848 0.089248447629356659 0.13879807064545532 -0.072298898489615779 -0.31508321550584611 0.26853447452972956 0.022652080020523796 0.5891307626451765 0.12842478113159295 0.17068351031533527 -0.3466697318737324 0.10015366446795471
leaf_weight=4019 559 1153 448 37 7055 660 1060 1012 79 391 2106 421 21520 26 817 2228 32 3998 2526 7623 6671 537 31 683 526 28 2116 1221 65 43761
leaf_count=4019 559 1153 448 37 7055 660 1060 1012 79 391 2106 421 21520 26 817 2228 32 3998 2526 7623 6671 537 31 683 526 28 2116 1221 65 43761
internal_value=-3.91337e-05 -0.0770348 -0.164436 0.028446 0.0874778 -0.238473 0.0736814 0.0138391 -0.131222 0.0930468 0.0143943 0.141199 -0.246912 0.0954813 -0.0177751 -0.0704061 -0.230388 0.011825 -0.226331 0.111213 0.136173 0.0239195 0.127642 0.164843 0.144219 0.166838 0.134441 0.101556 -0.151589 0.102068
internal_weight=113409 60331 32993 27338 53078 23333 23319 8988 4202 52519 9660 4786 22673 52128 7523 2708 480 4815 2605 14331 6708 1597 2137 4365 3353 2827 2144 45073 91 44982
internal_count=113409 60331 32993 27338 53078 23333 23319 8988 4202 52519 9660 4786 22673 52128 7523 2708 480 4815 2605 14331 6708 1597 2137 4365 3353 2827 2144 45073 91 44982
is_linear=0
shrinkage=0.05


Tree=24
num_leaves=31
num_cat=0
split_feature=0 0 1 1 1 0 1 1 1 1 1 1 0 1 0 1 0 1 0 0 0 0 1 0 1 1 1 1 0 1
split_gain=275875 200789 157695 117172 55832 20647.9 19073.5 41138.4 33117 14980.4 12704.5 10014.4 9393 4899.47 4446.63 4230.9 5390.42 4889.87 3311.66 3051.29 2441.5 2373.88 4768.52 2809.6 2239.16 3570.14 2225.79 2220.71 3328.37 3362.32
threshold=4.2085508141781736 4.2029580716161297 0.45112986590810861 -0.66926218500895385 0.034309320840942674 4.2077310619281354 -0.66266939082252119 0.82659308966095224 -0.0015408843540269332 0.74424765479753441 0.80403983572463045 0.99518812659106171 3.4388022870276038 0.026335236696960137 4.2094499233704212 0.5840315508993168 4.2068496107325712 0.52999857268208184 4.2064204226126582 4.2046791003581641 3.6838237122462423 3.5981631387971817 -0.6616821142420839 3.7587056847616118 0.21968849704797191 0.44135527888097464 0.97366692785173814 0.94133524972883265 4.1763048044315134 0.9899572276429659
decision_type=2 2 2 2 2 2 2 2 2 2 2 2 2 2 2 2 2 2 2 2 2 2 2 2 2 2 2 2 2 2
left_child=1 3 5 -1 -2 13 -5 8 21 14 15 27 -10 19 24 16 17 -4 -17 -3 -14 -8 -23 -24 -6 -26 -12 -9 29 -29
right_child=4 2 10 6 9 -7 7 11 12 -11 26 -13 20 -15 -16 18 -18 -19 -20 -21 -22 22 23 -25 25 -27 -28 28 -30 -31
leaf_value=-0.22231723329385558 -0.4139536423418731 -0.21862483898798626 -0.26151985980541215 0.11358853443701121 0.009043835840041441 0.040901660033235594 0.063984749199570493 0.22151678781735568 0.040166041888390444 -0.21993897311768171 0.12745080680620891 -0.098748623673536429 -0.17376807382925108 -0.23193105889948173 0.096275980758739638 0.10296242090195447 -0.034142636974121461 0.37825193972093984 -0.0075111670157362691 -0.53107201544834037 -0.27306186897156637 0.069804932222715874 -0.24328147536548586 0.16066745566386803 0.11015097998392127 0.020780247063147114 -0.29932903524848725 0.255107743577489 0.021519469966963217 0.12771939417297792
leaf_weight=4019 559 120 448 12087 2053 700 2786 1012 397 391 2106 421 1280 22289 45510 817 2228 32 3998 224 1199 457 276 51 2612 1953 31 683 526 2144
leaf_count=4019 559 120 448 12087 2053 700 2786 1012 397 391 2106 421 1280 22289 45510 817 2228 32 3998 224 1199 457 276 51 2612 1953 31 683 526 2144
internal_value=-3.71775e-05 -0.073183 -0.156214 0.0270237 0.0831039 -0.226549 0.0699973 0.0230878 -0.0593651 0.0883945 0.0136746 0.134139 -0.185632 -0.234821 0.0907072 -0.0168863 -0.0668858 -0.218868 0.0112338 -0.422079 -0.221793 0.0423559 -0.0345036 -0.18028 0.0524124 0.0719164 0.12126 0.156601 0.137008 0.158496
internal_weight=113409 60331 32993 27338 53078 23333 23319 11232 6446 52519 9660 4786 2876 22633 52128 7523 2708 480 4815 344 2479 3570 784 327 6618 4565 2137 4365 3353 2827
internal_count=113409 60331 32993 27338 53078 23333 23319 11232 6446 52519 9660 4786 2876 22633 52128 7523 2708 480 4815 344 2479 3570 784 327 6618 4565 2137 4365 3353 2827
is_linear=0
shrinkage=0.05


Tree=25
num_leaves=31
num_cat=0
split_feature=0 0 1 1 1 1 1 0 1 1 1 0 1 0 1 1 1 0 1 0 1 0 0 0 0 0 0 1 1 0
split_gain=253469 198835 137899 105762 51584.3 16754.9 59376.5 19495.2 13533.6 10383.9 7110.12 5974.52 5247.18 3696.93 4813.42 2964.83 3560.56 3735.53 2850.66 2562.63 2561.32 2519.59 2147.9 2579.38 5319.67 2132.69 2026.71 4966.55 3764.81 1986.51
threshold=4.2080529843511281 4.2029580716161297 0.48363323162759736 -0.66926218500895385 0.034309320840942674 -0.6616821142420839 0.82659308966095224 3.5367771867072357 0.49456154115686563 0.72537656303778963 0.99518812659106171 4.2111466556857016 0.037513468545582969 4.2102196418742031 0.15518290890557315 -0.6635774510576854 -0.66476311403078769 2.5172558643058736 -0.00063768614818836657 4.2054927870493648 0.023304082315542939 4.2077310619281354 3.6723921289788319 3.7587056847616118 4.1881520144172528 3.3505180837725921 4.2092521302304364 0.69194094421133112 0.61379160706171965 4.1108919008022484
decision_type=2 2 2 2 2 2 2 2 2 2 2 2 2 2 2 2 2 2 2 2 2 2 2 2 2 2 2 2 2 2
left_child=1 3 12 -1 -2 15 7 18 13 -4 -8 26 20 14 -6 16 17 -5 -7 -11 -3 -14 -9 -24 -25 -19 28 -28 -10 -12
right_child=4 2 9 5 8 6 10 22 11 19 29 -13 21 -15 -16 -17 -18 25 -20 -21 -22 -23 23 24 -26 -27 27 -29 -30 -31
leaf_value=-0.21167266901332141 -0.39954097990879583 -0.50315498423388627 -0.029991118208677434 -0.58604723352652333 0.036644771449704232 0.075242376362517377 0.14722155810125503 -0.15559573529230566 -0.065714249339858408 0.17383752971822042 0.035696446211144116 -0.25885252102878359 -0.21307953030541418 0.097405556882913955 0.09204203352976191 0.082759703267227702 0.14353208108071389 -0.098083638321628891 -0.12213325970846674 0.066024141404442266 -0.27349988862013069 -0.0094069912347918248 -0.27904048012059518 0.36042358057231322 -0.21106111092562499 0.12923217774058382 0.11739431334241889 -0.21710351174191911 0.05361361386652394 -0.18559868093674559
leaf_weight=4003 563 127 4110 26 6835 894 4297 970 1560 682 209 225 20137 35092 9198 9854 4506 181 230 2873 2758 153 1333 49 241 240 794 129 1147 197
leaf_count=4003 563 127 4110 26 6835 894 4297 970 1560 682 209 225 20137 35092 9198 9854 4506 181 230 2873 2758 153 1333 49 241 240 794 129 1147 197
internal_value=0.00026699 -0.0727724 -0.15971 0.0256908 0.0766294 0.0665986 0.010284 -0.139069 0.0815054 0.0241332 0.128324 -0.00883437 -0.220515 0.0883174 0.0684257 0.0986219 0.13018 -0.00441755 0.0348541 0.0867073 -0.283609 -0.211544 -0.21446 -0.24964 -0.1145 0.0315026 0.00666262 0.0706443 -0.0151531 -0.0716807
internal_weight=113613 58070 30840 27230 55543 23227 8420 3717 54980 7665 4703 3855 23175 51125 16033 14807 4953 447 1124 3555 2885 20290 2593 1623 290 421 3630 923 2707 406
internal_count=113613 58070 30840 27230 55543 23227 8420 3717 54980 7665 4703 3855 23175 51125 16033 14807 4953 447 1124 3555 2885 20290 2593 1623 290 421 3630 923 2707 406
is_linear=0
shrinkage=0.05


Tree=26
num_leaves=31
num_cat=0
split_feature=0 0 1 1 1 1 1 0 1 1 1 0 1 0 1 1 1 0 0 0 0 0 1 0 1 0 1 0 1 0
split_gain=228756 179449 124454 95449.8 46554.8 15121.3 53587.3 17659.1 12214.1 9371.45 6416.88 5392.01 4735.58 3336.48 4344.11 2675.76 3213.4 3421.44 2530.41 2327.89 4801 2312.77 2311.59 2273.93 2135.64 1881.01 1875.28 3446.26 2753.29 2055.23
threshold=4.2080529843511281 4.2029580716161297 0.48363323162759736 -0.66926218500895385 0.034309320840942674 -0.6616821142420839 0.82659308966095224 3.4939319065458361 0.49456154115686563 0.72537656303778963 0.99518812659106171 4.2111466556857016 0.037513468545582969 4.2102196418742031 0.15518290890557315 -0.6635774510576854 -0.66476311403078769 2.8775961260131271 3.6723921289788319 3.7587056847616118 4.1881520144172528 4.2054927870493648 0.023304082315542939 4.2077310619281354 -0.00063768614818836657 3.4656563857364762 0.94133524972883265 4.1763048044315134 0.9899572276429659 4.1108919008022484
decision_type=2 2 2 2 2 2 2 2 2 2 2 2 2 2 2 2 2 2 2 2 2 2 2 2 2 2 2 2 2 2
left_child=1 3 12 -1 -2 15 7 24 13 -4 26 -10 22 14 -6 16 17 -5 -9 -20 -21 -11 -3 -14 -7 -18 -8 28 -28 -30
right_child=4 2 9 5 8 6 10 18 11 21 -12 -13 23 -15 -16 -17 25 -19 19 20 -22 -23 -24 -25 -26 -27 27 -29 29 -31
leaf_value=-0.20108903152419125 -0.37956390986434096 -0.47799720332378481 -0.028491561701753543 -0.35893689282869889 0.034812534036102551 0.086331368580989373 0.20007233431101806 -0.13929913082767006 0.0063294912871972656 0.16514565119082164 -0.068096693579492898 -0.24590989465183682 -0.20242555699193587 0.092535274089552366 0.087439931215598718 0.078621717505500552 0.17047500827467776 0.049745781042795513 -0.26508845948940457 0.34240240448591663 -0.20050804908097533 0.062722934492579027 -0.25982489717716184 -0.0089366466196533906 -0.1000023898341893 0.10576851535698256 0.23276545031628273 0.0054402438330739631 0.14730507719944766 0.037787757695766047
leaf_weight=4003 563 127 4110 59 6835 789 994 1114 3630 682 406 225 20137 35092 9198 9854 2130 388 1333 49 241 2873 2758 153 191 2376 666 534 1504 599
leaf_count=4003 563 127 4110 59 6835 789 994 1114 3630 682 406 225 20137 35092 9198 9854 2130 388 1333 49 241 2873 2758 153 191 2376 666 534 1504 599
internal_value=0.000253638 -0.0691338 -0.151724 0.0244063 0.0727979 0.0632687 0.00976976 -0.132115 0.0774302 0.0229266 0.121908 -0.00839265 -0.209489 0.0839015 0.0650044 0.0936908 0.123671 -0.00419667 -0.197328 -0.237158 -0.108775 0.082372 -0.269429 -0.200967 0.0500153 0.136355 0.13986 0.12174 0.144169 0.116111
internal_weight=113613 58070 30840 27230 55543 23227 8420 3717 54980 7665 4703 3855 23175 51125 16033 14807 4953 447 2737 1623 290 3555 2885 20290 980 4506 4297 3303 2769 2103
internal_count=113613 58070 30840 27230 55543 23227 8420 3717 54980 7665 4703 3855 23175 51125 16033 14807 4953 447 2737 1623 290 3555 2885 20290 980 4506 4297 3303 2769 2103
is_linear=0
shrinkage=0.05


Tree=27
num_leaves=31
num_cat=0
split_feature=0 0 1 1 1 1 1 1 1 1 0 1 0 1 0 1 0 0 1 1 0 0 0 1 1 1 0 0 0 0
split_gain=206452 161952 112320 86143.4 42015.8 13758.9 28144 26587 11037 8457.73 6846.1 5791.24 5102.86 4298.14 2655.16 4431.35 2147.11 2087.28 1953.04 3322.67 3201.41 1858.3 2216.78 2798.27 2292.22 4312.36 3267.3 2508.03 1920.87 1848.08
threshold=4.2080529843511281 4.2029580716161297 0.48363323162759736 -0.66926218500895385 0.034309320840942674 -0.66274421679704876 0.82659308966095224 -0.0015408843540269332 0.46250386419151496 0.72537656303778963 3.4656563857364762 0.99518812659106171 4.2111802113758516 0.031197422311893905 4.2102196418742031 0.15518290890557315 4.2077310619281354 4.2054927870493648 -0.66476311403078769 -0.66391941515277819 3.3505180837725921 4.2055386281573091 4.2075194183444795 0.50662256577213383 0.54357157459813754 0.59821005442195807 4.2068496107325712 4.2073187007920287 4.2062499956048134 4.0511569599221975
decision_type=2 2 2 2 2 2 2 2 2 2 2 2 2 2 2 2 2 2 2 2 2 2 2 2 2 2 2 2 2 2
left_child=1 3 13 -1 -2 18 7 -7 14 21 -9 -8 -10 -3 15 -6 -15 -11 20 -20 -5 -4 24 -24 26 27 -23 -26 -27 -13
right_child=4 2 9 5 8 6 11 10 12 17 -12 29 -14 16 -16 -17 -18 -19 19 -21 -22 22 23 -25 25 28 -28 -29 -30 -31
leaf_value=-0.19103458208231339 -0.36058573290890955 -0.31918018843071866 -0.22177080146404876 -0.14806813053462817 0.033071906943761234 0.039150646960834312 0.13286745753932519 0.018005791726107081 0.011760050408953386 0.15688837011757137 -0.19448638767104359 0.13809487290934405 -0.23385523648445941 -0.19643692531182719 0.088005524077305761 0.087120633105610093 -0.0084898119950606154 0.059586787074287266 0.15719320940827275 0.089000992829093253 0.1202832795213908 -0.32385352947789692 0.16930555146316004 -0.085769676999331412 0.29343176371927848 0.17818116399952597 -0.012070740324755511 0.0063364417773896248 -0.018041014692193751 -0.12080896343075254
leaf_weight=4003 563 721 119 207 6835 4057 4297 451 4457 682 2376 88 222 22301 34947 8519 153 2873 2231 8962 240 115 116 1471 221 136 312 116 1504 318
leaf_count=4003 563 721 119 207 6835 4057 4297 451 4457 682 2376 88 222 22301 34947 8519 153 2873 2231 8962 240 115 116 1471 221 136 312 116 1504 318
internal_value=0.000240957 -0.0656771 -0.144138 0.0231859 0.069158 0.0601052 0.0215346 -0.042874 0.0735587 0.0217802 -0.160587 0.115813 0.000106579 -0.199015 0.0803912 0.0630603 -0.195156 0.0782534 0.0985002 0.102593 -0.00398684 -0.027067 -0.0212615 -0.0671252 0.00901546 0.0317058 -0.0960403 0.19461 -0.00176893 -0.0646919
internal_weight=113613 58070 30840 27230 55543 23227 11587 6884 54980 7665 2827 4703 4679 23175 50301 15354 22454 3555 11640 11193 447 4110 3991 1587 2404 1977 427 337 1640 406
internal_count=113613 58070 30840 27230 55543 23227 11587 6884 54980 7665 2827 4703 4679 23175 50301 15354 22454 3555 11640 11193 447 4110 3991 1587 2404 1977 427 337 1640 406
is_linear=0
shrinkage=0.05


Tree=28
num_leaves=31
num_cat=0
split_feature=0 0 1 1 1 0 1 1 0 1 1 1 0 1 0 0 1 1 1 1 1 1 1 0 1 0 0 0 0 1
split_gain=186422 133636 104880 77744.5 38427.3 13077.8 12460.3 43890.2 14849.8 10205.9 8625.03 5226.59 4207.1 3711.62 3529.12 3291.31 2934.24 2618.55 3314.42 2469.97 2277.74 2212.45 2750.1 3073.83 1990.4 1834.22 2448.5 4289.35 1810.89 1842.57
threshold=4.2085508141781736 4.2029580716161297 0.45112986590810861 -0.66926218500895385 0.034309320840942674 4.2077310619281354 -0.6616821142420839 0.82659308966095224 3.5367771867072357 0.64469578816960282 0.76175444319795671 0.99518812659106171 4.2064204226126582 0.037513468545582969 4.2096520377771407 4.2066285382127502 0.70837183041219554 0.21968849704797191 0.46250386419151496 0.057174585559229642 -0.00063768614818836657 -0.66363956179557315 -0.66476311403078769 2.5172558643058736 0.023304082315542939 3.6838237122462423 3.7587056847616118 4.1881520144172528 3.7276973426772373 0.94133524972883265
decision_type=2 2 2 2 2 2 2 2 2 2 2 2 2 2 2 2 2 2 2 2 2 2 2 2 2 2 2 2 2 2
left_child=1 3 5 -1 -2 13 21 8 20 15 14 28 -11 24 17 -4 -16 19 -19 -6 -8 22 23 -5 -3 -10 -27 -28 -9 -30
right_child=4 2 9 6 10 -7 7 11 25 12 -12 -13 -14 -15 16 -17 -18 18 -20 -21 -22 -23 -24 -25 -26 26 27 -29 29 -31
leaf_value=-0.18148285193113337 -0.34255643479565745 -0.43813833721040746 -0.16224315322783664 -0.53139463158754208 0.16289342587644406 0.032358571647315246 0.068024012298475309 0.5593296686808269 -0.14043148351064128 0.11174081671527794 -0.17718835004521183 -0.061457267499028759 0.021632763159619085 -0.18388819102335777 0.080474993563844438 -0.03216848929968661 -0.51069542513716792 0.094788965621329324 0.01471507388277031 -0.003267397958998395 -0.10840621015947799 0.071926978216829127 0.12687803538619799 0.028796327035352062 -0.23569002206237386 -0.25880695610128679 0.33095371242688626 -0.18221252080810516 0.18342535043926067 0.10571399094510202
leaf_weight=4003 563 127 564 26 242 671 894 24 1202 2005 343 406 3660 19749 43583 3531 21 3600 2016 2950 230 10298 4062 421 2758 1101 49 241 994 3279
leaf_count=4003 563 127 564 26 242 671 894 24 1202 2005 343 406 3660 19749 43583 3531 21 3600 2016 2950 230 10298 4062 421 2758 1101 49 241 994 3279
internal_value=0.000228909 -0.0599994 -0.12755 0.0220266 0.0683384 -0.185178 0.0571 0.00853583 -0.119871 0.0100537 0.0727235 0.110022 0.0535245 -0.191627 0.074359 -0.0500835 0.0801903 0.0454913 0.0660445 0.00933001 0.0319217 0.084716 0.113925 -0.00378749 -0.244602 -0.18567 -0.224761 -0.0955051 0.126224 0.123791
internal_weight=113613 60295 33065 27230 53318 23305 23227 8420 3717 9760 52755 4703 5665 22634 52412 4095 43604 8808 5616 3192 1124 14807 4509 447 2885 2593 1391 290 4297 4273
internal_count=113613 60295 33065 27230 53318 23305 23227 8420 3717 9760 52755 4703 5665 22634 52412 4095 43604 8808 5616 3192 1124 14807 4509 447 2885 2593 1391 290 4297 4273
is_linear=0
shrinkage=0.05


Tree=29
num_leaves=31
num_cat=0
split_feature=0 0 1 1 1 0 1 0 0 1 1 1 1 1 0 1 0 0 1 1 1 0 0 1 1 1 0 0 1 0
split_gain=168246 120642 97943.3 71225 34680.7 11849.1 10296 23096.7 21784 9367.44 7784.09 5325.44 4502.1 3896.97 3720.91 3387.47 3244.58 3117.93 2819.52 2681.81 2558.72 2372.33 2080.14 1872.33 2651.1 5672.58 2471.68 1731.12 1932.15 1720.59
threshold=4.2085508141781736 4.1959841330863972 0.45112986590810861 -0.66926218500895385 0.034309320840942674 4.2077310619281354 -0.66274421679704876 3.7276973426772373 3.6144161971290862 0.64469578816960282 0.76175444319795671 -0.6616821142420839 0.99518812659106171 0.99518812659106171 4.2064204226126582 0.032382400643702312 4.2102196418742031 4.2066285382127502 -0.0015408843540269332 0.15518290890557315 0.46250386419151496 3.7022896494328408 3.4119034434975446 0.088587236822054147 0.051099459043624305 0.057174585559229642 4.2097613535868081 4.2095747613513685 0.8471138667079785 4.2092001896398363
decision_type=2 2 2 2 2 2 2 2 2 2 2 2 2 2 2 2 2 2 2 2 2 2 2 2 2 2 2 2 2 2
left_child=1 3 5 -1 -2 15 -5 8 18 17 16 -10 14 -9 -11 -3 19 -4 -8 23 -21 -13 -20 24 -6 29 -27 -12 -29 -26
right_child=4 2 9 6 10 -7 7 13 11 12 27 21 -14 -15 -16 -17 -18 -19 22 20 -22 -23 -24 -25 25 26 -28 28 -30 -31
leaf_value=-0.17240870550159451 -0.32542862354332769 -0.26392292492839492 -0.15611381216152856 0.089165451645545499 -0.037828192995512711 0.030740641977154998 0.050388648904499289 0.11865868723534652 0.045307867782585137 0.1026749228020705 0.05756161633659812 -0.15931397922561322 -0.59425848060184061 -0.045896559035671608 0.021498857226258428 -0.17787850795619908 0.079328945448523036 -0.030560062960386582 0.045124022692948934 0.082833108678361023 0.024635347043959543 -0.28260111745559807 -0.11408660908147579 -0.0063107740775936658 -0.080675089491738225 0.0019155581513428022 0.092874953748810121 -0.40229953868048529 -0.12556869829610243 0.24224650491367689
leaf_weight=4003 563 1208 575 11640 743 671 3222 4378 269 2300 68 1495 27 392 3655 21541 35230 3531 338 7870 2485 528 522 2467 45 1801 1276 98 177 495
leaf_count=4003 563 1208 575 11640 743 671 3222 4378 269 2300 68 1495 27 392 3655 21541 35230 3531 338 7870 2485 528 522 2467 45 1801 1276 98 177 495
internal_value=0.000217465 -0.0569994 -0.120236 0.0221033 0.0649215 -0.17634 0.0562778 0.0219264 -0.0403434 0.0100131 0.0690873 -0.1637 0.0499307 0.105135 0.0528515 -0.182448 0.0706411 -0.0481425 0.0289199 0.0528274 0.0688668 -0.191492 -0.0515131 0.0284993 0.0481958 0.0658667 0.0396355 -0.168329 -0.224186 0.215336
internal_weight=113613 60295 33508 26787 53318 23420 22784 11144 6374 10088 52755 2292 5982 4770 5955 22749 52412 4106 4082 17182 10355 2023 860 6827 4360 3617 3077 343 275 540
internal_count=113613 60295 33508 26787 53318 23420 22784 11144 6374 10088 52755 2292 5982 4770 5955 22749 52412 4106 4082 17182 10355 2023 860 6827 4360 3617 3077 343 275 540
is_linear=0
shrinkage=0.05


Tree=30
num_leaves=31
num_cat=0
split_feature=0 0 1 1 1 1 1 0 1 1 1 0 0 1 1 0 1 0 1 1 1 0 1 1 0 0 0 1 1 0
split_gain=155699 105811 86224.2 65146.4 30638.6 11724.3 22996.5 17946.1 11649.6 7924.5 6032.61 5545.38 4509.88 4471.93 3933.51 4672.46 3551.09 3535 3104 2757.13 2738.63 6498.5 6217.26 2598.69 2266.83 2128.43 2389.82 3251.15 4542.77 2776.7
threshold=4.2086262929321903 4.2029580716161297 0.37425178688405297 -0.66926218500895385 0.035526590940496004 -0.66258612056614341 0.82659308966095224 3.6144161971290862 0.66046176821179381 0.74424765479753441 -0.6616821142420839 4.2067386580003294 4.2079410597434483 0.99518812659106171 0.039778206153560709 4.2137218946976223 0.52999857268208184 4.2066285382127502 0.033103883688665743 -0.0011725711818398666 0.046612744195873447 4.2107416079796964 0.053051794850801269 0.39186529923390212 4.0844980415780485 4.2131591191432927 4.2098241418237548 0.057693428552758039 0.21968849704797191 4.2096520377771407
decision_type=2 2 2 2 2 2 2 2 2 2 2 2 2 2 2 2 2 2 2 2 2 2 2 2 2 2 2 2 2 2
left_child=1 3 12 -1 -2 -5 7 19 11 14 -9 16 18 -8 15 -6 -4 -10 -3 -7 21 -16 -22 -13 -15 26 27 29 -29 -24
right_child=4 2 8 5 9 6 13 10 17 -11 -12 23 -14 24 20 -17 -18 -19 -20 -21 22 -23 25 -25 -26 -27 -28 28 -30 -31
leaf_value=-0.16575099731824047 -0.2802909720858125 -0.24050807951024017 -0.1656555108585448 0.084607187287304153 0.18754870224082476 0.049414755718404813 0.11034067257255575 0.052755298556518705 0.098151621966684158 -0.16253235275882322 -0.17476546438915885 0.29602165823453108 -0.0064053832721010472 0.085212513450303201 -0.05139181494571559 -0.37039772180410535 0.02933256936217235 0.016237364776406988 -0.16825566721484275 -0.064807350257919602 0.16149631393615341 0.078268120710002123 0.11130936627812459 -0.024896384838674381 -0.15396479776092606 0.025352670449786063 0.077152925041486103 0.0042041608637958918 0.072265471377247134 0.44754825550853533
leaf_weight=4044 639 1605 1272 12504 991 2648 4361 332 2382 370 2379 64 411 162 1569 39 286 2946 20129 660 1830 2516 198 4398 255 2811 31607 4096 6107 89
leaf_count=4044 639 1605 1272 12504 991 2648 4361 332 2382 370 2379 64 411 162 1569 39 286 2946 20129 660 1830 2516 198 4398 255 2811 31607 4096 6107 89
internal_value=0.00106194 -0.0534783 -0.11306 0.0194988 0.0638314 0.0516498 0.0134819 -0.0515326 -0.000990586 0.0680421 -0.146902 -0.0486501 -0.170488 0.0953828 0.0696873 0.166423 -0.129862 0.0528589 -0.173591 0.0266256 0.0677269 0.0284673 0.0711582 -0.0202933 -0.061047 0.067477 0.0702898 0.0496107 0.0449422 0.215579
internal_weight=113700 60838 33493 27345 52862 23301 10797 6019 11348 52223 2711 6020 22145 4778 51853 1030 1558 5328 21734 3308 50823 4085 46738 4462 417 44908 42097 10490 10203 287
internal_count=113700 60838 33493 27345 52862 23301 10797 6019 11348 52223 2711 6020 22145 4778 51853 1030 1558 5328 21734 3308 50823 4085 46738 4462 417 44908 42097 10490 10203 287
is_linear=0
shrinkage=0.05


Tree=31
num_leaves=31
num_cat=0
split_feature=0 0 1 1 1 0 1 0 0 1 1 1 1 0 1 0 1 1 0 1 1 1 0 0 0 0 1 1 0 1
split_gain=140518 95619.4 79793.9 59735.1 27651.3 14141.7 9523.46 20739.5 18743.5 7930.91 7151.86 5930.88 3549.99 4216.9 3209.04 2851.2 2663.68 2471.62 5864.9 5611.08 2277.77 2067.84 4938.13 4055.22 1920.9 2156.81 2934.17 4099.85 2505.97 2332.89
threshold=4.2086262929321903 4.1959841330863972 0.45112986590810861 -0.66926218500895385 0.035526590940496004 4.2079410597434483 -0.66258612056614341 3.7276973426772373 3.6144161971290862 0.70837183041219554 0.74424765479753441 0.99518812659106171 0.039778206153560709 4.2137218946976223 0.99518812659106171 3.6838237122462423 0.033103883688665743 0.046612744195873447 4.2107416079796964 0.053051794850801269 -0.0011725711818398666 0.037513468545582969 4.2113213406035168 4.212433616505538 4.2131591191432927 4.2098241418237548 0.057693428552758039 0.21968849704797191 4.2096520377771407 0.070954679831247813
decision_type=2 2 2 2 2 2 2 2 2 2 2 2 2 2 2 2 2 2 2 2 2 2 2 2 2 2 2 2 2 2
left_child=1 3 5 -1 -2 16 -5 8 20 -4 12 -11 13 21 -9 -10 -3 18 -14 -19 -8 22 -6 -24 25 26 28 -28 -21 -27
right_child=4 2 9 6 10 -7 7 14 15 11 -12 -13 17 -15 -16 -17 -18 19 -20 24 -22 -23 23 -25 -26 29 27 -29 -30 -31
leaf_value=-0.15746345006806442 -0.26627643955332203 -0.22559732646576763 -0.028980247201927545 0.080376827522500208 0.387801109002127 0.041435130593835273 0.046944018187222221 0.10492353682447556 -0.10121852947818505 0.0645175447519927 -0.15440573375999322 -0.60825656386035865 -0.048822224859820199 -0.35187784341665418 -0.043249651102493882 -0.21327222006267968 -0.15975104979094096 0.15342149831232477 0.074354715866752227 0.1057438926451435 -0.056562041725991365 0.23213188162618228 -0.15244019547546353 0.29305913448333742 0.024085042477966057 0.10555966243634746 0.0039939534580987869 0.068652197379382204 0.425170848309324 0.067576189022264782
leaf_weight=4044 639 1656 5760 12504 96 865 2648 4340 1079 4471 370 33 1569 39 399 1198 21176 1830 2516 198 665 636 189 70 2811 4759 4096 6107 89 26848
leaf_count=4044 639 1656 5760 12504 96 865 2648 4340 1079 4471 370 33 1569 39 399 1198 21176 1830 2516 198 665 636 189 70 2811 4759 4096 6107 89 26848
internal_value=0.00100885 -0.0508044 -0.106569 0.0196577 0.0606398 -0.157009 0.051028 0.0154991 -0.0497354 0.00988496 0.06464 0.0595882 0.066203 0.158101 0.0924481 -0.160173 -0.164527 0.0643405 0.0270439 0.0676003 0.0261678 0.178171 0.0814982 -0.032035 0.0641031 0.0667753 0.0471302 0.0426951 0.2048 0.0732953
internal_weight=113700 60838 33961 26877 52862 23697 22833 10329 5590 10264 52223 4504 51853 1030 4739 2277 22832 50823 4085 46738 3313 991 355 259 44908 42097 10490 10203 287 31607
internal_count=113700 60838 33961 26877 52862 23697 22833 10329 5590 10264 52223 4504 51853 1030 4739 2277 22832 50823 4085 46738 3313 991 355 259 44908 42097 10490 10203 287 31607
is_linear=0
shrinkage=0.05


Tree=32
num_leaves=31
num_cat=0
split_feature=0 0 1 1 1 0 1 0 0 1 1 1 1 0 1 0 1 1 0 1 1 0 1 1 0 0 0 0 0 1
split_gain=126818 86296.6 72014 53911 24955.3 12762.9 8594.93 18717.4 16916 7157.64 6454.56 5352.61 3203.87 3805.75 2896.16 2573.21 2403.97 2230.63 5293.07 5064 2055.69 1886.1 1895.17 1866.22 4456.66 3659.83 1798.58 1872.77 1724 2013.67
threshold=4.2086262929321903 4.1959841330863972 0.45112986590810861 -0.66926218500895385 0.035526590940496004 4.2079410597434483 -0.66258612056614341 3.7276973426772373 3.6144161971290862 0.70837183041219554 0.74424765479753441 0.99518812659106171 0.039778206153560709 4.2137218946976223 0.99518812659106171 3.6838237122462423 0.033103883688665743 0.046612744195873447 4.2107416079796964 0.053051794850801269 -0.0011725711818398666 3.3150374316227009 -0.66476311403078769 0.037513468545582969 4.2113213406035168 4.212433616505538 4.2135815137323176 4.2091428143259337 4.2090870767876725 0.8471138667079785
decision_type=2 2 2 2 2 2 2 2 2 2 2 2 2 2 2 2 2 2 2 2 2 2 2 2 2 2 2 2 2 2
left_child=1 3 5 -1 -2 16 21 8 20 -4 12 -11 13 23 -9 -10 -3 18 -14 -19 -8 22 -5 24 -6 -26 27 -21 -12 -30
right_child=4 2 9 6 10 -7 7 14 15 11 28 -13 17 -15 -16 -17 -18 19 -20 26 -22 -23 -24 -25 25 -27 -28 -29 29 -31
leaf_value=-0.14959027317935708 -0.25296261702345013 -0.2143174582588428 -0.027531234783063813 -0.10564932823014413 0.36841105157509446 0.03936337561604656 0.044596817678760663 0.099677359678402702 -0.096157602389430274 0.061291667996518098 0.084948654230119602 -0.57784372432665387 -0.046381111974056893 -0.33428398279043348 -0.041087164714895097 -0.20260861199597932 -0.15176350102055736 0.14575042698308419 0.070636974846222764 0.027345936550851303 -0.053733940728024503 0.089436890420703574 0.055452505435049031 0.22052529499801637 -0.14481814069742407 0.2784062188012259 -0.0086406154752301078 0.065378941974703522 -0.34288941693485236 -0.083484994896758369
leaf_weight=4044 639 1656 5760 192 96 865 2648 4340 1079 4471 66 33 1569 39 399 1198 21176 1830 2516 3518 665 8602 3710 636 189 70 911 40479 133 171
leaf_count=4044 639 1656 5760 192 96 865 2648 4340 1079 4471 66 33 1569 39 399 1198 21176 1830 2516 3518 665 8602 3710 636 189 70 911 40479 133 171
internal_value=0.000958403 -0.0482642 -0.10124 0.0186748 0.0576078 -0.149158 0.0484766 0.0147242 -0.0472486 0.00939071 0.061408 0.0566088 0.0628928 0.150196 0.0878257 -0.152165 -0.156301 0.0611235 0.0256917 0.0642203 0.0248594 0.076358 0.0475254 0.169263 0.0774233 -0.0304332 0.060898 0.0623378 -0.146685 -0.196974
internal_weight=113700 60838 33961 26877 52862 23697 22833 10329 5590 10264 52223 4504 51853 1030 4739 2277 22832 50823 4085 46738 3313 12504 3902 991 355 259 44908 43997 370 304
internal_count=113700 60838 33961 26877 52862 23697 22833 10329 5590 10264 52223 4504 51853 1030 4739 2277 22832 50823 4085 46738 3313 12504 3902 991 355 259 44908 43997 370 304
is_linear=0
shrinkage=0.05


Tree=33
num_leaves=31
num_cat=0
split_feature=0 0 1 1 1 0 1 0 0 1 1 1 1 1 0 1 0 1 0 1 0 1 1 1 1 0 1 0 0 0
split_gain=114453 77882.6 64992.6 48654.6 22522.2 11518.5 7801.08 15454 15590.9 6459.77 5825.24 4830.73 3789.63 2891.49 3434.69 2694.21 3160.36 2169.59 2093.28 2013.15 4776.99 4570.26 1851 1794.01 2860.08 2399.84 1684.27 4022.13 3303 1645.8
threshold=4.2086262929321903 4.1959841330863972 0.45112986590810861 -0.66926218500895385 0.035526590940496004 4.2079410597434483 -0.66274421679704876 3.7276973426772373 3.6144161971290862 0.70837183041219554 0.74424765479753441 0.99518812659106171 -0.6616821142420839 0.039778206153560709 4.2137218946976223 0.97366692785173814 4.1317818897369714 0.033103883688665743 3.7022896494328408 0.046612744195873447 4.2107416079796964 0.053051794850801269 -0.0011725711818398666 -0.66476311403078769 -0.66401739011758709 2.7880469424112762 0.037513468545582969 4.2113213406035168 4.212433616505538 4.2131591191432927
decision_type=2 2 2 2 2 2 2 2 2 2 2 2 2 2 2 2 2 2 2 2 2 2 2 2 2 2 2 2 2 2
left_child=1 3 5 -1 -2 17 23 8 22 -4 13 -11 -10 14 26 -9 -17 -3 -14 20 -15 -21 -8 25 -25 -5 27 -6 -29 -23
right_child=4 2 9 6 10 -7 7 15 12 11 -12 -13 18 19 -16 16 -18 -19 -20 21 -22 29 -24 24 -26 -27 -28 28 -30 -31
leaf_value=-0.14211076487419513 -0.24031446883003105 -0.2036015866574008 -0.026154674107241996 -0.378316381088523 0.34999049813874689 0.037395206988234654 0.040258324518161456 0.13159904490583532 0.044242823343045377 0.058227085446456862 -0.13935117510373932 -0.54895154346119279 -0.12976666955444288 -0.044062058267897677 -0.31756979135366592 0.087155158267727587 -0.026801816709427068 -0.14417532603233535 -0.24441960574482444 0.13846290300696926 0.067105129573920619 0.060326503499192233 -0.05104724025843959 0.13615912474605568 0.067550817853661793 0.01440522659469542 0.20949903264782341 -0.13757726158059777 0.26448589529309957 0.020811266367035165
leaf_weight=4044 639 1656 5760 43 96 865 3358 1834 258 4471 370 33 1573 1569 39 2128 852 21176 533 1830 2516 42097 665 1813 9368 408 636 189 70 2811
leaf_count=4044 639 1656 5760 43 96 865 3358 1834 258 4471 370 33 1573 1569 39 2128 852 21176 533 1830 2516 42097 665 1813 9368 408 636 189 70 2811
internal_value=0.000910482 -0.0458509 -0.0961782 0.0177411 0.0547274 -0.1417 0.0460528 0.01627 -0.0347179 0.00892118 0.0583376 0.0537784 -0.136626 0.0597482 0.142687 0.0839185 0.0545742 -0.148485 -0.158784 0.0580673 0.0244071 0.0610093 0.0251656 0.074732 0.0786757 -0.0230383 0.1608 0.0735521 -0.0289115 0.0578531
internal_weight=113700 60838 33961 26877 52862 23697 22833 11201 6387 10264 52223 4504 2364 51853 1030 4814 2980 22832 2106 50823 4085 46738 4023 11632 11181 451 991 355 259 44908
internal_count=113700 60838 33961 26877 52862 23697 22833 11201 6387 10264 52223 4504 2364 51853 1030 4814 2980 22832 2106 50823 4085 46738 4023 11632 11181 451 991 355 259 44908
is_linear=0
shrinkage=0.05


Tree=34
num_leaves=31
num_cat=0
split_feature=0 0 1 1 1 0 1 0 0 1 1 1 1 0 1 0 1 1 0 1 0 1 0 1 0 1 1 0 0 0
split_gain=103294 70289.1 58655.8 43910.8 20326.3 10395.4 7040.47 13947.3 14070.8 5930.92 5257.28 4227.26 3420.14 2830.53 2609.57 3099.81 2546.06 1958.05 1889.19 1816.86 4322.72 4124.66 1773.26 1670.53 1624.95 1619.09 2581.22 2186.9 1563.26 2088.51
threshold=4.2086262929321903 4.1959841330863972 0.45112986590810861 -0.66926218500895385 0.035526590940496004 4.2079410597434483 -0.66274421679704876 3.7276973426772373 3.6144161971290862 0.66046176821179381 0.74424765479753441 0.99518812659106171 -0.6616821142420839 4.2066285382127502 0.039778206153560709 4.2137218946976223 0.99518812659106171 0.033103883688665743 3.7022896494328408 0.046612744195873447 4.2108051094122301 0.053051794850801269 4.2060287390333535 -0.0011725711818398666 4.0844980415780485 -0.66476311403078769 -0.66401739011758709 2.8775961260131271 4.2091428143259337 4.2115082209862642
decision_type=2 2 2 2 2 2 2 2 2 2 2 2 2 2 2 2 2 2 2 2 2 2 2 2 2 2 2 2 2 2
left_child=1 3 5 -1 -2 17 25 8 23 22 14 13 -10 -11 15 -6 -9 -3 -14 20 -16 -21 -4 -8 -18 27 -27 -5 -23 -30
right_child=4 2 9 6 10 -7 7 16 12 11 -12 -13 18 -15 19 -17 24 -19 -20 21 -22 28 -24 -25 -26 26 -28 -29 29 -31
leaf_value=-0.13500522536941381 -0.22829876438552785 -0.19342150858598919 -0.14740246852690525 -0.31430188438722068 0.15275959989542798 0.03552544547562525 0.038245408031463021 0.090653900803485524 0.042030682766813675 0.083153365167960222 -0.13238361793645734 -0.52150396583884051 -0.12327833517175701 0.012162942788539919 -0.038665130011804272 -0.30169130472036509 0.080810968890602214 -0.13696655730451707 -0.23219862577154202 0.13153976128879385 0.065958072237408183 0.022962314495896249 -0.025206502793358357 -0.04849487931880736 -0.12465754783857724 0.12935116956461482 0.064173277265392834 0.019569990795247166 0.065808160520600845 0.042159967951091115
leaf_weight=4044 639 1656 319 56 991 865 3358 4415 258 2687 370 33 1573 2941 1670 39 162 21176 533 1830 2415 3518 4284 665 237 1813 9368 395 27164 14226
leaf_count=4044 639 1656 319 56 991 865 3358 4415 258 2687 370 33 1573 2941 1670 39 162 21176 533 1830 2415 3518 4284 665 237 1813 9368 395 27164 14226
internal_value=0.000864958 -0.0435584 -0.0913693 0.016854 0.0519911 -0.134615 0.0437501 0.0154565 -0.032982 0.00847512 0.0554207 0.0427477 -0.129795 0.0460562 0.0567608 0.135552 0.0797226 -0.141061 -0.150845 0.055164 0.0231868 0.0579588 -0.033675 0.0239073 -0.0412342 0.0709954 0.0747419 -0.0218864 0.0549604 0.0576801
internal_weight=113700 60838 33961 26877 52862 23697 22833 11201 6387 10264 52223 5661 2364 5628 51853 1030 4814 22832 2106 50823 4085 46738 4603 4023 399 11632 11181 451 44908 41390
internal_count=113700 60838 33961 26877 52862 23697 22833 11201 6387 10264 52223 5661 2364 5628 51853 1030 4814 22832 2106 50823 4085 46738 4603 4023 399 11632 11181 451 44908 41390
is_linear=0
shrinkage=0.05


Tree=35
num_leaves=31
num_cat=0
split_feature=0 0 1 1 1 1 1 1 1 0 0 1 1 0 1 0 0 1 0 1 1 0 0 0 0 1 1 0 1 0
split_gain=89199.5 67941 53371.3 39251.7 18667.4 6771.53 12579.6 11224.5 5742.8 5731.66 4255.71 3852.35 3497.16 3097.92 2378.34 2373.73 2325.08 2224.21 2394.76 2464.9 2062.01 2783.4 1998.19 1821.67 1730.06 1546.47 2450.01 2164.34 1324.98 3245.55
threshold=4.2083814024886363 4.2029580716161297 0.46250386419151496 -0.66926218500895385 0.035526590940496004 -0.66274421679704876 0.82659308966095224 -0.0022132866865079664 0.80403983572463045 3.3829345773626645 4.2078315369189232 0.44135527888097464 0.99518812659106171 4.2111802113758516 0.026335236696960137 4.2047591896279792 3.017657434145895 0.94133524972883265 4.163209113926416 0.9899572276429659 0.039778206153560709 4.2137218946976223 4.1317818897369714 3.7276973426772373 4.1763048044315134 -0.66476311403078769 -0.66401739011758709 3.2769015374171824 0.15518290890557315 4.2101662756017779
decision_type=2 2 2 2 2 2 2 2 2 2 2 2 2 2 2 2 2 2 2 2 2 2 2 2 2 2 2 2 2 2
left_child=1 3 10 -1 -2 25 7 -7 -4 16 14 20 17 -13 15 -3 -9 -8 19 -19 21 -6 23 -21 -14 27 -27 -5 29 -22
right_child=4 2 8 5 11 6 12 9 -10 -11 -12 13 24 -15 -16 -17 -18 18 -20 22 28 -23 -24 -25 -26 26 -28 -29 -30 -31
leaf_value=-0.12749105825773607 -0.22282179206703742 -0.092799660074524587 -0.0092320095550854266 -0.1647140588522667 0.14285193948212424 0.032148380493383477 0.15438446421541421 -0.39459602236747743 0.085521236658973321 -0.12077814700495433 0.027040667499752015 0.015643013948095169 -0.019870343390438291 -0.15961736780227784 -0.131946456707036 -0.36383368261328575 0.11320648227850945 0.18315031866262632 -0.011821040494222168 0.50136163876606865 0.014608065042479574 -0.27791440777662324 -0.057620421640601452 0.079722683184821425 -0.30987060310939951 0.12518054931481284 0.061580514659387298 0.061251938584153558 0.063611216096469039 0.054641955508707929
leaf_weight=4048 634 128 6787 168 950 3553 1020 24 2092 2874 418 4023 360 269 22435 219 371 578 705 26 6383 41 281 1739 60 1806 9373 287 17412 24473
leaf_count=4048 634 128 6787 168 950 3553 1020 24 2092 2874 418 4023 360 269 22435 219 371 578 705 26 6383 41 281 1739 60 1806 9373 287 17412 24473
internal_value=0.000514188 -0.041831 -0.0911569 0.0161869 0.0468974 0.0412292 0.014181 -0.0293703 0.013093 -0.0962334 -0.131055 0.0500906 0.0764805 0.00465861 -0.133956 -0.263856 0.0823527 0.0897864 0.0699936 0.0919751 0.0540492 0.125444 0.0662179 0.0859338 -0.061299 0.0681775 0.0718553 -0.0221817 0.0525834 0.0463604
internal_weight=113537 59352 32079 27273 54185 23225 11591 6822 8879 3269 23200 53551 4769 4292 22782 347 395 4349 3329 2624 49259 991 2046 1765 420 11634 11179 455 48268 30856
internal_count=113537 59352 32079 27273 54185 23225 11591 6822 8879 3269 23200 53551 4769 4292 22782 347 395 4349 3329 2624 49259 991 2046 1765 420 11634 11179 455 48268 30856
is_linear=0
shrinkage=0.05


Tree=36
num_leaves=31
num_cat=0
split_feature=0 0 1 1 1 0 1 1 1 1 0 1 1 0 1 0 0 1 0 1 0 1 1 0 0 0 1 0 1 0
split_gain=80508.4 59104.2 48185.5 35424.6 16946.8 6652.91 6163.68 9177.06 12704.9 5252.45 5172.82 3947.7 3156.19 2326.48 2146.45 2142.3 2098.38 2007.35 2201.4 2170.28 2015.61 1957.94 1957.93 2512.02 1644.06 1561.38 1553 2064.85 1843.71 1312.78
threshold=4.2085508141781736 4.2029580716161297 0.46250386419151496 -0.66926218500895385 0.035526590940496004 4.2078315369189232 -0.6629857436130554 0.82659308966095224 -0.0022132866865079664 0.80403983572463045 3.3829345773626645 0.74424765479753441 0.99518812659106171 4.2096908238533937 0.026335236696960137 4.2047591896279792 3.017657434145895 0.94133524972883265 4.1763048044315134 0.9899572276429659 4.1317818897369714 0.8471138667079785 0.039778206153560709 4.2137218946976223 3.7276973426772373 4.1763048044315134 -0.66476311403078769 2.7880469424112762 -0.66401739011758709 4.2100283525022411
decision_type=2 2 2 2 2 2 2 2 2 2 2 2 2 2 2 2 2 2 2 2 2 2 2 2 2 2 2 2 2 2
left_child=1 3 5 -1 -2 14 26 8 -8 -4 16 22 17 -13 15 -3 -10 -9 19 -19 24 -15 23 -6 -21 -14 27 -5 -28 -24
right_child=4 2 9 6 11 -7 7 12 10 -11 -12 13 25 21 -16 -17 -18 18 -20 20 -22 -23 29 -25 -26 -27 28 -29 -30 -31
leaf_value=-0.12111650780386296 -0.2116807064423426 -0.088159671683024507 -0.008605502607202364 -0.35508257434481671 0.13570933389840159 0.020879603600621282 0.033810829680990646 0.14666523736189394 -0.37486622730890912 0.081026852995717893 -0.1147392398408804 0.075605334590931064 -0.018876822574271097 -0.35946547736280732 -0.1253491397797962 -0.34564198805316942 0.10754615237931359 0.1619763740670902 -0.029098873716212954 0.4762935629257789 -0.045447759790282143 -0.08423177484600318 0.035295160754581612 -0.26401870541456268 0.075736549933445807 -0.29437706905106703 0.1189215184722595 0.012894543484935751 0.062721483633973174 0.053172437834167197
leaf_weight=4048 634 128 7336 42 950 784 5323 1020 24 2103 2874 118 360 105 22435 219 371 675 510 26 379 168 14209 41 1739 60 1806 413 7603 37034
leaf_count=4048 634 128 7336 42 950 784 5323 1020 24 2103 2874 118 360 105 22435 219 371 675 510 26 379 168 14209 41 1739 60 1806 413 7603 37034
internal_value=0.000488478 -0.0390882 -0.0840948 0.0153776 0.0452809 -0.12233 0.0391678 0.0170358 -0.0138364 0.0113645 -0.0914218 0.0483767 0.0726565 -0.109906 -0.127258 -0.250663 0.078235 0.0852971 0.066494 0.0837882 0.059172 -0.190091 0.0495615 0.119172 0.0816371 -0.058234 0.069146 -0.0210726 0.0735087 0.0482153
internal_weight=113537 60278 33005 27273 53259 23566 23225 13361 8592 9439 3269 52625 4769 391 22782 347 395 4349 3329 2819 2144 273 52234 991 1765 420 9864 455 9409 51243
internal_count=113537 60278 33005 27273 53259 23566 23225 13361 8592 9439 3269 52625 4769 391 22782 347 395 4349 3329 2819 2144 273 52234 991 1765 420 9864 455 9409 51243
is_linear=0
shrinkage=0.05


Tree=37
num_leaves=31
num_cat=0
split_feature=0 0 1 1 1 0 1 1 1 1 0 1 1 0 1 0 0 1 0 1 0 1 0 1 0 0 0 0 1 0
split_gain=72658.8 53341.6 43487.4 31970.7 15294.5 6004.25 5562.72 8282.3 11482.1 4740.34 4114.65 3562.8 2848.46 2099.65 1937.17 2001.01 1891.37 1811.63 1986.77 1958.68 1837.09 1775.36 1973.58 1773.21 1482.89 1445.76 2246.22 1436.21 1401.59 1870.51
threshold=4.2085508141781736 4.2029580716161297 0.46250386419151496 -0.66926218500895385 0.035526590940496004 4.2078315369189232 -0.6629857436130554 0.82659308966095224 -0.0015408843540269332 0.80403983572463045 3.3829345773626645 0.74424765479753441 0.99518812659106171 4.2096908238533937 0.026335236696960137 4.2044103926839052 3.017657434145895 0.94133524972883265 4.1763048044315134 0.9899572276429659 4.1108919008022484 0.040214803383255775 4.2137218946976223 0.80403983572463045 4.1108919008022484 4.2105001002925544 4.2111802113758516 3.7107793083163441 -0.66476311403078769 3.2769015374171824
decision_type=2 2 2 2 2 2 2 2 2 2 2 2 2 2 2 2 2 2 2 2 2 2 2 2 2 2 2 2 2 2
left_child=1 3 5 -1 -2 14 28 8 -8 -4 16 21 17 -13 15 -3 -10 -9 19 -19 27 22 25 -15 -14 -6 -27 -21 29 -5
right_child=4 2 9 6 11 -7 7 12 10 -11 -12 13 24 23 -16 -17 -18 18 -20 20 -22 -23 -24 -25 -26 26 -28 -29 -30 -31
leaf_value=-0.11506068785118102 -0.20109667702804229 -0.0013986215467604113 -0.0081752264973866309 -0.15252335706637021 -0.16095939554612748 0.019835623674099429 0.02748072721232955 0.13933198233445485 -0.36177088238976224 0.076975510531606423 -0.11559223276138003 0.071825067625554684 0.039527407188255058 -0.4464510173189874 -0.11908167636713562 -0.29902800234925486 0.12062299143368925 0.15387755458443253 -0.02764393026630084 0.49523320765722367 -0.019431300435457634 0.045680821866178764 -0.22893753732953753 -0.11950932748213008 -0.14838238497317399 0.25905669524924446 0.09122744393881134 0.078927565711690212 0.06983329999988469 0.057544619394044427
leaf_weight=4048 634 71 7336 168 44 784 5751 1020 22 2103 2553 118 208 51 22435 276 266 675 510 21 584 51052 42 222 212 262 834 1539 9409 287
leaf_count=4048 634 71 7336 168 44 784 5751 1020 22 2103 2553 118 208 51 22435 276 266 675 510 21 584 51052 42 222 212 262 834 1539 9409 287
internal_value=0.000464055 -0.0371338 -0.0798901 0.0146087 0.0430169 -0.116213 0.0372094 0.0161841 -0.0131446 0.0107963 -0.095382 0.0459578 0.0690236 -0.104411 -0.120895 -0.23813 0.0837735 0.0810322 0.0631693 0.0795988 0.0562134 0.0470834 0.107664 -0.180586 -0.0553223 0.120065 0.131347 0.0845317 0.0656887 -0.0200189
internal_weight=113537 60278 33005 27273 53259 23566 23225 13361 8592 9439 2841 52625 4769 391 22782 347 288 4349 3329 2819 2144 52234 1182 273 420 1140 1096 1560 9864 455
internal_count=113537 60278 33005 27273 53259 23566 23225 13361 8592 9439 2841 52625 4769 391 22782 347 288 4349 3329 2819 2144 52234 1182 273 420 1140 1096 1560 9864 455
is_linear=0
shrinkage=0.05


Tree=38
num_leaves=31
num_cat=0
split_feature=0 0 1 1 1 0 1 1 1 1 0 1 1 0 1 1 0 1 0 1 1 0 0 0 0 0 0 1 0 1
split_gain=65574.6 48140.8 39247.4 28853.6 13803.2 5418.84 5035.02 9293.3 8294.68 4278.16 4273.28 3215.43 2570.74 1935.68 1949.43 1748.3 1805.91 1635 1798.95 1857 1611.81 2063 1595 1564.97 1525.43 1351.3 1351.23 1227.69 1202.76 1449.4
threshold=4.2085508141781736 4.2029580716161297 0.46250386419151496 -0.66926218500895385 0.035526590940496004 4.2078315369189232 -0.66274421679704876 0.82659308966095224 -0.0022132866865079664 0.80403983572463045 3.4119034434975446 0.74424765479753441 0.99518812659106171 4.2090870767876725 0.8471138667079785 0.026335236696960137 4.2044103926839052 0.94133524972883265 4.163209113926416 0.9899572276429659 0.039778206153560709 4.2137218946976223 3.017657434145895 4.212078499839305 4.1317818897369714 4.1763048044315134 3.7276973426772373 0.97366692785173814 4.2090870767876725 0.64469578816960282
decision_type=2 2 2 2 2 2 2 2 2 2 2 2 2 2 2 2 2 2 2 2 2 2 2 2 2 2 2 2 2 2
left_child=1 3 5 -1 -2 15 -5 8 -8 -4 22 20 17 -13 -15 16 -3 -9 19 -19 21 -6 -10 -16 26 -14 -21 -11 29 -22
right_child=4 2 9 6 11 -7 7 12 10 27 -12 13 25 14 23 -17 -18 18 -20 24 28 -23 -24 -25 -26 -27 -28 -29 -30 -31
leaf_value=-0.10930765144059457 -0.19104183562546498 -0.0013286929918636739 -0.0077664660333999561 0.058586382432287212 0.12287461144379096 0.018843842756326255 0.027476384484712658 0.13236538140212789 -0.33965625365575158 0.077401010824127967 -0.10619492955699224 0.11676813172767075 -0.015942368014819092 -0.30001947958745179 0.25243843446884834 -0.11312759571556597 -0.28407660742168844 0.15820010683425159 -0.010899551250833146 0.43172015639451838 0.0063041021085879006 -0.2393708973396115 0.078873770338023827 -0.12136571962918555 -0.051495447171540448 -0.272239100796481 0.068583080126588522 -0.26832196328502439 0.045591097358183251 0.12896189230458383
leaf_weight=4048 634 71 7336 11634 950 784 3553 1020 24 2077 2803 82 360 134 35 22435 276 578 705 26 3269 41 442 140 281 60 1739 26 47714 260
leaf_count=4048 634 71 7336 11634 950 784 3553 1020 24 2077 2803 82 360 134 35 22435 276 578 705 26 3269 41 442 140 281 60 1739 26 47714 260
internal_value=0.000440852 -0.0352771 -0.0758956 0.0138782 0.040866 -0.110402 0.0353489 0.0120253 -0.0254076 0.0102565 -0.0828859 0.04366 0.0655725 -0.0991905 -0.1565 -0.11485 -0.226223 0.0769806 0.0600108 0.0790626 0.0447293 0.107888 0.0573186 -0.0466049 0.056706 -0.0525562 0.0739324 0.0731267 0.0435078 0.0153409
internal_weight=113537 60278 33005 27273 53259 23566 23225 11591 6822 9439 3269 52625 4769 391 309 22782 347 4349 3329 2624 52234 991 466 175 2046 420 1765 2103 51243 3529
internal_count=113537 60278 33005 27273 53259 23566 23225 11591 6822 9439 3269 52625 4769 391 309 22782 347 4349 3329 2624 52234 991 466 175 2046 420 1765 2103 51243 3529
is_linear=0
shrinkage=0.05


Tree=39
num_leaves=31
num_cat=0
split_feature=0 0 1 1 1 0 1 1 1 0 1 1 1 0 1 0 0 1 1 0 0 1 0 1 0 1 0 0 1 1
split_gain=59181.1 43447 35420.8 26040.4 12457.4 4890.5 4598.42 6785.91 9378.55 3881.7 3861.04 2901.92 2320.09 1759.83 1577.84 1687.34 1561.79 1507.75 1478.93 1877.85 3671.88 1689.68 5385.28 2807.26 2079.4 1475.58 1682.47 1448.39 3124.48 3390.44
threshold=4.2085508141781736 4.2029580716161297 0.46250386419151496 -0.66926218500895385 0.035526590940496004 4.2078315369189232 -0.6629857436130554 0.82659308966095224 -0.0022132866865079664 3.3829345773626645 0.80403983572463045 0.74424765479753441 0.99518812659106171 4.2096908238533937 0.026335236696960137 4.2047591896279792 3.017657434145895 0.80403983572463045 0.04090205059513307 4.2112150699723587 4.2106484328702471 0.046612744195873447 4.2110433703874595 0.053051794850801269 4.2135815137323176 0.94133524972883265 4.1881520144172528 4.2098545553136661 0.057693428552758039 0.15518290890557315
decision_type=2 2 2 2 2 2 2 2 2 2 2 2 2 2 2 2 2 2 2 2 2 2 2 2 2 2 2 2 2 2
left_child=1 3 5 -1 -2 14 -5 8 -8 16 -4 18 25 -13 15 -3 -10 -15 19 20 -6 22 -20 -23 27 -9 -27 28 -25 -30
right_child=4 2 10 6 11 -7 7 12 9 -11 -12 13 -14 17 -16 -17 -18 -19 21 -21 -22 23 -24 24 -26 26 -28 -29 29 -31
leaf_value=-0.10384226860846633 -0.18148974462262465 -0.070692864016746168 -0.0073781412941667235 0.059474905500431975 -0.058019160929807405 0.017901650408570349 0.028855200572829556 0.12574710585323035 -0.3226734220981598 -0.098940518225278135 0.069470398965248731 0.067114537549047268 -0.049928371743077321 -0.40912748783388564 -0.10747121389660548 -0.29920465352872733 0.093512060637071209 -0.10765008455192722 -0.048777827209006336 0.054347133886114098 0.25265547564170887 0.10516204550828714 0.076129985244336493 0.18725866045025163 -0.032989289757541999 0.068380308860345504 -0.054114422370893672 0.047897647593033471 -0.022241922029405638 0.039854017088509865
leaf_weight=4048 634 128 7336 9864 129 784 5323 1020 24 2874 2103 118 420 51 22435 219 371 222 1919 1158 362 1774 1568 297 929 3020 309 33012 3022 8064
leaf_count=4048 634 128 7336 9864 129 784 5323 1020 24 2874 2103 118 420 51 22435 219 371 222 1919 1158 362 1774 1568 297 929 3020 309 33012 3022 8064
internal_value=0.00041881 -0.0335132 -0.0721008 0.0131843 0.0388227 -0.104882 0.0335815 0.0144652 -0.0120822 -0.0787416 0.00974364 0.041477 0.0622938 -0.094231 -0.109108 -0.214912 0.0682248 -0.16397 0.0424928 0.0890908 0.171032 0.0409738 0.00738949 0.0434603 0.0410452 0.0731316 0.0570103 0.0425945 0.0272146 0.0229269
internal_weight=113537 60278 33005 27273 53259 23566 23225 13361 8592 3269 9439 52625 4769 391 22782 347 395 273 52234 1649 491 50585 3487 47098 45324 4349 3329 44395 11383 11086
internal_count=113537 60278 33005 27273 53259 23566 23225 13361 8592 3269 9439 52625 4769 391 22782 347 395 273 52234 1649 491 50585 3487 47098 45324 4349 3329 44395 11383 11086
is_linear=0
shrinkage=0.05


Tree=40
num_leaves=31
num_cat=0
split_feature=0 0 1 1 1 1 1 1 1 0 1 0 1 1 0 0 0 1 0 0 1 1 1 1 0 0 1 0 1 0
split_gain=52892.6 37000 31550.1 23562.7 13090.6 5388.65 3789 8307.29 7399.86 3470.43 3342.68 2832.66 2140.7 2098.62 2642.26 2069.2 1835.22 1640.35 1881.63 1399.52 4447.01 4268.1 5416.76 2290.17 1568.03 1292.38 1281.42 2653.7 1638.4 4428.48
threshold=4.2087814111788378 4.2029580716161297 0.37425178688405297 -0.66926218500895385 0.035526590940496004 0.64469578816960282 -0.66274421679704876 0.82659308966095224 -0.0022132866865079664 4.2066285382127502 0.74424765479753441 3.5079858025000532 0.39186529923390212 0.99518812659106171 4.0016850225900411 4.2080529843511281 4.2066285382127502 0.026335236696960137 4.2046791003581641 4.2073187007920287 0.52999857268208184 0.52999857268208184 0.59821005442195807 0.59821005442195807 4.2070967715774277 3.017657434145895 0.040214803383255775 4.2133169568797095 0.046612744195873447 4.2108051094122301
decision_type=2 2 2 2 2 2 2 2 2 2 2 2 2 2 2 2 2 2 2 2 2 2 2 2 2 2 2 2 2 2
left_child=1 3 15 -1 -2 9 -5 8 -8 -4 26 25 -11 -9 -15 17 -7 18 -3 21 -21 24 -23 -22 -14 -10 27 -6 29 -28
right_child=4 2 5 6 10 16 7 13 11 12 -12 -13 19 14 -16 -17 -18 -19 -20 20 23 22 -24 -25 -26 -27 28 -29 -30 -31
leaf_value=-0.09926441376335457 -0.18170124129654747 -0.050423668833199625 -0.10393469320444411 0.051799235921233949 0.11026039053053183 0.068764066772881965 0.02596532986380079 0.071776023799350927 -0.36177835879118547 0.22131947327094773 -0.11300972981199538 -0.10385456591362976 -0.21974135055428459 0.3707319205573627 -0.083019567356481194 -0.019156618520169783 0.011247808990860472 -0.10173351773279066 -0.29127559271179332 0.029241645213604159 -0.11736487408105585 0.34171969709541516 -0.0051525918477111398 -0.0084680082822111893 0.011996117254783369 0.018954375855128661 -0.053772170063260585 -0.20266329447428386 0.042576119356964613 0.054330050417242398
leaf_weight=4043 674 123 1326 11568 1148 2384 3523 4397 23 96 354 2519 147 35 385 752 3316 21366 238 1760 1352 193 270 751 145 721 1638 72 45626 2247
leaf_count=4043 674 123 1326 11568 1148 2384 3523 4397 23 96 354 2519 147 35 385 752 3316 21366 238 1760 1352 193 270 751 145 721 1638 72 45626 2247
internal_value=-2.36544e-05 -0.0313963 -0.0660008 0.0121155 0.0372127 0.000433323 0.0315497 0.0113612 -0.0242836 -0.0324742 0.040101 -0.0785365 -0.0123731 0.0615761 -0.0452069 -0.100697 0.0353037 -0.103519 -0.209212 -0.0172311 -0.0293998 0.0450307 0.13944 -0.0784768 -0.104666 0.00718441 0.0411694 0.0917928 0.039922 0.00875182
internal_weight=113192 61433 34219 27214 51759 11740 23171 11603 6786 6040 51085 3263 4714 4817 420 22479 5700 21727 361 4618 3863 755 463 2103 292 744 50731 1220 49511 3885
internal_count=113192 61433 34219 27214 51759 11740 23171 11603 6786 6040 51085 3263 4714 4817 420 22479 5700 21727 361 4618 3863 755 463 2103 292 744 50731 1220 49511 3885
is_linear=0
shrinkage=0.05


Tree=41
num_leaves=31
num_cat=0
split_feature=0 0 1 1 1 1 1 1 1 0 1 0 1 0 1 0 1 1 0 0 1 1 0 1 1 0 1 0 1 0
split_gain=47738.5 33970.9 28498.9 21265.3 11781.6 4647.39 3419.57 7497.33 6678.37 3159.27 2711.5 2556.48 1894.01 2384.64 1780.25 5294.45 3050.67 2986.71 2648.07 1755.23 1690.77 1446.32 1231.19 1215.44 1188.48 2948.58 1279.56 4161.5 3729.51 1866.02
threshold=4.2087076272842721 4.2029580716161297 0.37425178688405297 -0.66926218500895385 0.035526590940496004 0.64469578816960282 -0.66274421679704876 0.82659308966095224 -0.0022132866865079664 4.2066285382127502 0.76175444319795671 3.5079858025000532 0.99518812659106171 4.0016850225900411 0.51724704080845141 4.2073187007920287 0.59821005442195807 0.52999857268208184 4.2070967715774277 4.2070967715774277 0.037513468545582969 0.59821005442195807 3.7276973426772373 0.39186529923390212 0.039778206153560709 4.2133169568797095 0.046612744195873447 4.2108051094122301 0.053051794850801269 4.2125412868472791
decision_type=2 2 2 2 2 2 2 2 2 2 2 2 2 2 2 2 2 2 2 2 2 2 2 2 2 2 2 2 2 2
left_child=1 3 20 -1 -2 9 -5 8 -8 -4 24 -10 22 -14 18 16 17 -16 -11 -7 -3 -17 -9 -20 25 -6 27 -26 -28 -30
right_child=4 2 5 6 10 19 7 12 11 14 -12 -13 13 -15 15 21 -18 -19 23 -21 -22 -23 -24 -25 26 -27 28 -29 29 -31
leaf_value=-0.094301197044099894 -0.17261618329792419 -0.13220951733799843 -0.098737956071632452 0.049209273533638312 0.11424638416999498 0.055603450340327931 0.02466706286270141 0.42532698065042496 0.0068251924184952132 -0.18857003907665953 -0.10639640017510335 -0.098661836672836054 0.35219532990029884 -0.078868582299003356 -0.14062745031856358 -0.097520364132936438 -0.0048949713673856528 0.32463371181001627 0.23384182632521347 -0.0011984449877121123 -0.091221148659921467 -0.011286647170160344 0.066227157822352875 0.035239779737260606 -0.049382153901700386 -0.2240663010141124 0.11172568652558723 0.053265298257745647 0.041316024312683879 0.011834119153150142
leaf_weight=4043 674 2891 1326 11568 967 3375 3523 24 744 131 324 2519 35 385 42 1502 270 193 81 2278 19394 719 4373 1575 1686 69 1743 2383 38108 6247
leaf_count=4043 674 2891 1326 11568 967 3375 3523 24 744 131 324 2519 35 385 42 1502 270 193 81 2278 19394 719 4373 1575 1686 69 1743 2383 38108 6247
internal_value=-2.24725e-05 -0.0300627 -0.0635574 0.0115097 0.0350761 0.000398699 0.0299722 0.0107931 -0.0230694 -0.0308871 0.0377929 -0.0746096 0.0584973 -0.0429466 -0.0109513 -0.0363772 0.109755 0.241481 0.027835 0.0327139 -0.0965385 -0.0696041 0.0681872 0.044954 0.0387053 0.091714 0.0376106 0.0107331 0.039983 0.0371638
internal_weight=113192 60991 33777 27214 52201 11492 23171 11603 6786 5839 51527 3263 4817 420 4513 2726 505 235 1787 5653 22285 2221 4397 1656 51203 1036 50167 4069 46098 44355
internal_count=113192 60991 33777 27214 52201 11492 23171 11603 6786 5839 51527 3263 4817 420 4513 2726 505 235 1787 5653 22285 2221 4397 1656 51203 1036 50167 4069 46098 44355
is_linear=0
shrinkage=0.05


Tree=42
num_leaves=31
num_cat=0
split_feature=0 0 1 1 1 1 1 1 1 1 0 0 0 1 1 0 0 1 1 0 1 0 0 1 1 1 1 0 0 0
split_gain=43202.6 29162.5 25664.1 19192 10729.5 4816.87 3534.81 3147.55 4843.95 8311.03 3104.23 2793.32 2307.22 1939.57 1709.34 2152.14 1664.3 1429.28 1385.05 1384.82 1641.85 1209.25 1180.54 4009.69 3495.41 4411.98 1898.73 1295.28 1166.37 1153.83
threshold=4.2089088136697255 4.2029580716161297 0.37425178688405297 -0.66926218500895385 0.035526590940496004 0.64469578816960282 0.66046176821179381 -0.66314670257716057 0.82659308966095224 -0.0022132866865079664 4.2080529843511281 4.2066285382127502 3.5079858025000532 0.39186529923390212 0.99518812659106171 4.0016850225900411 4.2091428143259337 0.031197422311893905 0.8682140037659869 4.2064204226126582 0.70837183041219554 4.2086262929321903 4.2073187007920287 0.52999857268208184 0.52999857268208184 0.59821005442195807 0.59821005442195807 4.2070967715774277 3.017657434145895 3.3829345773626645
decision_type=2 2 2 2 2 2 2 2 2 2 2 2 2 2 2 2 2 2 2 2 2 2 2 2 2 2 2 2 2 2
left_child=1 3 10 -1 -2 11 -6 -5 9 29 17 -4 28 -13 -10 -16 -8 -3 -18 20 -7 -21 24 -24 27 -26 -25 -15 -11 -9
right_child=4 2 5 7 6 19 16 8 14 12 -12 13 -14 22 15 -17 18 -19 -20 21 -22 -23 23 26 25 -27 -28 -29 -30 -31
leaf_value=-0.089586136000833982 -0.16398536485097528 -0.161996212187375 -0.093801057630051421 0.052722376281812255 0.038178218902608675 0.24093473842949609 0.088513986141693715 0.0026063592097487118 0.064777858628348547 -0.34403071092522663 -0.012048204949334838 0.18465856322849294 -0.093728745788810519 -0.19965191859574546 0.33458556475383894 -0.074925160934398702 -0.21015735082038414 -0.091108269326894281 -0.017310859913593286 0.0096974393899198416 0.055763014915219844 0.13976866420992512 0.024621058630606259 -0.10782201985669891 0.30840202679404016 -0.0046502269694098722 -0.011576498480616395 0.010968490633471259 0.017665396168170529 0.044805686616519368
leaf_weight=4043 674 736 1326 8483 49673 128 99 2843 4397 23 1236 122 2519 147 35 385 257 20991 146 3607 1848 188 1962 1432 193 270 798 145 721 3765
leaf_count=4043 674 736 1326 8483 49673 128 99 2843 4397 23 1236 122 2519 147 35 385 257 20991 146 3607 1848 188 1962 1432 193 270 798 145 721 3765
internal_value=-2.13492e-05 -0.0279188 -0.0580178 0.0109342 0.0341821 0.000696037 0.0368441 0.0284736 0.0144688 -0.00558964 -0.0891249 -0.0291911 -0.0708791 -0.0122897 0.0555725 -0.0407993 -0.0951692 -0.0935096 -0.140292 0.0338147 0.0677579 0.016141 -0.0171468 -0.0275126 0.0404075 0.125845 -0.0733808 -0.095063 0.00648393 0.02665
internal_weight=113192 62343 35129 27214 50849 12166 50175 23171 14688 9871 22963 6395 3263 5069 4817 420 502 21727 403 5771 1976 3795 4947 4192 755 463 2230 292 744 6608
internal_count=113192 62343 35129 27214 50849 12166 50175 23171 14688 9871 22963 6395 3263 5069 4817 420 502 21727 403 5771 1976 3795 4947 4192 755 463 2230 292 744 6608
is_linear=0
shrinkage=0.05


Tree=43
num_leaves=31
num_cat=0
split_feature=0 0 1 1 1 0 0 1 1 1 1 1 1 1 1 0 0 1 1 0 0 1 1 0 0 1 1 1 1 1
split_gain=38990.4 26348.3 23420.6 17582.7 9683.38 9216.49 3211.56 3258.15 3190.17 2626.66 4319.09 7090.69 2215.92 2049.7 2027.69 2014.7 1521.94 1701.1 1434.93 1825.9 1284.09 2710.34 1261.36 1155.7 1129.92 1212.83 1078.15 9503.2 7390.22 5792.37
threshold=4.2089088136697255 4.1959841330863972 0.55552898264406514 -0.66926218500895385 0.035526590940496004 4.2078315369189232 4.2075194183444795 0.59821005442195807 0.66046176821179381 -0.66314670257716057 0.82659308966095224 -0.0022132866865079664 0.99518812659106171 0.52999857268208184 0.59821005442195807 3.5079858025000532 4.2095328946485546 0.8471138667079785 0.95832438602939451 4.1481006113486876 4.2062499956048134 0.70837183041219554 0.037513468545582969 4.2072102313008761 3.7276973426772373 0.9899572276429659 0.10646245618626936 0.11521755792358598 0.11971259412532488 0.10072043667280038
decision_type=2 2 2 2 2 2 2 2 2 2 2 2 2 2 2 2 2 2 2 2 2 2 2 2 2 2 2 2 2 2
left_child=1 3 5 -1 -2 22 7 23 26 -5 11 -11 20 -7 -8 -13 -10 -18 -12 24 21 -9 -3 -4 -20 -26 29 -28 -29 -6
right_child=4 2 6 9 8 13 14 12 16 10 18 15 -14 -15 -16 -17 17 -19 19 -21 -22 -23 -24 -25 25 -27 27 28 -30 -31
leaf_value=-0.085106827720037762 -0.15578609658985534 -0.11844842808179395 0.31185239248776009 0.050086255853098831 0.034935804013495927 0.016464393177642995 -0.092620164167935976 0.34475675892705721 0.027559248817884654 0.025625172547989135 0.10351984949339005 0.0061597355594482997 -0.43625992605090141 -0.10475233377752738 0.001596576085960768 -0.088054804867137404 -0.27519878113140389 -0.046102735870762877 0.40082174142201743 -0.027827513845293386 0.015028813922279553 0.054553351580157033 -0.083509451289413686 0.10268423430621626 0.14710117408074438 0.042951266721325057 0.17225290038677943 -0.11524603431614547 0.041143849049288597 -0.067206313507316998
leaf_weight=4043 674 2944 140 8483 22101 2869 766 84 177 6602 1155 744 25 397 2244 2391 154 171 24 785 3007 1907 21078 125 320 2210 1354 780 23957 1481
leaf_count=4043 674 2944 140 8483 22101 2869 766 84 177 6602 1155 744 25 397 2244 2391 154 171 24 785 3007 1907 21078 125 320 2210 1354 780 23957 1481
internal_value=-2.02811e-05 -0.0265229 -0.0547088 0.0109635 0.032473 -0.0770769 0.0188489 0.0423171 0.0350019 0.0280637 0.0149362 -0.00377722 0.0333024 0.00172984 -0.0223802 -0.0656958 -0.0904107 -0.154659 0.0554818 0.0388649 0.0356512 0.066797 -0.0877914 0.213188 0.0593635 0.0561244 0.0362693 0.0432725 0.0362126 0.0285211
internal_weight=113192 62343 35586 26757 50849 27288 8298 5288 50175 22714 14231 9737 5023 3266 3010 3135 502 325 4494 3339 4998 1991 24022 265 2554 2530 49673 26091 24737 23582
internal_count=113192 62343 35586 26757 50849 27288 8298 5288 50175 22714 14231 9737 5023 3266 3010 3135 502 325 4494 3339 4998 1991 24022 265 2554 2530 49673 26091 24737 23582
is_linear=0
shrinkage=0.05


Tree=44
num_leaves=31
num_cat=0
split_feature=0 0 1 1 1 1 1 1 1 1 0 1 0 0 1 0 1 0 1 0 1 0 1 0 1 0 1 1 0 1
split_gain=35188.8 23779.4 21273.6 15942.2 8739.25 4139.35 2901.32 3897.97 6399.35 2879.12 2704.17 2655.08 2433.37 1831.61 1719.41 1402.21 1325.37 1869.51 1170.21 1096.15 1383.87 1082.01 1078.05 1070.31 1017.79 4058.17 2357.47 2314.45 1717.38 1119.47
threshold=4.2089088136697255 4.1959841330863972 0.37425178688405297 -0.66476311403078769 0.035526590940496004 0.64469578816960282 -0.66314670257716057 0.82659308966095224 -0.0022132866865079664 0.66046176821179381 4.2066285382127502 0.99518812659106171 4.2080529843511281 3.6838237122462423 0.39186529923390212 4.2091428143259337 0.99518812659106171 4.0016850225900411 0.8682140037659869 4.2064204226126582 0.70837183041219554 4.2086262929321903 0.037513468545582969 3.3829345773626645 0.51724704080845141 4.2073187007920287 0.59821005442195807 0.52999857268208184 4.2070967715774277 0.59821005442195807
decision_type=2 2 2 2 2 2 2 2 2 2 2 2 2 2 2 2 2 2 2 2 2 2 2 2 2 2 2 2 2 2
left_child=1 3 12 -1 -2 10 -5 8 23 -6 -4 19 22 -10 -12 -11 -9 -18 -17 20 -7 -21 -3 -8 28 26 27 -26 -16 -27
right_child=4 2 5 6 9 11 7 16 13 15 14 -13 -14 -15 24 18 17 -19 -20 21 -22 -23 -24 -25 25 29 -28 -29 -30 -31
leaf_value=-0.075509062046989581 -0.1479967966985278 -0.11252600729971481 -0.089223193488854532 0.051772689096303184 0.034455842264377257 0.21937815959754517 0.0011947827605642653 0.061253290317495296 -0.032517175613770835 0.082710324844928712 0.17488922581809466 -0.44733252032049775 -0.012269015005819084 -0.11127099555541425 -0.16504895021830956 -0.19152655118409589 0.31570872560143476 -0.066610955968499183 -0.014266313081734802 0.009658057216268787 0.050144416625855705 0.13270040394322194 -0.079992360692852871 0.041852022663126008 -0.12495424463635399 -0.083125435613231352 -0.0051691527333524497 0.28461202468211555 0.02505305534499834 -0.011174290656184494
leaf_weight=4492 674 2944 1392 8034 49673 128 2843 4089 1945 99 122 29 1236 1190 127 257 35 370 146 3602 2147 188 18851 3759 42 1676 270 193 1841 798
leaf_count=4492 674 2944 1392 8034 49673 128 2843 4089 1945 99 122 29 1236 1190 127 257 35 370 146 3602 2147 188 18851 3759 42 1676 270 193 1841 798
internal_value=-1.92675e-05 -0.0251967 -0.0519733 0.0104154 0.0308493 0.00038663 0.0277507 0.0141893 -0.00358836 0.0332518 -0.0274957 0.0299481 -0.0805166 -0.062411 -0.0105447 -0.0858902 0.0527077 -0.033571 -0.127308 0.0322302 0.0596661 0.0157615 -0.0843869 0.0243439 -0.0151177 -0.0335512 0.0956166 0.211413 0.0127853 -0.0599173
internal_weight=113192 62343 35586 26757 50849 12555 22265 14231 9737 50175 6461 6094 23031 3135 5069 502 4494 405 403 6065 2275 3790 21795 6602 4947 2979 505 235 1968 2474
internal_count=113192 62343 35586 26757 50849 12555 22265 14231 9737 50175 6461 6094 23031 3135 5069 502 4494 405 403 6065 2275 3790 21795 6602 4947 2979 505 235 1968 2474
is_linear=0
shrinkage=0.05


Tree=45
num_leaves=31
num_cat=0
split_feature=0 0 1 1 1 1 1 0 1 1 1 0 1 1 0 1 0 1 1 1 1 1 1 1 0 1 1 1 1 1
split_gain=31685.2 23831.1 18968.8 13834.9 7399.12 3203.46 3120.46 2730.68 7302.45 2553.83 2492.32 1827.19 1847.65 1826.67 1801.14 1772.13 1405.38 1819 1309.26 14798.6 7451.54 3588.61 5237.68 5058.52 7199.08 6225.19 5541.18 4816.61 4794.66 3307.35
threshold=4.2087814111788378 4.1959841330863972 0.37425178688405297 -0.66476311403078769 0.033651016964345741 -0.66401739011758709 0.80403983572463045 3.7899177110824094 -0.0015408843540269332 0.99518812659106171 0.9899572276429659 3.6723921289788319 -0.6616821142420839 0.97366692785173814 3.4119034434975446 0.72537656303778963 4.2090870767876725 0.78217850835714009 0.070954679831247813 0.06305828206581815 0.075689531124609646 0.085819128203325809 0.092454145968363488 0.10072043667280038 4.2103868452367754 0.10561795215628932 0.11521755792358598 0.077563300320049114 0.11971259412532488 0.10726064900172545
decision_type=2 2 2 2 2 2 2 2 2 2 2 2 2 2 2 2 2 2 2 2 2 2 2 2 2 2 2 2 2 2
left_child=1 3 -3 -1 -2 -5 -4 8 11 -8 14 -7 -13 -9 -10 18 -17 -18 19 -6 -20 27 -23 24 -24 -25 29 -22 -28 -27
right_child=4 2 6 5 15 7 9 13 10 -11 -12 12 -14 -15 -16 16 17 -19 20 -21 21 22 23 25 -26 26 28 -29 -30 -31
leaf_value=-0.069981886117163009 -0.15447802878644346 -0.079141406759495866 -0.014535934261626946 0.090529249823047039 0.027789502307957355 0.032839148804424879 0.053975495620366569 0.082868743180099166 0.034395584551790773 -0.4350082815797241 0.24850634177846295 -0.0057361996374614699 -0.17747735497645206 0.024805079983486477 -0.088360058928256505 0.1475287526845932 -0.39512515538930892 -0.067181666754186159 -0.060547164474070526 0.20402049227717214 0.0020905569996102712 -0.039613198825445395 -0.047499319754244464 -0.083579585434720702 0.23570839341318367 0.029096425046331448 -0.094436380812021881 0.1643720231195335 0.032819489198486824 0.17321559003948145
leaf_weight=4448 548 22656 9825 1799 13139 11139 2419 2491 344 27 62 1205 180 2969 2275 59 50 274 2329 1310 768 2633 333 1156 688 621 763 1130 24757 1109
leaf_count=4448 548 22656 9825 1799 13139 11139 2419 2491 344 27 62 1205 180 2969 2275 59 50 274 2329 1310 768 2633 333 1156 688 621 763 1130 24757 1109
internal_value=-0.000630325 -0.0247774 -0.0520234 0.0105831 0.0282707 0.0265354 -0.00195535 0.0209644 0.0100728 0.0485779 -0.064819 0.0261049 -0.0280563 0.0512953 -0.0722364 0.0302298 -0.0769186 -0.11779 0.0310387 0.0437673 0.0259703 0.0319041 0.0279492 0.0339944 0.14334 0.0300642 0.0348852 0.098707 0.0290148 0.121483
internal_weight=113506 61839 34927 26912 51667 22464 12271 20665 15205 2446 2681 12524 1385 5460 2619 51119 383 324 50736 14449 36287 33958 32060 29427 1021 28406 27250 1898 25520 1730
internal_count=113506 61839 34927 26912 51667 22464 12271 20665 15205 2446 2681 12524 1385 5460 2619 51119 383 324 50736 14449 36287 33958 32060 29427 1021 28406 27250 1898 25520 1730
is_linear=0
shrinkage=0.05


Tree=46
num_leaves=31
num_cat=0
split_feature=0 0 1 1 1 1 1 0 1 1 1 1 0 0 1 0 1 1 1 1 1 1 0 1 1 1 1 0 0 1
split_gain=28595.9 21507.6 17119.3 12486 6682.83 2891.12 2816.21 2464.44 6590.46 2304.83 2249.32 1728.12 1684.17 1649.04 1667.5 1625.53 1488.65 13076.1 6651.09 3288.96 4649.79 4616.55 6497.17 5559.23 7688.05 4346.99 4278.63 2492.83 2076 1962.63
threshold=4.2087814111788378 4.1959841330863972 0.37425178688405297 -0.66476311403078769 0.034309320840942674 -0.66401739011758709 0.80403983572463045 3.7899177110824094 -0.0015408843540269332 0.99518812659106171 0.9899572276429659 0.99518812659106171 4.2143146377585605 3.6723921289788319 -0.6616821142420839 3.4119034434975446 0.070954679831247813 0.06305828206581815 0.075689531124609646 0.085819128203325809 0.092454145968363488 0.10072043667280038 4.2103868452367754 0.10646245618626936 0.11521755792358598 0.077563300320049114 0.11971259412532488 4.2118347381042174 4.2100832585189698 0.054190096393135871
decision_type=2 2 2 2 2 2 2 2 2 2 2 2 2 2 2 2 2 2 2 2 2 2 2 2 2 2 2 2 2 2
left_child=1 3 -3 -1 -2 -5 -4 8 13 -8 15 -9 16 -7 -15 -10 17 29 -18 25 -21 22 -22 -23 28 27 -26 -20 -25 -6
right_child=4 2 6 5 12 7 9 11 10 -11 -12 -13 -14 14 -16 -17 18 -19 19 20 21 23 -24 24 26 -27 -28 -29 -30 -31
leaf_value=-0.066482790340288381 -0.14508481522578887 -0.075184336047424583 -0.013809137815134138 0.086002788851099743 0.045041677887489369 0.031197191538685071 0.051276717953782018 0.056660741231894587 0.032675804115146895 -0.41325785959208461 0.23608102572541081 -0.051048076805190662 -0.070029729293990081 -0.0054493903672454026 -0.16860348724656637 -0.083942053316386198 -0.057519805507283354 0.19381946450895596 0.02749179658282197 -0.037632536240538569 -0.045124352114084922 -0.066226228461522443 0.22392297821365795 -0.0041717974803386591 -0.089714561472616375 0.15615342876206328 0.030481465028170784 -0.31616487845517044 0.1716658955460052 0.0055900048640197576
leaf_weight=4448 559 22656 9825 1799 7294 11139 2419 5058 344 27 62 402 428 1205 180 2275 2329 1310 711 2633 333 1485 688 195 763 1130 24994 57 1206 5552
leaf_count=4448 559 22656 9825 1799 7294 11139 2419 5058 344 27 62 402 428 1205 180 2275 2329 1310 711 2633 333 1485 688 195 763 1130 24994 57 1206 5552
internal_value=-0.000598808 -0.0235385 -0.0494222 0.010054 0.0268572 0.0252087 -0.00185758 0.0199162 0.0095692 0.046149 -0.061578 0.0487305 0.0287378 0.0247996 -0.0266535 -0.0686245 0.0295719 0.0433366 0.024237 0.0298054 0.0260463 0.0316985 0.136173 0.0279744 0.0331253 0.0937717 0.0269209 0.00198603 0.147192 0.0279908
internal_weight=113506 61839 34927 26912 51667 22464 12271 20665 15205 2446 2681 5460 51108 12524 1385 2619 50680 14156 36524 34195 32297 29664 1021 28643 27158 1898 25757 768 1401 12846
internal_count=113506 61839 34927 26912 51667 22464 12271 20665 15205 2446 2681 5460 51108 12524 1385 2619 50680 14156 36524 34195 32297 29664 1021 28643 27158 1898 25757 768 1401 12846
is_linear=0
shrinkage=0.05


Tree=47
num_leaves=31
num_cat=0
split_feature=0 0 1 1 1 0 1 1 1 0 1 1 0 1 1 1 1 0 0 1 0 1 0 1 1 1 0 1 0 1
split_gain=25860.7 22265.6 15974.3 11268.6 5914.03 2777.57 3622.08 2609.24 2288.29 2224.16 5947.89 2030.01 1876.61 2511.97 2933.66 1889.68 1605.27 1551.62 1488.26 1504.92 1259.75 1220.27 1469.68 1556.02 3547.15 2793.17 1586.75 1772.69 1400.41 2473.65
threshold=4.2080529843511281 4.1959841330863972 0.54357157459813754 -0.66476311403078769 0.033651016964345741 4.2070967715774277 0.59821005442195807 -0.66401739011758709 0.44135527888097464 3.7899177110824094 -0.0015408843540269332 0.9899572276429659 4.2070967715774277 0.52999857268208184 0.46250386419151496 0.49456154115686563 0.97366692785173814 3.7022896494328408 3.6723921289788319 -0.6616821142420839 4.2068496107325712 0.35835823550598178 4.210056713393997 0.057693428552758039 0.048138544056856865 0.15518290890557315 4.2092001896398363 0.05528260000441651 4.2115082209862642 0.04090205059513307
decision_type=2 2 2 2 2 2 2 2 2 2 2 2 2 2 2 2 2 2 2 2 2 2 2 2 2 2 2 2 2 2
left_child=1 3 12 -1 -2 6 -4 -5 21 10 18 17 15 14 -14 -3 -11 -12 -9 -20 -17 22 23 24 -6 -25 -26 -28 29 -24
right_child=4 2 5 7 8 -7 -8 9 -10 16 11 -13 13 -15 -16 20 -18 -19 19 -21 -22 -23 28 25 26 -27 27 -29 -30 -31
leaf_value=-0.06315865108999591 -0.13949988738898814 -0.073645940968758705 0.30858780646984862 0.081702645499364845 -0.063596892349495754 -0.023630029455976767 0.032040750845231045 0.029637332081116505 -0.005393009157679032 0.075892270397804662 -0.048207416576350338 0.2242769818152151 -0.086551525380498581 -0.21100519003659271 0.085583852406951696 -0.34845080942783541 0.021460972217144682 -0.15239029283825073 -0.0051769185378564009 -0.16017331433792911 -0.017828734964132311 0.060564932671448461 0.13235263835451719 -0.025259552566161289 -0.11243064926480346 0.028617504177715209 0.077278257365129444 0.26270167405224026 0.021474645883650115 0.037653899680569154
leaf_weight=4448 548 23000 122 1799 303 2899 4015 11139 5378 2491 2192 62 412 137 620 103 2969 427 1205 180 40 2875 717 4288 53 5480 245 272 17049 18038
leaf_count=4448 548 23000 122 1799 303 2899 4015 11139 5378 2491 2192 62 412 137 620 103 2969 427 1205 180 40 2875 717 4288 53 5480 245 272 17049 18038
internal_value=-0.000568867 -0.0238094 -0.0524492 0.00955125 0.0239395 0.0138982 0.0401961 0.0239482 0.025577 0.0189204 0.00909074 -0.0584991 -0.0716504 -0.0098417 0.0168631 -0.0747725 0.046294 -0.0651933 0.0235596 -0.0253209 -0.255969 0.028954 0.0269973 0.0106823 0.0746384 0.00496631 0.148121 0.174832 0.0318461 0.0412742
internal_weight=113506 58260 31348 26912 55246 7036 4137 22464 54698 20665 15205 2681 24312 1169 1032 23143 5460 2619 12524 1385 143 49320 46445 10641 873 9768 570 517 35804 18755
internal_count=113506 58260 31348 26912 55246 7036 4137 22464 54698 20665 15205 2681 24312 1169 1032 23143 5460 2619 12524 1385 143 49320 46445 10641 873 9768 570 517 35804 18755
is_linear=0
shrinkage=0.05


Tree=48
num_leaves=31
num_cat=0
split_feature=0 0 1 1 1 1 0 1 0 1 1 1 1 0 0 0 1 1 1 1 1 1 1 0 1 1 1 1 1 0
split_gain=23339.4 17542.6 13983.8 10180.5 5450.94 2572.46 2675.39 2500.6 2888.36 3077.46 1866.31 1809.63 1645.63 3687.64 4567.22 1496.63 1483.86 1306.3 11849.4 5977.9 3030.41 5138.59 4205.07 5784.78 5066.13 4642.01 3856.52 3243.47 2754.37 2294.86
threshold=4.2087814111788378 4.1959841330863972 0.35835823550598178 -0.66926218500895385 0.034309320840942674 0.64469578816960282 4.2068496107325712 0.52999857268208184 4.2072102313008761 0.59821005442195807 0.99518812659106171 0.59821005442195807 -0.66287125926451729 3.7276973426772373 3.6723921289788319 4.2143146377585605 0.99518812659106171 0.070954679831247813 0.06305828206581815 0.075689531124609646 0.087252154951501473 0.092454145968363488 0.10072043667280038 4.2103868452367754 0.10561795215628932 0.11521755792358598 0.11971259412532488 0.077563300320049114 0.10726064900172545 4.2115481711037113
decision_type=2 2 2 2 2 2 2 2 2 2 2 2 2 2 2 2 2 2 2 2 2 2 2 2 2 2 2 2 2 2
left_child=1 3 -3 -1 -2 6 -4 -8 9 -9 -7 -10 -5 14 -14 17 -15 18 -6 -19 27 -22 23 -23 -24 28 -27 -21 29 -26
right_child=4 2 5 12 15 10 7 8 11 -11 -12 -13 13 16 -16 -17 -18 19 -20 20 21 22 24 -25 25 26 -28 -29 -30 -31
leaf_value=-0.064570399667465 -0.13102388416078734 -0.068334356187044309 -0.074987007446875184 0.036184440705259495 0.025034653582465934 0.022665850042396463 0.035810938116299817 0.32407790729581998 -0.089986286763876183 -0.032276580579902812 -0.3939552701181836 0.0048005898070637622 0.0070843705680111758 0.050639396348576338 -0.090419089624232341 -0.067143718054013285 -0.049568722075527878 -0.055757601385388905 0.18289321706040218 0.0013271423700643937 -0.048042823997696757 -0.042578143828098214 -0.077310463809972196 0.21129094473584448 -0.045680779749412599 -0.086518274280831572 0.027594794458331531 0.12897017301156422 0.15603372031659882 0.15612795730121434
leaf_weight=3996 559 22377 1862 10738 12846 6088 2124 108 1424 138 27 779 5695 4559 1522 428 402 2329 1310 768 2349 333 1156 688 405 763 24994 1414 1109 216
leaf_count=3996 559 22377 1862 10738 12846 6088 2124 108 1424 138 27 779 5695 4559 1522 428 402 2329 1310 768 2349 333 1156 688 405 763 24994 1414 1109 216
internal_value=-0.000540424 -0.0212648 -0.0446412 0.00907369 0.024264 -0.00239562 -0.0244628 -0.00389069 -0.0383236 0.124172 0.0208263 -0.0564688 0.0219155 0.00933372 -0.0134782 0.0259625 0.0425193 0.0267488 0.0396429 0.0217513 0.0270304 0.0231444 0.0287815 0.128491 0.0252273 0.0295396 0.0242144 0.0840436 0.108823 0.0245136
internal_weight=113506 61839 34927 26912 51667 12550 6435 4573 2449 246 6115 2203 22916 12178 7217 51108 4961 50680 14156 36524 34195 32013 29664 1021 28643 27487 25757 2182 1730 621
internal_count=113506 61839 34927 26912 51667 12550 6435 4573 2449 246 6115 2203 22916 12178 7217 51108 4961 50680 14156 36524 34195 32013 29664 1021 28643 27487 25757 2182 1730 621
is_linear=0
shrinkage=0.05


Tree=49
num_leaves=31
num_cat=0
split_feature=0 0 1 1 1 0 1 1 1 0 1 1 0 1 1 1 1 0 0 1 1 0 1 0 0 1 1 1 1 1
split_gain=21153.1 18189.1 13131.1 9257.83 4824.98 2437.88 3176.89 2292.78 1968.42 1847.64 4972.27 1802.4 1500.11 2170.58 2564.79 1741.7 1421.84 1376.17 1296.57 1261.01 1239.09 1181.13 1124.4 2536.75 1955.76 2685.54 2422.43 9343.68 3481.06 2338.73
threshold=4.2080529843511281 4.1959841330863972 0.54357157459813754 -0.66476311403078769 0.033651016964345741 4.2070967715774277 0.59821005442195807 -0.66401739011758709 0.44135527888097464 3.7899177110824094 -0.0015408843540269332 0.9899572276429659 4.2070967715774277 0.52999857268208184 0.46250386419151496 0.49456154115686563 0.97366692785173814 3.4119034434975446 3.6723921289788319 -0.6616821142420839 1.0000000180025095e-35 4.1317818897369714 0.23346936377827318 4.2104702482203038 4.2115082209862642 0.04090205059513307 0.051099459043624305 0.055625457294516741 0.057174585559229642 0.053051794850801269
decision_type=2 2 2 2 2 2 2 2 2 2 2 2 2 2 2 2 2 2 2 2 2 2 2 2 2 2 2 2 2 2
left_child=1 3 12 -1 -2 6 -4 -5 22 10 18 17 15 14 -14 -3 -11 20 -9 -20 -12 -18 23 -6 25 -25 -27 -28 -29 -26
right_child=4 2 5 7 8 -7 -8 9 -10 16 11 -13 13 -15 -16 -17 21 -19 19 -21 -22 -23 -24 24 29 26 27 28 -30 -31
leaf_value=-0.057284127002776269 -0.12597370456605061 -0.066536590771399368 0.28873020815281353 0.075808290349502844 0.0037508249014025826 -0.022422913776979844 0.029735346568718204 0.02689916730497361 -0.0055926565344731321 0.06976153369421316 0.066042028463685273 0.21265063651146426 -0.08143614351713252 -0.19656009887256765 0.079514109349298867 -0.24157567636950034 0.038458663168645046 -0.074202666806159431 -0.0059584402221571891 -0.14783961051758121 -0.24024685999831641 -0.031382250403237687 0.041076736022584631 0.14538942887045 0.05891747130765105 -0.015221484988302109 0.29688295385830349 -0.17559106257017498 0.045576758759767931 0.010611959366457407
leaf_weight=4448 548 23000 122 1799 12426 2899 4015 11139 5378 2491 307 62 412 137 620 143 2122 2275 1205 180 37 847 10169 659 3111 1600 372 182 7923 12878
leaf_count=4448 548 23000 122 1799 12426 2899 4015 11139 5378 2491 307 62 412 137 620 143 2122 2275 1205 180 37 847 10169 659 3111 1600 372 182 7923 12878
internal_value=-0.000513404 -0.0215324 -0.047418 0.00862001 0.0216523 0.0127357 0.0373731 0.0216694 0.0231313 0.0169563 0.00799723 -0.0538012 -0.0648268 -0.00956516 0.0152588 -0.0676182 0.0419056 -0.0601089 0.0212263 -0.0243979 0.0330982 0.0185344 0.0262635 0.0224159 0.0310944 0.047601 0.041206 0.0518565 0.0406104 0.0200108
internal_weight=113506 58260 31348 26912 55246 7036 4137 22464 54698 20665 15205 2681 24312 1169 1032 23143 5460 2619 12524 1385 344 2969 49320 39151 26725 10736 10077 8477 8105 15989
internal_count=113506 58260 31348 26912 55246 7036 4137 22464 54698 20665 15205 2681 24312 1169 1032 23143 5460 2619 12524 1385 344 2969 49320 39151 26725 10736 10077 8477 8105 15989
is_linear=0
shrinkage=0.05


Tree=50
num_leaves=31
num_cat=0
split_feature=0 0 1 1 0 1 1 1 0 1 1 1 0 1 1 1 1 1 0 0 0 0 1 1 0 1 0 1 0 0
split_gain=19793.2 12684.5 11471.1 8960.47 5460.45 4736.43 1826.14 1695.6 1346.45 2238.24 1241.36 1614.26 1237.64 4545.83 4509.14 1576.96 1578.14 5181.71 2858.46 1789.54 2439.99 2398.45 1342.71 1226.08 1936.41 3653.68 1398.08 1193.69 1724.05 1151.03
threshold=4.2089699472680069 4.1959841330863972 0.55552898264406514 -0.66926218500895385 4.2078315369189232 0.033651016964345741 0.72537656303778963 0.99518812659106171 4.2070967715774277 0.59821005442195807 1.0000000180025095e-35 0.023304082315542939 4.2133936808360657 0.038659770375086507 0.052126693030748704 0.039778206153560709 0.049987693604997809 0.054190096393135871 4.2107416079796964 4.2126569965574676 4.2103868452367754 4.2099997046384123 0.048138544056856865 -0.66325312116481017 3.7587056847616118 -0.0015408843540269332 3.6838237122462423 0.8682140037659869 4.2108729930055508 4.2127176275912257
decision_type=2 2 2 2 2 2 2 2 2 2 2 2 2 2 2 2 2 2 2 2 2 2 2 2 2 2 2 2 2 2
left_child=1 3 4 -1 10 -2 12 8 9 -4 -3 -12 15 -14 -15 29 18 19 -17 20 21 -18 -20 -5 25 -25 -27 -8 -29 -7
right_child=5 2 7 23 -6 6 27 -9 -10 -11 11 -13 13 14 -16 16 17 -19 22 -21 -22 -23 -24 24 -26 26 -28 28 -30 -31
leaf_value=-0.060349162439271242 -0.1206212067262243 0.21035045782725015 0.25446825937379208 0.036588879677815093 0.0051394900155637508 0.070542541609266998 -0.16994075347474605 -0.34923025993630291 -0.0041047506397887323 0.029746220375809831 -0.23412743303510877 -0.060742218663832309 -0.37234319836260327 0.13959912171987585 -0.032779232527678594 -0.053418509899520211 0.16505786251802387 0.027015621184276528 0.039758923927466161 0.018474190884542867 0.21877569553419304 -0.13314691856827426 -0.09675110509887952 0.017338049179953029 0.037302206886253263 -0.023333784527524205 -0.09861000170136773 0.43863127174831579 -0.052149259884002791 0.23594353629761386
leaf_weight=4054 558 42 114 7677 3555 906 196 32 4292 3952 135 23925 83 484 1755 1652 163 40692 2520 266 648 115 194 7496 5075 1685 973 21 121 119
leaf_count=4054 558 42 114 7677 3555 906 196 32 4292 3952 135 23925 83 484 1755 1652 163 40692 2520 266 648 115 194 7496 5075 1685 973 21 121 119
internal_value=0.000920165 -0.0177717 -0.0371733 0.0081694 -0.0527085 0.0242445 0.0258633 0.0140374 0.0154282 0.0360468 -0.061241 -0.0617151 0.0266526 -0.00898625 0.00448344 0.0284031 0.0270436 0.0300256 -0.00156313 0.13278 0.165615 0.0416998 0.030001 0.0202961 0.0120829 -0.000521858 -0.0508898 -0.0899621 0.020431 0.0897452
internal_weight=113500 63007 36047 26960 27657 50493 49935 8390 8358 4066 24102 24060 49597 2322 2239 47275 46250 41884 4366 1192 926 278 2714 22906 15229 10154 2658 338 142 1025
internal_count=113500 63007 36047 26960 27657 50493 49935 8390 8358 4066 24102 24060 49597 2322 2239 47275 46250 41884 4366 1192 926 278 2714 22906 15229 10154 2658 338 142 1025
is_linear=0
shrinkage=0.05


Tree=51
num_leaves=31
num_cat=0
split_feature=0 0 1 1 0 1 1 1 1 0 1 1 1 1 0 1 1 0 1 0 1 0 1 1 0 1 1 1 1 1
split_gain=17869.8 11074 9851.24 8161.25 5177.31 4319.75 3443.37 3221.48 2044.66 2752.39 1880.78 1743.59 1549.48 1475.53 1440.95 3954.34 1369.26 1383.47 1230.1 1189.88 1372.95 2028.86 1120.98 1129.42 1079.97 4110.64 4042.22 1141.54 1386.94 4714.65
threshold=4.2090870767876725 4.1959841330863972 0.5840315508993168 -0.66476311403078769 4.2069679798942632 0.026335236696960137 0.52999857268208184 0.49456154115686563 0.52999857268208184 4.2072102313008761 0.66046176821179381 -0.66391941515277819 0.99518812659106171 0.20817236634261524 3.7899177110824094 -0.0015408843540269332 0.99391701702360902 3.7022896494328408 0.52999857268208184 4.2084723515306495 0.54357157459813754 4.2078315369189232 1.0000000180025095e-35 0.031197422311893905 4.2133936808360657 0.038659770375086507 0.052126693030748704 0.039778206153560709 0.049987693604997809 0.054190096393135871
decision_type=2 2 2 2 2 2 2 2 2 2 2 2 2 2 2 2 2 2 2 2 2 2 2 2 2 2 2 2 2 2
left_child=1 3 4 -1 6 -2 7 22 13 -10 18 -5 -4 -6 15 -13 17 -17 24 20 21 -11 -3 -24 27 -26 -27 -7 -29 -30
right_child=5 2 12 11 8 10 -8 -9 9 19 -12 14 -14 -15 -16 16 -18 -19 -20 -21 -22 -23 23 -25 25 26 -28 28 29 -31
leaf_value=-0.053600095499699921 -0.12603129484459355 0.19983293215433759 0.016872722822699193 0.061927975609692536 -0.050978151795808037 0.076841482676565653 0.36440702266991143 -0.33323403301640098 0.27503066212581151 -0.33259155968184118 -0.081529174681223976 0.019531524142693376 -0.33176874247728849 0.021287117963583378 0.037708164472655355 -0.03427752994940779 0.32070859622955328 -0.128775305872004 0.094503991824873609 -0.15324556485856655 -0.011863800522676389 -0.023113830690461447 -0.12252674559837023 -0.056776827553005386 -0.34560708506353977 0.13261915933310001 -0.030600535504801619 -0.0014849688056485231 0.12614064997174598 0.025196610308603842
leaf_weight=4512 479 42 7787 2242 861 1100 48 107 58 93 412 12182 32 3933 5348 2180 25 471 642 366 688 123 673 22132 87 484 1754 4366 1192 39081
leaf_count=4512 479 42 7787 2242 861 1100 48 107 58 93 412 12182 32 3933 5348 2180 25 471 642 366 688 123 673 22132 87 484 1754 4366 1192 39081
internal_value=0.000874155 -0.0166041 -0.0343851 0.00776093 -0.0477633 0.0233939 -0.0586391 -0.0595238 -0.00690009 -0.0618015 0.0248511 0.0200944 0.0154459 0.00830831 0.0154526 0.00744195 -0.0475936 -0.0510668 0.025751 -0.0771844 -0.0463897 -0.156361 -0.0582419 -0.0587172 0.0248327 -0.0084101 0.00469809 0.0265225 0.0252825 0.0281844
internal_weight=113500 63903 36943 26960 29124 49597 23002 22954 6122 1328 49118 22448 7819 4794 20206 14858 2676 2651 48706 1270 904 216 22847 22805 48064 2325 2238 45739 44639 40273
internal_count=113500 63903 36943 26960 29124 49597 23002 22954 6122 1328 49118 22448 7819 4794 20206 14858 2676 2651 48706 1270 904 216 22847 22805 48064 2325 2238 45739 44639 40273
is_linear=0
shrinkage=0.05


Tree=52
num_leaves=31
num_cat=0
split_feature=0 0 1 1 0 1 1 1 1 0 1 0 0 1 0 1 1 0 0 0 1 1 1 1 1 0 0 0 0 1
split_gain=16136.7 10338.6 9353.67 7365.52 4466.03 3900.61 1573.59 1502.66 1381.18 1300.45 3568.8 1237.69 1735.5 1323.39 1179.05 1906.51 1081.76 1551.27 1043.32 1011.54 3711.01 3673.93 1302.91 1286.94 4218.98 2579.76 1615.06 2202.09 2164.6 1211.79
threshold=4.2089699472680069 4.1959841330863972 0.55552898264406514 -0.66476311403078769 4.2078315369189232 0.033651016964345741 -0.66391941515277819 0.72537656303778963 0.99518812659106171 3.7899177110824094 -0.0015408843540269332 3.2962372605943853 3.017657434145895 0.9899572276429659 4.2070967715774277 0.59821005442195807 0.8682140037659869 4.2108729930055508 3.7022896494328408 4.2133936808360657 0.038659770375086507 0.052126693030748704 0.039778206153560709 0.049987693604997809 0.054190096393135871 4.2107416079796964 4.2126569965574676 4.2103868452367754 4.2099997046384123 0.048138544056856865
decision_type=2 2 2 2 2 2 2 2 2 2 2 2 2 2 2 2 2 2 2 2 2 2 2 2 2 2 2 2 2 2
left_child=1 3 4 -1 -3 -2 -5 19 14 10 -8 12 -12 18 15 -4 -9 -18 -13 22 -21 -22 -7 25 26 -24 27 28 -25 -27
right_child=5 2 8 6 -6 7 9 16 -10 -11 11 13 -14 -15 -16 -17 17 -19 -20 20 21 -23 23 24 -26 29 -28 -29 -30 -31
leaf_value=-0.050920086194637663 -0.10957327004401916 -0.055307410435649684 0.23481723679425684 0.058831574937725818 0.0047251615701858927 0.081415863246452516 0.018554948127745868 -0.15784420406336575 -0.31518030385486784 0.035822755256500555 -0.35216779828071598 -0.044340587501786655 0.14367721682786944 0.17792304888367655 -0.004342500795740444 0.02741527327108725 0.42007330968266443 -0.045465338217818049 -0.12891228579009795 -0.33644565990172237 0.12598820241699227 -0.02960879194563483 -0.050673334008887794 0.15049793249670348 0.024399122784937232 0.037845225751229991 0.011243447458329506 0.2015298789114128 -0.13279662166438674 -0.091839301056161379
leaf_weight=4512 558 24102 114 2242 3555 1025 12182 196 32 5348 20 2000 150 60 4292 3952 21 121 446 83 484 1755 1652 163 40692 2520 266 648 115 194
leaf_count=4512 558 24102 114 2242 3555 1025 12182 196 32 5348 20 2000 150 60 4292 3952 21 121 446 83 484 1755 1652 163 40692 2520 266 648 115 194
internal_value=0.000830448 -0.0160468 -0.0335626 0.00737289 -0.0475909 0.0218904 0.0190896 0.0233595 0.0126806 0.01468 0.00706986 -0.0452139 0.0853425 -0.0540705 0.0139359 0.0332303 -0.0817078 0.0233819 -0.0597613 0.0240755 -0.0081439 0.00402629 0.025658 0.0244223 0.0271151 -0.00141072 0.119834 0.151027 0.0333077 0.0285752
internal_weight=113500 63007 36047 26960 27657 50493 22448 49935 8390 20206 14858 2676 170 2506 8358 4066 338 142 2446 49597 2322 2239 47275 46250 41884 4366 1192 926 278 2714
internal_count=113500 63007 36047 26960 27657 50493 22448 49935 8390 20206 14858 2676 170 2506 8358 4066 338 142 2446 49597 2322 2239 47275 46250 41884 4366 1192 926 278 2714
is_linear=0
shrinkage=0.05


Tree=53
num_leaves=31
num_cat=0
split_feature=0 0 1 1 0 1 1 1 1 0 1 1 1 1 0 1 0 1 1 0 1 1 0 1 1 1 1 1 1 1
split_gain=14595.6 8925.39 7937.12 6770.46 4540.27 3555.43 2963.78 2908.78 1742.91 2426.79 1629.12 1600.79 1515.82 1185.61 1021.53 3938.24 1436.84 1238.51 1226.87 1093.44 1026.3 897.861 889.318 3351.04 3291.21 1025.15 9983.98 6241.92 3976.03 4595.78
threshold=4.2091428143259337 4.1881520144172528 0.5840315508993168 -0.66926218500895385 4.2069679798942632 0.026335236696960137 0.52999857268208184 0.49456154115686563 0.52999857268208184 4.2072102313008761 0.66046176821179381 0.99518812659106171 0.20817236634261524 0.52999857268208184 3.7899177110824094 -0.0022132866865079664 3.4388022870276038 0.99391701702360902 0.9899572276429659 4.1317818897369714 -0.00035974781911036661 0.24391940188125902 4.2133936808360657 0.038659770375086507 0.052126693030748704 0.070954679831247813 0.06212084033012464 0.075689531124609646 0.087252154951501473 0.092454145968363488
decision_type=2 2 2 2 2 2 2 2 2 2 2 2 2 2 2 2 2 2 2 2 2 2 2 2 2 2 2 2 2 2
left_child=1 3 4 -1 6 -2 7 -3 12 -10 13 -4 -6 22 15 -5 20 -18 -16 -20 -17 -14 25 -24 -25 26 -7 -27 -29 -30
right_child=5 2 11 14 8 10 -8 -9 9 -11 -12 -13 21 -15 18 16 17 -19 19 -21 -22 -23 23 24 -26 27 -28 28 29 -31
leaf_value=-0.052105696423628917 -0.11425106659811574 -0.052504669532941667 0.01481499615325328 0.023435619738498989 -0.047018856723361264 0.020867165204581591 0.33958343689640369 -0.31380695873331804 0.26007663284246268 -0.07052708377156279 -0.078360950646244668 -0.27782868010566591 0.14222646071797326 0.093022763317312351 0.061140894464473565 0.06770630885075006 -0.057878007520282528 0.29577701103687287 0.030499775668689395 -0.047712145526732863 -0.10887858807155402 0.016415493879193162 -0.31202599522711222 0.11968879897055054 -0.027590069669973856 -0.061203265698321963 0.16576565662191645 0.091016510004335666 -0.047100469510673891 0.026410667298732111
leaf_weight=4054 479 22963 8134 14153 1025 11129 48 107 58 1292 396 47 147 605 2673 444 2536 25 1947 580 101 4018 87 484 1754 2233 1331 2146 2314 26190
leaf_count=4054 479 22963 8134 14153 1025 11129 48 107 58 1292 396 47 147 605 2673 444 2536 25 1947 580 101 4018 87 484 1754 2233 1331 2146 2314 26190
internal_value=0.000788926 -0.0148805 -0.0304675 0.007365 -0.0424947 0.0213058 -0.0529 -0.0537166 -0.00571348 -0.0563234 0.0226399 0.0131338 0.00745095 0.0234685 0.0180999 0.0122467 -0.0387377 -0.0544257 0.0375269 0.0125485 0.0349814 0.0208559 0.0225857 -0.00757414 0.00426112 0.0241322 0.0363455 0.0195043 0.0253842 0.0204429
internal_weight=113500 64352 37839 26513 29658 49148 23118 23070 6540 1350 48669 8181 5190 48273 22459 17259 3106 2561 5200 2527 545 4165 47668 2325 2238 45343 12460 32883 30650 28504
internal_count=113500 64352 37839 26513 29658 49148 23118 23070 6540 1350 48669 8181 5190 48273 22459 17259 3106 2561 5200 2527 545 4165 47668 2325 2238 45343 12460 32883 30650 28504
is_linear=0
shrinkage=0.05


Tree=54
num_leaves=31
num_cat=0
split_feature=0 0 1 1 0 1 1 1 1 0 1 1 1 1 0 0 1 1 1 1 0 0 0 1 0 0 0 1 0 1
split_gain=13172.5 8055.16 7163.25 6147.83 4097.6 3221.78 2674.82 2625.18 1572.98 2190.18 1473.5 1444.71 1368.03 1337.77 1366.79 3102.67 1791.82 1275.46 1110.53 1066.58 1022.5 995.35 885.03 1229.57 1793.85 869.907 1357.56 1183.2 865.665 837.501
threshold=4.2091428143259337 4.1881520144172528 0.5840315508993168 -0.66476311403078769 4.2069679798942632 0.033651016964345741 0.52999857268208184 0.49456154115686563 0.52999857268208184 4.2072102313008761 0.66046176821179381 0.99518812659106171 0.20817236634261524 -0.66391941515277819 3.7899177110824094 3.5981631387971817 -0.6616821142420839 0.9899572276429659 0.99391701702360902 0.52999857268208184 3.4521320138615228 4.1108919008022484 4.2084723515306495 0.54357157459813754 4.2078315369189232 3.367097349452131 3.4656563857364762 -0.00035974781911036661 3.7022896494328408 1.0000000180025095e-35
decision_type=2 2 2 2 2 2 2 2 2 2 2 2 2 2 2 2 2 2 2 2 2 2 2 2 2 2 2 2 2 2
left_child=1 3 4 -1 6 -2 7 29 12 -10 19 -4 -6 20 15 25 -17 -16 28 -7 -5 -19 23 24 -11 -15 27 -27 -18 -3
right_child=5 2 11 13 8 10 -8 -9 9 22 -12 -13 -14 14 17 16 18 21 -20 -21 -22 -23 -24 -25 -26 26 -28 -29 -30 -31
leaf_value=-0.046169744586759473 -0.099219219808510131 0.074290188948313393 0.014074247787190573 0.092099139842760191 -0.044667913621518673 0.021562923406935403 0.32260427088476717 -0.29811661198874501 0.24707279795588089 -0.30967025538926485 -0.074442903248292183 -0.26393724342292929 0.019813086454223257 0.0064436284965759556 0.06296016810298681 0.0024243704148139309 -0.046505277564156892 0.034064101448550897 0.27666893278559052 0.08837162478680699 0.024176053188765225 -0.03254955714457624 -0.13016712608622369 -0.0072159895581344882 -0.01866803198325925 0.068762837641030625 0.012677380334244369 -0.18735434581404148 -0.1190820031592975 -0.050613750236404922
leaf_weight=4512 558 135 8134 1001 1025 47589 48 107 58 93 396 47 4165 5199 2374 2217 1582 1687 24 605 1241 840 388 688 123 2290 2945 46 555 22828
leaf_count=4512 558 135 8134 1001 1025 47589 48 107 58 93 396 47 4165 5199 2374 2217 1582 1687 24 605 1241 840 388 688 123 2290 2945 46 555 22828
internal_value=0.000749479 -0.0141365 -0.0289442 0.00699675 -0.04037 0.0202405 -0.050255 -0.0510308 -0.0054278 -0.0535072 0.0216123 0.0124771 0.0070784 0.0179002 0.0137471 0.00619444 -0.0291565 0.0366439 -0.0615557 0.0224016 0.0545021 0.0119211 -0.0670007 -0.0398895 -0.143961 0.0209622 0.0352553 0.0637194 -0.0653542 -0.0498794
internal_weight=113500 64352 37839 26513 29658 49148 23118 23070 6540 1350 48590 8181 5190 22001 19759 14858 4378 4901 2161 48194 2242 2527 1292 904 216 10480 5281 2336 2137 22963
internal_count=113500 64352 37839 26513 29658 49148 23118 23070 6540 1350 48590 8181 5190 22001 19759 14858 4378 4901 2161 48194 2242 2527 1292 904 216 10480 5281 2336 2137 22963
is_linear=0
shrinkage=0.05


Tree=55
num_leaves=31
num_cat=0
split_feature=0 0 1 1 1 0 0 1 0 1 1 0 0 1 1 0 1 0 1 1 0 0 1 1 0 1 1 0 0 0
split_gain=11748.4 8208.46 7069.47 5566.81 3106.48 3049.18 2995.61 3598 1378.87 1307.45 1152.49 1306.15 1736.69 1702.03 1405.84 1190.9 1114.08 1192.45 1095.84 996.8 1433.63 1112.2 966.084 987.966 962.302 1134.15 948.699 896.988 1043.79 2305.79
threshold=4.2089699472680069 4.1959841330863972 0.64469578816960282 -0.66926218500895385 0.037513468545582969 4.2068496107325712 4.2113213406035168 0.033651016964345741 4.2115481711037113 0.057693428552758039 -0.66325312116481017 3.8240175911680279 3.6838237122462423 -0.6616821142420839 0.97366692785173814 4.1481006113486876 0.50662256577213383 4.2073187007920287 0.99518812659106171 0.040214803383255775 4.2106484328702471 4.2118841380027527 0.037513468545582969 0.16035449363368157 4.2082787309598624 0.67611158993753573 0.66046176821179381 2.5172558643058736 3.4521320138615228 3.3505180837725921
decision_type=2 2 2 2 2 2 2 2 2 2 2 2 2 2 2 2 2 2 2 2 2 2 2 2 2 2 2 2 2 2
left_child=1 3 5 -1 6 22 7 -2 -8 -7 27 12 -12 -14 -13 -16 -11 -18 24 20 -6 -22 -3 -24 -4 -26 -21 -5 29 -29
right_child=4 2 18 10 19 9 8 -9 -10 16 11 14 13 -15 15 -17 17 -19 -20 26 21 -23 23 -25 25 -27 -28 28 -30 -31
leaf_value=-0.047795466589091951 -0.067709633154967405 -0.075820159996100991 0.013914228655906925 -0.2016174014021711 -0.14765097472205091 -0.20127769095844097 -0.31799474042363285 0.28922464391132735 -0.099986002909814478 0.010994608950688635 0.007564247065837997 0.063758084229240342 0.017180902417883361 -0.081071972360353406 0.024646121911076336 -0.053325547523016228 0.048306643465862553 -0.041611383904384493 -0.27817911111539412 0.019275919250206476 0.143165968854128 0.019468470886595573 -0.037077482823214894 -0.060365023465846372 -0.019596855860878851 0.13818773646310487 -0.051149549419311019 0.02743205252082942 0.015640670987728301 0.11714881501237084
leaf_weight=4051 194 2914 5669 41 67 89 82 111 628 3533 8621 1844 694 1208 2289 623 425 2784 31 48111 454 303 13338 6916 171 341 483 2536 4077 998
leaf_count=4051 194 2914 5669 41 67 89 82 111 628 3533 8621 1844 694 1208 2289 623 425 2784 31 48111 454 303 13338 6916 171 341 483 2536 4077 998
internal_value=-0.000274691 -0.0146376 -0.0301931 0.00623847 0.0177222 -0.0402463 -0.0688655 0.062191 -0.125164 -0.0108894 0.0157841 0.0078515 -0.00197662 -0.0452216 0.0295969 0.00796468 -0.00837612 -0.0297026 0.018356 0.0195006 0.0740336 0.0936543 -0.0489021 -0.0450293 0.0198432 0.0854901 0.0185759 0.0316235 0.0328799 0.052768
internal_weight=113626 63193 36211 26982 50433 29999 1015 305 710 6831 22931 15279 10523 1902 4756 2912 6742 3209 6212 49418 824 757 23168 20254 6181 512 48594 7652 7611 3534
internal_count=113626 63193 36211 26982 50433 29999 1015 305 710 6831 22931 15279 10523 1902 4756 2912 6742 3209 6212 49418 824 757 23168 20254 6181 512 48594 7652 7611 3534
is_linear=0
shrinkage=0.05


Tree=56
num_leaves=31
num_cat=0
split_feature=0 0 1 1 1 0 0 1 0 1 1 0 0 1 1 0 1 0 1 1 0 0 1 1 1 0 1 1 1 0
split_gain=10602.9 7408.13 6380.19 5024.05 2803.6 2751.89 2703.54 3247.2 1244.43 1179.98 1040.12 1178.8 1567.36 1536.08 1268.77 1074.79 1005.45 1076.19 988.994 899.612 1293.85 1003.76 871.891 891.64 869.781 868.478 1023.57 865.43 1014.47 1120.51
threshold=4.2089699472680069 4.1959841330863972 0.64469578816960282 -0.66926218500895385 0.037513468545582969 4.2068496107325712 4.2113213406035168 0.033651016964345741 4.2115481711037113 0.057693428552758039 -0.66325312116481017 3.8240175911680279 3.6838237122462423 -0.6616821142420839 0.97366692785173814 4.1481006113486876 0.50662256577213383 4.2073187007920287 0.99518812659106171 0.040214803383255775 4.2106484328702471 4.2118841380027527 0.037513468545582969 0.16035449363368157 0.9899572276429659 4.2082787309598624 0.67611158993753573 0.74424765479753441 0.8682140037659869 4.2135815137323176
decision_type=2 2 2 2 2 2 2 2 2 2 2 2 2 2 2 2 2 2 2 2 2 2 2 2 2 2 2 2 2 2
left_child=1 3 5 -1 6 22 7 -2 -8 -7 -5 12 -12 -14 -13 24 -11 -18 25 20 -6 -22 -3 -24 -16 -4 -27 -21 -29 -30
right_child=4 2 18 10 19 9 8 -9 -10 16 11 14 13 -15 15 -17 17 -19 -20 27 21 -23 23 -25 -26 26 -28 28 29 -31
leaf_value=-0.045405694414909548 -0.0643241560489861 -0.072029152804635357 0.013218517103632269 0.030042311679735569 -0.14026842860143576 -0.19121380553821499 -0.30209499870131662 0.27476341182047181 -0.094986703188698396 0.010444878642398526 0.0071860343713975351 0.060570178276489528 0.016321857566956997 -0.077018373686548902 0.12955556649170566 -0.05065926858007215 0.04589130925430971 -0.039530815738561063 -0.26427015474727078 0.018201395486834204 0.13600767021875682 0.018495057105231204 -0.035223606303694532 -0.057346769381032274 0.014463919303580689 -0.01861700719843308 0.13127835110141256 -0.14510675947795706 0.26206518289370412 -0.047073796928181491
leaf_weight=4051 194 2914 5669 7652 67 89 82 111 628 3533 8621 1844 694 1208 178 623 425 2784 31 48261 454 303 13338 6916 2111 171 341 176 39 118
leaf_count=4051 194 2914 5669 7652 67 89 82 111 628 3533 8621 1844 694 1208 178 623 425 2784 31 48261 454 303 13338 6916 2111 171 341 176 39 118
internal_value=-0.000260956 -0.0139057 -0.0286834 0.00592655 0.0168361 -0.038234 -0.0654223 0.0590815 -0.118906 -0.0103449 0.0149949 0.00745892 -0.00187779 -0.0429605 0.0281171 0.00756645 -0.00795732 -0.0282175 0.0174382 0.0185256 0.0703319 0.0889716 -0.046457 -0.0427779 0.0234138 0.018851 0.0812156 0.0176471 -0.0626815 0.0297187
internal_weight=113626 63193 36211 26982 50433 29999 1015 305 710 6831 22931 15279 10523 1902 4756 2912 6742 3209 6212 49418 824 757 23168 20254 2289 6181 512 48594 333 157
internal_count=113626 63193 36211 26982 50433 29999 1015 305 710 6831 22931 15279 10523 1902 4756 2912 6742 3209 6212 49418 824 757 23168 20254 2289 6181 512 48594 333 157
is_linear=0
shrinkage=0.05


Tree=57
num_leaves=31
num_cat=0
split_feature=0 0 1 1 0 1 0 1 0 1 1 1 0 1 1 1 1 0 1 0 1 1 0 0 0 1 0 0 0 0
split_gain=9591.4 6382.52 5647.79 4534.2 3018.26 2558.4 2439.94 2930.59 1123.1 1074.42 1051.8 1205.87 1035.05 961.375 938.712 1064.99 1685.17 1096 1179.27 1049.78 1518.59 937.514 1553.17 937.864 850.703 835.944 825.369 1113.8 820.869 809.531
threshold=4.2091428143259337 4.1959841330863972 0.64469578816960282 -0.66926218500895385 4.2068496107325712 0.037513468545582969 4.2113213406035168 0.033651016964345741 4.2115481711037113 0.66046176821179381 0.057174585559229642 0.50662256577213383 4.2073187007920287 0.48363323162759736 -0.66325312116481017 0.82659308966095224 -0.0015408843540269332 3.7276973426772373 0.95832438602939451 4.163209113926416 0.9899572276429659 0.94133524972883265 4.2052027035499506 4.2080529843511281 4.1317818897369714 0.034309320840942674 3.2962372605943853 3.017657434145895 4.2075194183444795 2.5172558643058736
decision_type=2 2 2 2 2 2 2 2 2 2 2 2 2 2 2 2 2 2 2 2 2 2 2 2 2 2 2 2 2 2
left_child=1 3 4 -1 -3 6 7 -2 25 -7 -6 13 -13 -12 29 16 -16 -17 -19 20 -20 22 -4 28 -22 -8 27 -18 -24 -5
right_child=5 2 21 14 10 9 8 -9 -10 -11 11 12 -14 -15 15 17 26 18 19 -21 24 -23 23 -25 -26 -27 -28 -29 -30 -31
leaf_value=-0.043135404737238175 -0.061107947193470208 -0.044134148783991828 0.10365978476557831 -0.19303864204302068 -0.17402776134641548 0.018759052374635043 -0.087435645237565043 0.26102523111008308 -0.090237373864622258 -0.062332948073473518 0.0025210128866959293 0.043596744910485166 -0.039858707197411372 0.079999876914801593 0.010154144781995091 0.34528117047415841 -0.26358681266958062 0.07005335710125242 0.11436866164511564 -0.052779711349456408 0.021033411470045116 -0.060731709127624836 0.015081372617919843 0.062022132252399012 -0.061520258193281857 -0.41470521287620071 -0.042278123276827062 0.11658702286501084 -0.038838100183013334 0.029733827316396844
leaf_weight=4051 194 23168 527 41 95 47671 32 111 628 412 4161 425 2953 443 8074 27 22 1121 392 544 1993 366 3687 848 370 50 2581 155 873 7611
leaf_count=4051 194 23168 527 41 95 47671 32 111 628 412 4161 425 2953 443 8074 27 22 1121 392 544 1993 366 3687 848 370 50 2581 155 873 7611
internal_value=-0.000247909 -0.0129195 -0.02625 0.00563022 -0.0349585 0.0164059 -0.0621511 0.0561274 -0.112961 0.0180642 -0.00863896 -0.00667054 -0.0293588 0.00997608 0.0142452 0.00708598 -0.00137216 0.0276883 0.0257482 0.0106934 0.0232267 0.016933 0.0217225 0.0137378 0.00810711 -0.28699 -0.0351152 0.0693338 0.00475863 0.0285402
internal_weight=113626 64528 37546 26982 31245 49098 1015 305 710 48083 8077 7982 3378 4604 22931 15279 10832 4447 4420 3299 2755 6301 5935 5408 2363 82 2758 177 4560 7652
internal_count=113626 64528 37546 26982 31245 49098 1015 305 710 48083 8077 7982 3378 4604 22931 15279 10832 4447 4420 3299 2755 6301 5935 5408 2363 82 2758 177 4560 7652
is_linear=0
shrinkage=0.05


Tree=58
num_leaves=31
num_cat=0
split_feature=0 0 1 1 0 1 0 1 0 1 1 1 1 0 1 0 1 1 1 0 0 1 1 0 0 0 1 0 0 1
split_gain=8656.24 5760.22 5097.13 4092.12 2723.98 2308.96 2202.05 2644.86 1017.35 2254.36 969.668 949.252 1088.3 944.308 950.931 943.467 869.204 867.641 847.187 978.664 1365.14 1327.68 1044.81 876.106 811.074 2254.6 986.046 1196.71 803.31 786.881
threshold=4.2091428143259337 4.1959841330863972 0.64469578816960282 -0.66926218500895385 4.2068496107325712 0.037513468545582969 4.2113213406035168 0.033651016964345741 4.2117077052705172 0.035526590940496004 0.66046176821179381 0.057174585559229642 0.50662256577213383 4.2133169568797095 0.034309320840942674 4.2072102313008761 0.99518812659106171 0.48363323162759736 -0.66325312116481017 3.8240175911680279 3.6838237122462423 -0.6616821142420839 0.97366692785173814 4.1317818897369714 3.4521320138615228 3.3505180837725921 -0.66476311403078769 2.5172558643058736 3.7899177110824094 0.037513468545582969
decision_type=2 2 2 2 2 2 2 2 2 2 2 2 2 2 2 2 2 2 2 2 2 2 2 2 2 2 2 2 2 2
left_child=1 3 4 -1 29 6 7 -2 9 -8 -7 -6 17 -10 -15 -14 -4 -13 24 20 -20 -22 -21 -24 25 26 27 -5 -26 -3
right_child=5 2 16 18 11 10 8 -9 13 -11 -12 12 15 14 -16 -17 -18 -19 19 22 21 -23 23 -25 28 -27 -28 -29 -30 -31
leaf_value=-0.040978641137094513 -0.058052547613984533 -0.066220987552819119 0.017392170025812583 -0.40061440972181467 -0.16532637414179352 0.017821100048328653 -0.021131623035936214 0.24797397948600153 -0.026183399311682849 -0.42547881934844273 -0.05921630073496699 0.0023949616027251069 0.060004302009807102 -0.10275259229115077 -0.34999997520446779 -0.03583493868189367 -0.24802005829349644 0.075999883466881635 0.006683319205357841 0.055004440332457841 0.014998057306011447 -0.071779917528666248 0.024572649695236232 -0.035668394018392093 0.0014787650467163961 0.10830256976915116 0.029141817310829328 -0.038931716029581273 0.059274638133151474 -0.038432260470426569
leaf_weight=4051 194 2914 6270 26 95 47671 67 111 347 71 412 4161 280 175 50 3098 31 443 8621 1844 694 1208 2058 854 3344 998 2361 190 733 20254
leaf_count=4051 194 2914 6270 26 95 47671 67 111 347 71 412 4161 280 175 50 3098 31 443 8621 1844 694 1208 2058 854 3344 998 2361 190 733 20254
internal_value=-0.000235514 -0.0122735 -0.0249375 0.00534871 -0.0332105 0.0155856 -0.0590436 0.053321 -0.107313 -0.229165 0.017161 -0.00820701 -0.00633701 -0.0779149 -0.157696 -0.0278909 0.0160864 0.00947728 0.0135329 0.00673168 -0.0017756 -0.0401165 0.0255546 0.00690581 0.0271132 0.044497 0.0197869 -0.0824676 0.0118698 -0.0419274
internal_weight=113626 64528 37546 26982 31245 49098 1015 305 710 138 48083 8077 7982 572 225 3378 6301 4604 22931 15279 10523 1902 4756 2912 7652 3575 2577 216 4077 23168
internal_count=113626 64528 37546 26982 31245 49098 1015 305 710 138 48083 8077 7982 572 225 3378 6301 4604 22931 15279 10523 1902 4756 2912 7652 3575 2577 216 4077 23168
is_linear=0
shrinkage=0.05


Tree=59
num_leaves=31
num_cat=0
split_feature=0 0 1 1 0 1 0 1 0 1 1 1 0 0 1 1 0 1 0 1 0 1 1 1 0 1 0 0 0 0
split_gain=7812.25 5198.6 4600.16 3693.14 2458.39 2083.83 1987.35 2386.99 934.999 878.381 11561.8 5306.65 5282.45 1875.32 3721.36 1403.5 4058.62 3700.97 2023.41 4596.44 1539.39 3089.38 1381.58 1349.34 2982 1708.76 1859.61 1366.29 4225.94 1263.81
threshold=4.2091428143259337 4.1959841330863972 0.64469578816960282 -0.66926218500895385 4.2068496107325712 0.037513468545582969 4.2113213406035168 0.033651016964345741 4.2115481711037113 0.070954679831247813 0.06212084033012464 0.073903788104018348 4.2099727524140613 4.2103868452367754 0.072205154621690457 0.054190096393135871 4.2107416079796964 0.051099459043624305 4.2115481711037113 0.056320701452772667 4.210939725719931 0.055625457294516741 0.057174585559229642 0.068674339919785943 4.2128584026263836 0.067099554831308708 4.2106800729713258 4.2105001002925544 4.2103275741755049 4.2096154240925623
decision_type=2 2 2 2 2 2 2 2 2 2 2 2 2 2 2 2 2 2 2 2 2 2 2 2 2 2 2 2 2 2
left_child=1 3 4 -1 -3 6 7 -2 -8 10 15 12 -11 14 -14 16 17 -7 19 20 29 -22 -20 25 -25 27 -27 28 -12 -17
right_child=5 2 -4 -5 -6 9 8 -9 -10 11 23 -13 13 -15 -16 18 -18 -19 22 -21 21 -23 -24 24 -26 26 -28 -29 -30 -31
leaf_value=-0.038929702110921449 -0.055149920008231684 -0.039831066379498951 0.015282060857697802 0.012856274823698062 -0.007796662881598776 -0.059676787579456547 -0.26073582206920881 0.23557528525859386 -0.081213714968958864 -0.66023873931322352 0.18835189360399526 0.015944692306110293 0.47530900690290667 -0.087220289357955949 -0.14034269053350998 0.020438534846672646 0.050100204522549145 0.13342097028604866 -0.067288574810501239 -0.0084300865109844299 0.22775140390509652 -0.31467501829067868 0.029516870857566158 0.16362276119939034 -0.11571962044012447 0.51928616439973985 0.22798230735611577 0.19206900336547916 -0.51119640287011858 0.26575798014581425
leaf_weight=4051 194 23168 6301 22931 8077 1793 82 111 628 39 77 33265 45 1159 54 65 5018 288 1657 2452 63 45 474 454 121 74 211 426 30 273
leaf_count=4051 194 23168 6301 22931 8077 1793 82 111 628 39 77 33265 45 1159 54 65 5018 288 1657 2452 63 45 474 454 121 74 211 426 30 273
internal_value=-0.000223737 -0.0116598 -0.0236906 0.00508128 -0.03155 0.0148063 -0.0560914 0.050655 -0.101947 0.016303 0.0271076 0.0120761 -0.0871451 -0.0693783 0.139499 0.0114379 0.025754 -0.032953 -0.0087708 0.0184258 0.166073 0.00174039 -0.0457561 0.163534 0.104839 0.204792 0.303619 0.151949 -0.00778314 0.218581
internal_weight=113626 64528 37546 26982 31245 49098 1015 305 710 48083 13521 34562 1297 1258 99 12128 7099 2081 5029 2898 446 108 2131 1393 575 818 285 533 107 338
internal_count=113626 64528 37546 26982 31245 49098 1015 305 710 48083 13521 34562 1297 1258 99 12128 7099 2081 5029 2898 446 108 2131 1393 575 818 285 533 107 338
is_linear=0
shrinkage=0.05


Tree=60
num_leaves=31
num_cat=0
split_feature=0 0 1 1 1 0 1 1 1 1 1 0 1 0 1 0 0 1 0 1 1 1 1 1 1 1 1 1 0 1
split_gain=6559.61 5180.83 4619.93 3368.79 1728.6 1585.34 2099.86 1571.81 1452.36 1227.59 2099.92 1193.85 1163.1 1264.29 1776.7 1523.95 1203.8 1013.8 982.796 893.279 862.511 835.586 819.765 809.371 1008.06 4120.54 4426.52 4266.86 4257.88 3912.64
threshold=4.2083814024886363 4.1881520144172528 0.54357157459813754 -0.66926218500895385 0.037513468545582969 4.2113589837547467 0.033651016964345741 0.039778206153560709 0.035526590940496004 0.94133524972883265 0.80403983572463045 4.2077310619281354 -0.66363956179557315 3.8240175911680279 0.97366692785173814 3.5822972156049366 4.1481006113486876 -0.6616821142420839 2.5172558643058736 0.52999857268208184 0.9899572276429659 0.99391701702360902 0.038659770375086507 0.44135527888097464 0.060082260023257943 0.070954679831247813 0.076253456689842306 0.087252154951501473 4.2099435690630207 0.092454145968363488
decision_type=2 2 2 2 2 2 2 2 2 2 2 2 2 2 2 2 2 2 2 2 2 2 2 2 2 2 2 2 2 2
left_child=1 3 11 -1 5 6 -2 -6 -8 10 -4 19 18 15 -15 -14 20 -17 -5 22 -16 -19 -3 24 -9 28 -27 -28 -26 -29
right_child=4 2 9 12 7 -7 8 23 -10 -11 -12 -13 13 14 16 17 -18 21 -20 -21 -22 -23 -24 -25 25 26 27 29 -30 -31
leaf_value=-0.036613877116543229 -0.063431732258895077 -0.060352511779975526 -0.0034129941891138959 -0.24067383296787739 0.09301398433023883 -0.09515808957408578 0.58385230302810676 0.0015389641515410949 0.12190478851920682 -0.064555505324816367 0.054755314971958895 0.018040520386009465 0.011181916782772951 0.070722028788526667 0.13139719616283072 -0.00049659539797258648 -0.062957698126786504 -0.052446752522522393 0.037411735000188268 -0.21451212693084504 0.012688579119337032 0.17268471900551094 -0.033257779508443587 -0.0079476703300054279 -0.0067851804967838866 -0.048557332483009599 0.091947034441638653 -0.046947770253705931 0.13025321478273574 0.020053432737917487
leaf_weight=4099 206 3225 5293 32 620 689 20 11061 114 538 2195 1011 8950 1675 165 2200 521 2206 4462 71 2107 42 20775 4263 883 2592 1905 2365 1583 27696
leaf_count=4099 206 3225 5293 32 620 689 20 11061 114 538 2195 1011 8950 1675 165 2200 521 2206 4462 71 2107 42 20775 4263 883 2592 1905 2365 1583 27696
internal_value=1.91468e-06 -0.0114393 -0.0246214 0.00505552 0.0126233 -0.0515614 0.036786 0.0138702 0.190852 0.00839672 0.0136382 -0.0351869 0.0126943 0.00697496 0.0300076 -0.000706011 0.00559055 -0.0246262 0.0354316 -0.0374225 0.0213096 -0.0482406 -0.0368986 0.0129328 0.014784 0.018741 0.0142852 0.0193808 0.0811839 0.0147822
internal_weight=113564 59567 33108 26459 53997 1029 340 52968 134 8026 7488 25082 22360 17866 4468 13398 2793 4448 4494 24071 2272 2248 24000 52348 48085 37024 34558 31966 2466 30061
internal_count=113564 59567 33108 26459 53997 1029 340 52968 134 8026 7488 25082 22360 17866 4468 13398 2793 4448 4494 24071 2272 2248 24000 52348 48085 37024 34558 31966 2466 30061
is_linear=0
shrinkage=0.05


Tree=61
num_leaves=31
num_cat=0
split_feature=0 0 1 1 1 0 1 1 1 0 1 1 1 0 1 0 1 0 0 1 0 0 1 0 1 1 1 0 1 1
split_gain=5920.05 4675.7 4169.49 3040.33 1560.06 1430.77 1895.13 1418.55 1310.76 1137.04 2433.51 1115.48 1778.83 1077.45 1049.69 1141.02 1603.47 1375.36 1086.43 914.952 906.321 886.973 841.442 1152.13 806.185 778.416 774.347 767.83 739.838 807.679
threshold=4.2083814024886363 4.1881520144172528 0.54357157459813754 -0.66926218500895385 0.037513468545582969 4.2113589837547467 0.033651016964345741 0.039778206153560709 0.035526590940496004 4.2075194183444795 0.59821005442195807 0.94133524972883265 0.80403983572463045 4.2077310619281354 -0.66363956179557315 3.8240175911680279 0.97366692785173814 3.5822972156049366 4.1481006113486876 -0.6616821142420839 4.2074246467047258 2.5172558643058736 0.97366692785173814 4.2045120608299937 0.52999857268208184 0.9899572276429659 0.9899572276429659 3.7022896494328408 0.038659770375086507 0.16035449363368157
decision_type=2 2 2 2 2 2 2 2 2 2 2 2 2 2 2 2 2 2 2 2 2 2 2 2 2 2 2 2 2 2
left_child=1 3 13 -1 5 6 -2 -6 -8 10 20 12 -12 24 21 17 -17 -16 25 -19 -4 -5 23 -13 28 -18 27 -21 -3 -30
right_child=4 2 9 14 7 -7 8 -9 -10 -11 11 22 -14 -15 15 16 18 19 -20 26 -22 -23 -24 -25 -26 -27 -28 -29 29 -31
leaf_value=-0.034783183229815877 -0.060260145735104111 -0.057334887101437693 0.18778766597945443 -0.22864013835787775 0.088363285026242661 -0.090400182772617035 0.55465970993041991 0.012286191468148737 0.11580956107691716 -0.021780694333626859 -0.0059472387581087421 -0.17316071412637146 0.055658558448246104 0.017138492638930591 0.010622821202642135 0.067185920800958115 0.12482733484470483 -0.00047176473515785555 -0.059809816725938193 -0.035956038042394653 -0.015713652793098897 0.035541146888231907 0.028640085599712425 0.016766265634953651 -0.20378652560249183 0.012054147381082667 0.093872577639198623 -0.10758899065561563 -0.024364610466860951 -0.04503747794607707
leaf_weight=4099 206 3225 280 32 620 689 20 52348 114 2293 2881 218 1975 1011 8950 1675 165 2200 521 1671 68 4462 185 126 71 2107 95 482 13509 7266
leaf_count=4099 206 3225 280 32 620 689 20 52348 114 2293 2881 218 1975 1011 8950 1675 165 2200 521 1671 68 4462 185 126 71 2107 95 482 13509 7266
internal_value=1.81862e-06 -0.0108673 -0.0233904 0.00480274 0.0119921 -0.0489833 0.0349467 0.0131767 0.18131 0.00797688 0.0198789 0.0115977 0.0191087 -0.0334276 0.0120596 0.00662621 0.0285072 -0.00067071 0.00531102 -0.0233949 0.148023 0.03366 -0.0573498 -0.103594 -0.0355514 0.0202441 -0.0458285 -0.0519928 -0.0350537 -0.0315949
internal_weight=113564 59567 33108 26459 53997 1029 340 52968 134 8026 5733 5385 4856 25082 22360 17866 4468 13398 2793 4448 348 4494 529 344 24071 2272 2248 2153 24000 20775
internal_count=113564 59567 33108 26459 53997 1029 340 52968 134 8026 5733 5385 4856 25082 22360 17866 4468 13398 2793 4448 348 4494 529 344 24071 2272 2248 2153 24000 20775
is_linear=0
shrinkage=0.05


Tree=62
num_leaves=31
num_cat=0
split_feature=0 0 1 1 1 0 1 1 1 0 1 1 1 0 1 0 1 0 0 0 0 1 1 0 0 1 1 1 1 1
split_gain=5342.84 4219.82 3762.96 2743.9 1407.95 1291.27 1710.35 1280.25 1182.96 1026.18 2196.24 1006.72 1605.4 972.4 948.008 1044.11 1434.65 1194.18 980.5 817.955 792.438 786.053 759.401 1039.8 739.239 730.457 909.776 3718.79 3994.93 3870.61
threshold=4.2083814024886363 4.1881520144172528 0.54357157459813754 -0.66926218500895385 0.037513468545582969 4.2113589837547467 0.033651016964345741 0.039778206153560709 0.035526590940496004 4.2075194183444795 0.59821005442195807 0.94133524972883265 0.80403983572463045 4.2077310619281354 -0.6635774510576854 3.8240175911680279 0.97366692785173814 3.6723921289788319 4.1481006113486876 4.2074246467047258 2.5172558643058736 -0.66223408215259416 0.97366692785173814 4.2045120608299937 4.2106174894882651 0.44135527888097464 0.060082260023257943 0.070954679831247813 0.076253456689842306 0.085819128203325809
decision_type=2 2 2 2 2 2 2 2 2 2 2 2 2 2 2 2 2 2 2 2 2 2 2 2 2 2 2 2 2 2
left_child=1 3 13 -1 5 6 -2 24 -8 10 19 12 -12 -3 20 17 -17 -16 -18 -4 -5 -19 23 -13 -6 26 -9 -28 -29 -30
right_child=4 2 9 14 7 -7 8 25 -10 -11 11 22 -14 -15 15 16 18 21 -20 -21 -22 -23 -24 -25 -26 -27 27 28 29 -31
leaf_value=-0.033044017846081485 -0.057247135715866551 -0.033773827918576797 0.17839828510303052 -0.21720812171697618 -0.16709802789347514 -0.08588017631046399 0.52692671060562135 0.00084770486304094764 0.11001906954405601 -0.020691662367116101 -0.0056498766033816874 -0.16450267563992685 0.052875630876921778 0.016281570087498583 0.0062274873406878116 0.063826765775253216 0.019231905030458837 0.0012666350686751039 -0.056819323620503327 -0.014927976271685432 0.03241803689444283 -0.05566360926921176 0.027208083058531219 0.015927949225500462 0.09581878565855928 -0.008164596450682628 0.076510408082942016 -0.046743775400152378 0.093395238198931863 0.013793218710793918
leaf_weight=4099 206 24071 280 32 28 689 20 11061 114 2293 2881 218 1975 1011 10476 1652 2272 1031 521 68 4904 1472 185 126 592 4263 2466 2592 1608 30358
leaf_count=4099 206 24071 280 32 28 689 20 11061 114 2293 2881 218 1975 1011 10476 1652 2272 1031 521 68 4904 1472 185 126 592 4263 2466 2592 1608 30358
internal_value=1.7279e-06 -0.0103239 -0.0222208 0.00456261 0.0113925 -0.0465342 0.0331994 0.0125179 0.172244 0.00757804 0.0188849 0.0110178 0.0181532 -0.0317562 0.0114566 0.00597693 0.0268918 -0.0011859 0.00504548 0.140622 0.0307997 -0.0322137 -0.0544824 -0.0984147 0.0839451 0.0116719 0.0134305 0.0171896 0.0129566 0.0177975
internal_weight=113564 59567 33108 26459 53997 1029 340 52968 134 8026 5733 5385 4856 25082 22360 17424 4445 12979 2793 348 4936 2503 529 344 620 52348 48085 37024 34558 31966
internal_count=113564 59567 33108 26459 53997 1029 340 52968 134 8026 5733 5385 4856 25082 22360 17424 4445 12979 2793 348 4936 2503 529 344 620 52348 48085 37024 34558 31966
is_linear=0
shrinkage=0.05


Tree=63
num_leaves=31
num_cat=0
split_feature=0 1 1 1 0 1 0 1 1 1 1 1 0 1 0 1 1 0 1 1 1 0 1 0 1 1 0 1 1 1
split_gain=4834.94 3311.34 4534.66 2677.54 1973.95 1329.33 1165.37 1543.59 1117.66 1067.62 927.41 1863.54 1410.04 1054.93 915.825 867.675 859.433 1087.16 830.594 1290.2 830.386 2237.6 1244.42 1267.62 3240.2 2469.9 2702.88 4033.5 1875.43 2283.72
threshold=4.2092521302304364 0.66046176821179381 -0.0009042703902457 -0.66926218500895385 4.2069679798942632 0.037513468545582969 4.2113589837547467 0.033651016964345741 0.040214803383255775 0.035526590940496004 0.50662256577213383 0.20817236634261524 4.2075194183444795 0.48363323162759736 4.2104702482203038 0.23797488331352729 0.99518812659106171 4.1763048044315134 0.54357157459813754 0.52999857268208184 0.046612744195873447 4.2108051094122301 0.053051794850801269 4.2119832905866774 0.05671957106282801 0.056320701452772667 4.2113213406035168 0.054190096393135871 0.069757814832467555 0.077563300320049114
decision_type=2 2 2 2 2 2 2 2 2 2 2 2 2 2 2 2 2 2 2 2 2 2 2 2 2 2 2 2 2 2
left_child=1 2 3 -1 -4 6 7 -2 14 -9 11 -6 18 15 -7 -13 -3 -18 19 -12 21 -10 -22 25 -25 26 -24 -28 -26 -30
right_child=5 16 4 -5 10 8 -8 9 20 -11 12 13 -14 -15 -16 -17 17 -19 -20 -21 22 -23 23 24 28 -27 27 -29 29 -31
leaf_value=-0.031391822516729145 -0.054384782845244832 0.020176849809062571 -0.032007053575290059 0.013744470063822765 -0.040858277872592066 -0.17439043505324259 -0.081586176516280029 0.50058036804199213 -0.05441100949670296 0.1045181290622343 0.0022126365854189946 0.13992847634928071 -0.039726999229435588 0.096670064802457434 0.083709361199510432 0.011558365120071509 -0.016677974418718836 -0.23080632136741155 0.065194315940346859 -0.37196443666304863 0.055338917072624151 0.022272624055663631 0.16316169701233696 -0.065056964991497879 0.079649963764518925 0.015416086315354197 0.2842836535182493 -0.22152204531721953 -0.064865918393490304 0.012983817274317322
leaf_weight=4099 206 9869 25344 16559 1414 36 689 20 1636 114 130 137 2933 466 759 3361 359 71 581 28 1767 2273 553 1729 867 29507 58 123 1094 6782
leaf_count=4099 206 9869 25344 16559 1414 36 689 20 1636 114 130 137 2933 466 759 3361 359 71 581 28 1767 2273 553 1729 867 29507 58 123 1094 6782
internal_value=1.64112e-06 -0.00885974 -0.0137278 0.00478844 -0.0248492 0.0120129 -0.0442075 0.0315394 0.013239 0.163632 -0.004804 0.00842181 -0.0241745 0.0260005 0.0720218 0.016586 0.0171619 -0.0520341 0.0375515 -0.0640972 0.0122316 -0.00982111 0.0142609 0.012478 -0.00251471 0.0176698 0.108269 -0.0594407 0.00985353 0.00217026
internal_weight=113564 65351 55052 20658 34394 48213 1029 340 47184 134 9050 5378 3672 3964 795 3498 10299 430 739 158 46389 3909 42480 40713 10472 30241 734 181 8743 7876
internal_count=113564 65351 55052 20658 34394 48213 1029 340 47184 134 9050 5378 3672 3964 795 3498 10299 430 739 158 46389 3909 42480 40713 10472 30241 734 181 8743 7876
is_linear=0
shrinkage=0.05


Tree=64
num_leaves=31
num_cat=0
split_feature=0 0 1 1 1 0 1 1 1 0 0 0 0 1 1 1 1 0 0 1 0 1 0 0 1 1 1 0 1 1
split_gain=4372.82 3459.97 3044.85 2246.32 1147.88 1058.26 1471.36 1052.54 903.5 1606.89 826.532 809.649 700.22 693.86 835.777 665.72 666.427 770.867 743.488 665.253 917.306 1283.11 1046.79 867.975 699.164 677.114 661.483 2019.43 1217.51 1159.8
threshold=4.2083814024886363 4.1881520144172528 0.54357157459813754 -0.66979476814466532 0.037513468545582969 4.2113213406035168 0.033651016964345741 0.040214803383255775 0.94133524972883265 4.2050474292910884 4.2104702482203038 4.2077310619281354 4.2079410597434483 0.80403983572463045 0.90581773459918347 0.52999857268208184 0.038659770375086507 4.2035116318896408 4.2056737378928934 -0.6635774510576854 3.8240175911680279 0.97366692785173814 3.6723921289788319 4.1481006113486876 0.9899572276429659 -0.662047967150724 0.046612744195873447 4.2108051094122301 0.053051794850801269 0.059521606575995471
decision_type=2 2 2 2 2 2 2 2 2 2 2 2 2 2 2 2 2 2 2 2 2 2 2 2 2 2 2 2 2 2
left_child=1 3 11 -1 5 6 -2 10 9 -4 -6 15 -13 -11 -15 16 18 -18 -3 -5 22 -22 -21 24 -23 -24 27 -9 -28 -30
right_child=4 2 8 19 7 -7 -8 26 -10 13 -12 12 -14 14 -16 -17 17 -19 -20 20 21 23 25 -25 -26 -27 28 -29 29 -31
leaf_value=-0.032336861437780189 -0.051270899685783002 -0.03829728611446917 0.090242184144822324 0.025300973690228958 -0.1656709122988913 -0.07629411968352437 0.16815780372388903 -0.051690459665147848 -0.055893279707133273 -0.0044352521685943934 0.079523890808946174 0.090549963505117834 -0.0078185037852475242 0.047810390859502179 -0.052691567692150644 -0.18340905913164918 -0.087205479422819268 -0.025260383117179659 -0.095805882921057017 0.0054351230661096109 0.059741690221240352 0.1166155292229219 -0.00018836336482555463 -0.054055248366779655 0.0097372593339594502 -0.052826416939355109 0.05272015708591106 0.021158992203859653 -0.012870936145722076 0.013172144840500711
leaf_weight=3640 199 2500 592 5395 36 706 124 1636 538 5262 759 236 775 1391 243 71 515 20260 725 10476 1652 165 1059 521 2107 1444 1773 2273 4763 41728
leaf_count=3640 199 2500 592 5395 36 706 124 1636 538 5262 759 236 775 1391 243 71 515 20260 725 10476 1652 165 1059 521 2107 1444 1773 2273 4763 41728
internal_value=1.5596e-06 -0.00933985 -0.0201125 0.00413994 0.0103066 -0.0419971 0.032968 0.0113227 0.00669259 0.0111893 0.0684207 -0.0286899 0.0151439 0.00440283 0.0328643 -0.030531 -0.0300787 -0.026796 -0.0512256 0.00995858 0.0052081 0.0248118 -0.0015057 0.00415152 0.0174991 -0.0305557 0.0104526 -0.00933006 0.0120549 0.010504
internal_weight=113564 59567 33108 26459 53997 1029 323 52968 8026 7488 795 25082 1011 6896 1634 24071 24000 20775 3225 22819 17424 4445 12979 2793 2272 2503 52173 3909 48264 46491
internal_count=113564 59567 33108 26459 53997 1029 323 52968 8026 7488 795 25082 1011 6896 1634 24071 24000 20775 3225 22819 17424 4445 12979 2793 2272 2503 52173 3909 48264 46491
is_linear=0
shrinkage=0.05


Tree=65
num_leaves=31
num_cat=0
split_feature=0 0 1 1 0 0 1 1 1 1 1 1 1 1 0 1 0 0 0 0 1 1 1 0 1 1 1 0 0 1
split_gain=5181.35 3135.85 3096.54 1943.4 1302.46 1010.32 1789.81 978.582 859.171 1221.87 888.712 799.29 1940.22 798.379 759.091 711.458 929.768 788.602 1655.17 1096.07 870.84 1476.49 1044.7 854.714 704.103 741.933 1056.87 931.579 820.432 687.448
threshold=4.2090870767876725 4.1881520144172528 0.35835823550598178 -0.66926218500895385 4.2137218946976223 4.2043531102966334 0.026335236696960137 0.99518812659106171 0.66046176821179381 0.8682140037659869 0.52999857268208184 0.038659770375086507 0.052126693030748704 0.023304082315542939 4.2095328946485546 -0.663836168103625 2.5172558643058736 3.7899177110824094 3.5981631387971817 3.367097349452131 0.88866561193202009 -0.6616821142420839 -0.0009042703902457 3.4656563857364762 0.78217850835714009 0.94133524972883265 0.97366692785173814 4.2045120608299937 4.2055386281573091 0.034309320840942674
decision_type=2 2 2 2 2 2 2 2 2 2 2 2 2 2 2 2 2 2 2 2 2 2 2 2 2 2 2 2 2 2
left_child=1 3 5 -1 8 -3 -7 24 10 14 13 29 -13 -2 -10 16 -5 18 19 -17 21 -19 -23 -21 -4 28 27 -27 -26 -6
right_child=4 2 7 15 11 6 -8 -9 9 -11 -12 12 -14 -15 -16 17 -18 20 -20 23 -22 22 -24 -25 25 26 -28 -29 -30 -31
leaf_value=-0.027703965825768642 -0.096963429442940313 -0.05795014222456956 -0.0047212669035958527 -0.24952520200027284 -0.074816722123913701 -0.14743896743937121 -0.02361090033138627 -0.23474190346896651 -0.0012261040575270142 0.21100737946107984 0.073907157203081095 0.07797574636020832 -0.062142811698528637 0.014225386785581077 -0.19212922428319926 -0.0050500557688182013 0.034906626737109606 0.039305556908798334 -0.025540288742006784 0.050377180482612652 0.013694391252193978 0.53623608691351754 0.15694824555026954 0.0094599535555305696 0.072576736286282542 -0.14320132316904025 0.077291015824793197 0.022977408769485706 0.013400278377540549 -0.2993746189360923
leaf_weight=3990 162 2683 10672 29 124 296 20644 44 84 32 624 350 840 47199 137 4994 3103 776 4242 2314 3952 21 134 2846 868 222 152 136 1801 47
leaf_count=3990 162 2683 10672 29 124 296 20644 44 84 32 624 350 840 47199 137 4994 3103 776 4242 2314 3952 21 134 2846 868 222 152 136 1801 47
internal_value=0.000654047 -0.00875575 -0.0180459 0.00444633 0.0127806 -0.0290626 -0.0253613 0.000683625 0.0141416 -0.0777568 0.0146261 -0.0354565 -0.0209315 0.0138451 -0.119569 0.0101703 0.032273 0.00657956 0.000690049 0.0116482 0.0239429 0.067447 0.208336 0.0278093 0.00143149 0.0220865 -0.0331716 -0.080072 0.0326454 -0.136537
internal_weight=113518 63919 37518 26401 49599 23623 20940 13895 48238 253 47985 1361 1190 47361 221 22411 3132 19279 14396 10154 4883 931 155 5160 13851 3179 510 358 2669 171
internal_count=113518 63919 37518 26401 49599 23623 20940 13895 48238 253 47985 1361 1190 47361 221 22411 3132 19279 14396 10154 4883 931 155 5160 13851 3179 510 358 2669 171
is_linear=0
shrinkage=0.05


Tree=66
num_leaves=31
num_cat=0
split_feature=0 0 1 1 0 1 0 1 1 1 0 1 1 0 1 1 0 1 0 0 0 0 1 1 1 0 1 1 1 0
split_gain=4676.8 3400.93 2532.47 1753.92 1124.46 784.156 964.209 721.359 1751.05 709.231 643.823 1588.64 1135.65 2023.46 945.888 693.424 1349 642.091 839.115 711.713 1493.79 989.203 785.933 1332.54 942.839 771.38 668.551 936.195 722.041 660.849
threshold=4.2082787309598624 4.1881520144172528 0.48363323162759736 -0.66926218500895385 4.2137218946976223 0.026335236696960137 4.2048702447762709 0.038659770375086507 0.052126693030748704 0.023304082315542939 4.2075194183444795 0.51724704080845141 0.51724704080845141 4.2070967715774277 0.59821005442195807 0.94133524972883265 4.2052027035499506 -0.663836168103625 2.5172558643058736 3.7899177110824094 3.5981631387971817 3.367097349452131 0.88866561193202009 -0.6616821142420839 -0.0009042703902457 3.4656563857364762 -0.662047967150724 -0.66330562804242477 0.9899572276429659 3.4521320138615228
decision_type=2 2 2 2 2 2 2 2 2 2 2 2 2 2 2 2 2 2 2 2 2 2 2 2 2 2 2 2 2 2
left_child=1 3 5 -1 9 6 -3 -6 -9 -2 12 -12 13 -4 -14 16 -16 18 -5 20 21 -19 23 -21 -25 -23 27 -22 -28 -20
right_child=4 2 10 17 7 -7 -8 8 -10 -11 11 -13 14 -15 15 -17 -18 19 29 22 26 25 -24 24 -26 -27 28 -29 -30 -31
leaf_value=-0.026318769734492875 -0.09211525880030276 -0.033743301192794853 -0.16566304890519901 -0.23704893902457994 -0.12971045284896915 -0.027082473743475458 -0.17151402511867866 0.07407696453162603 -0.059035673166203888 0.012662734811287935 0.095969834886963715 -0.030649315339233499 0.085120300113805336 0.068521840357548242 0.081895953021992235 -0.042493121861437305 0.0063742896886536853 -0.0047975532136121631 0.058643605093536992 0.037340277649423818 -0.044027209852705855 0.04785832176910667 0.013009671850963252 0.50942428225562686 0.14910082567983599 0.0089869567112999139 -0.047944457874488769 0.025157106365116529 0.12648605994086287 0.012267299251783846
leaf_weight=3990 162 319 230 29 171 23192 211 350 840 52923 276 2418 469 154 689 543 4170 4994 1398 776 833 2314 3952 21 134 2846 2164 1184 61 1705
leaf_count=3990 162 319 230 29 171 23192 211 350 840 52923 276 2418 469 154 689 543 4170 4994 1398 776 833 2314 3952 21 134 2846 2164 1184 61 1705
internal_value=0.000621345 -0.00912192 -0.0199066 0.00422401 0.0111924 -0.0284567 -0.0885916 -0.0336837 -0.0198849 0.012343 0.0027581 -0.0176772 0.0115595 -0.0717452 0.0170081 0.0110947 0.0170832 0.00966177 0.0306594 0.00625058 0.000655546 0.0110658 0.0227458 0.0640746 0.197919 0.0264188 -0.0242633 -0.0034153 -0.0431623 0.0331613
internal_weight=113518 59072 32671 26401 54446 23722 530 1361 1190 53085 8949 2694 6255 384 5871 5402 4859 22411 3132 19279 14396 10154 4883 931 155 5160 4242 2017 2225 3103
internal_count=113518 59072 32671 26401 54446 23722 530 1361 1190 53085 8949 2694 6255 384 5871 5402 4859 22411 3132 19279 14396 10154 4883 931 155 5160 4242 2017 2225 3103
is_linear=0
shrinkage=0.05


Tree=67
num_leaves=31
num_cat=0
split_feature=0 0 1 1 0 0 1 1 1 1 1 0 1 1 1 1 0 0 0 0 1 1 0 0 1 0 0 0 0 0
split_gain=4262.49 2572.38 2542.01 1582.91 1068.69 904.258 1469.9 868.238 778.588 1194.98 796.036 720.207 655.366 1583.9 624.745 719.186 2181 1439.79 1412.29 1913.46 1316.56 3145.34 1799.47 1265.49 2460.78 4271.45 1590.42 1921.75 1508.05 1400.26
threshold=4.2090870767876725 4.1881520144172528 0.35835823550598178 -0.66926218500895385 4.2135815137323176 4.2043531102966334 0.026335236696960137 0.99518812659106171 0.66046176821179381 0.8682140037659869 0.52999857268208184 4.2095328946485546 0.052126693030748704 0.038659770375086507 0.033651016964345741 0.041217938180536672 4.2133936808360657 4.2128584026263836 4.2111121912057401 4.2107416079796964 0.049987693604997809 0.054190096393135871 4.2131591191432927 4.2126569965574676 0.051099459043624305 4.2118841380027527 4.2099435690630207 4.2102736250356285 4.2103868452367754 4.2118347381042174
decision_type=2 2 2 2 2 2 2 2 2 2 2 2 2 2 2 2 2 2 2 2 2 2 2 2 2 2 2 2 2 2
left_child=1 3 5 -1 8 -3 -7 -4 10 11 14 -10 13 -6 -2 16 17 18 19 -16 22 23 -17 24 25 26 -22 -28 -26 -30
right_child=4 2 7 -5 12 6 -8 -9 9 -11 -12 -13 -14 -15 15 20 -18 -19 -20 -21 21 -23 -24 -25 28 -27 27 -29 29 -31
leaf_value=-0.025002825715320004 -0.047050160826044053 -0.053669466103551736 0.0013155866499489416 0.0091786858154232764 -0.095324247087931857 -0.1334694439696299 -0.021252395091499614 -0.22114432193338873 -0.0017979352100242285 0.22025626912713051 0.069578660640698411 -0.18880723881381178 -0.047865981671448461 0.073149083613180649 -0.01068210005760193 -0.022842984800395205 -0.46365045252300452 0.21067778109572829 0.0090862596764333375 0.18740114895719115 0.086557129108243522 0.012051631525251788 0.20118448130138544 0.0089807667256988719 0.054138793426999211 0.34789798438549041 -0.62070160886416081 -0.13716476033536756 0.27899117162861164 0.10353153994527914
leaf_weight=3990 433 2683 13851 22411 212 296 20644 44 84 30 624 133 1189 408 204 3488 21 128 1279 303 54 39698 92 338 202 60 26 98 318 177
leaf_count=3990 433 2683 13851 22411 212 296 20644 44 84 30 624 133 1189 408 204 3488 21 128 1279 303 54 39698 92 338 202 60 26 98 318 177
internal_value=0.000590278 -0.00794447 -0.0163587 0.00401281 0.0115891 -0.0263403 -0.0228387 0.000611144 0.0130171 -0.0755251 0.0134771 -0.116417 -0.0261341 0.0155421 0.012731 0.0132878 0.0431291 0.0486894 0.0370799 0.107699 0.0119917 0.0145325 -0.0170859 0.0918958 0.121869 -0.016943 -0.139923 -0.238552 0.169269 0.216251
internal_weight=113518 63919 37518 26401 49599 23623 20940 13895 47790 247 47543 217 1809 620 46919 46486 1935 1914 1786 507 44551 40971 3580 1273 935 238 178 124 697 495
internal_count=113518 63919 37518 26401 49599 23623 20940 13895 47790 247 47543 217 1809 620 46919 46486 1935 1914 1786 507 44551 40971 3580 1273 935 238 178 124 697 495
is_linear=0
shrinkage=0.05


Tree=68
num_leaves=31
num_cat=0
split_feature=0 0 1 1 0 0 1 1 0 0 1 1 1 1 0 0 0 1 1 1 1 0 1 0 0 1 1 1 1 0
split_gain=3846.89 2321.57 2294.17 1437.54 981.491 816.093 1326.58 807.141 979.351 1092 783.585 699.994 993.677 723.053 642.321 1348.15 892.756 719.772 709.305 1202.61 850.912 644.207 618.757 759.685 617.733 614.002 731.157 1130.24 2738.38 1794.63
threshold=4.2090870767876725 4.1881520144172528 0.35835823550598178 -0.66476311403078769 4.2137218946976223 4.2043531102966334 0.026335236696960137 -0.663836168103625 3.4521320138615228 3.3150374316227009 0.99518812659106171 0.66046176821179381 0.8682140037659869 0.52999857268208184 3.7899177110824094 3.5981631387971817 3.367097349452131 -0.0015408843540269332 0.88866561193202009 -0.6616821142420839 -0.0009042703902457 3.4656563857364762 0.64469578816960282 4.2087814111788378 4.2095328946485546 0.033651016964345741 0.041217938180536672 0.049987693604997809 0.054190096393135871 4.2110433703874595
decision_type=2 2 2 2 2 2 2 2 2 2 2 2 2 2 2 2 2 2 2 2 2 2 2 2 2 2 2 2 2 2
left_child=1 3 5 -1 11 -3 -7 8 9 -5 22 13 24 25 15 16 -9 21 19 -16 -21 -18 -4 -24 -13 -2 -27 29 -29 -28
right_child=4 2 10 7 -6 6 -8 14 -10 -11 -12 12 -14 -15 18 -17 17 -19 -20 20 -22 -23 23 -25 -26 26 27 28 -30 -31
leaf_value=-0.022146366659786108 -0.045435507143182417 -0.050985991959385447 -0.00875694549529611 0.033137319360845068 -0.030864109793190538 -0.12679596956114511 -0.020189775838614098 -0.0050166100332875987 0.0079202973605850234 0.13350327299553014 -0.21008710807020015 -0.0017080344576762792 0.18964893813244998 0.066099728291737853 0.035014330555406425 -0.023509045470300017 0.05110978974380307 -0.03120356825458941 0.011900253799133124 0.48349413843381978 0.14118685233059214 0.013726675649497536 0.009604830505093559 0.11579342730278741 -0.17392128911387705 0.042470454537009143 -0.048916561648852379 0.083677907783730465 0.011170592240412287 0.021730095542843438
leaf_weight=4437 462 2683 7303 764 1361 296 20644 4994 1501 420 44 84 32 624 776 4242 2130 519 3952 21 134 2511 6375 173 137 1949 1909 1346 39996 1699
leaf_count=4437 462 2683 7303 764 1361 296 20644 4994 1501 420 44 84 32 624 776 4242 2130 519 3952 21 134 2511 6375 173 137 1949 1909 1346 39996 1699
internal_value=0.000560764 -0.00754725 -0.0155407 0.00381217 0.0110097 -0.0250233 -0.0216967 0.00905612 0.0347399 0.0687401 0.000580587 0.0121911 -0.0707586 0.0126285 0.00547912 0.000163834 0.0100536 0.0246389 0.0211496 0.060412 0.187564 0.0308838 0.00124981 0.0124104 -0.108465 0.011924 0.012489 0.011189 0.0135313 -0.0156492
internal_weight=113518 63919 37518 26401 49599 23623 20940 21964 2685 1184 13895 48238 253 47985 19279 14396 10154 5160 4883 931 155 4641 13851 6548 221 47361 46899 44950 41342 3608
internal_count=113518 63919 37518 26401 49599 23623 20940 21964 2685 1184 13895 48238 253 47985 19279 14396 10154 5160 4883 931 155 4641 13851 6548 221 47361 46899 44950 41342 3608
is_linear=0
shrinkage=0.05


Tree=69
num_leaves=31
num_cat=0
split_feature=0 0 1 1 0 1 0 0 1 1 1 1 1 0 1 1 1 1 0 0 1 1 0 1 0 1 1 1 1 0
split_gain=3493.39 2529.43 1931.97 1306.14 1263.09 1428.79 1037.3 848.822 600.236 1432.71 620.422 597.988 925.042 1713.61 1656.58 1290.29 1077.46 865.333 1254.14 785.412 836.029 748.844 1489.64 741.395 611.77 606.045 656.875 1246.09 2378.44 1670.53
threshold=4.2082787309598624 4.1881520144172528 0.54357157459813754 -0.66979476814466532 4.2075194183444795 0.59821005442195807 4.2076228545418601 4.2137218946976223 0.038659770375086507 0.052126693030748704 0.034309320840942674 0.44135527888097464 0.24749660249026242 4.2097280195538902 0.057174585559229642 0.23346936377827318 0.24391940188125902 0.055625457294516741 4.2091428143259337 4.2104702482203038 0.28594241921769475 0.23797488331352729 4.2092521302304364 0.29062199670593086 4.2089088136697255 0.035526590940496004 0.041217938180536672 0.049987693604997809 0.054190096393135871 4.2110076635606859
decision_type=2 2 2 2 2 2 2 2 2 2 2 2 2 2 2 2 2 2 2 2 2 2 2 2 2 2 2 2 2 2
left_child=1 3 6 -1 5 -4 -3 11 10 -10 -9 12 13 14 17 -16 25 -2 -19 -14 -21 22 -17 -22 -23 -15 -27 29 -29 -28
right_child=7 2 4 -5 -6 -7 -8 8 9 -11 -12 -13 19 16 15 21 -18 18 -20 20 23 24 -24 -25 -26 26 27 28 -30 -31
leaf_value=-0.024635647670743291 0.0097534945703899641 -0.026026271579997581 0.11476287719908695 0.0079985876346788387 -0.028433302371157772 0.010237805728698188 0.028889772231009844 -0.058280945328935498 0.068258866739060203 -0.052147385501469093 -0.27161094077089998 -0.0069880714937816113 0.037975456161576257 -0.038729762065371404 -0.037390881321441027 0.46550794728100303 -0.089452607467306725 -0.12608318305015564 0.26796574901966824 0.045151315200778225 -0.12793786528110504 -0.10164347529411316 0.045454997449151935 -0.0026701575503760566 0.083513965410733138 0.043029369247816904 -0.048412816312714102 0.082711609736160971 0.012856597925155847 0.019812976105199574
leaf_weight=3541 130 23889 348 22860 2140 5402 892 124 350 840 47 4398 5699 551 3642 32 257 25 105 1008 125 70 62 2145 123 1860 1849 1274 27987 1743
leaf_count=3541 130 23889 348 22860 2140 5402 892 124 350 840 47 4398 5699 551 3642 32 257 25 105 1008 125 70 62 2145 123 1860 1849 1274 27987 1743
internal_value=0.000532725 -0.00788807 -0.0171889 0.00362156 0.0043593 0.0165638 -0.0240496 0.00966899 -0.0293209 -0.0167338 -0.116916 0.0106686 0.0122636 0.00898671 -0.0212589 -0.0293474 0.0125536 0.10097 0.192187 0.0267589 0.00725833 0.0727235 0.188452 -0.00956816 0.0163584 0.013297 0.0141228 0.0124863 0.015898 -0.0153066
internal_weight=113518 59072 32671 26401 7890 5750 24781 54446 1361 1190 171 53085 48687 39710 4189 3929 35521 260 130 8977 3278 287 94 2270 193 35264 34713 32853 29261 3592
internal_count=113518 59072 32671 26401 7890 5750 24781 54446 1361 1190 171 53085 48687 39710 4189 3929 35521 260 130 8977 3278 287 94 2270 193 35264 34713 32853 29261 3592
is_linear=0
shrinkage=0.05


Tree=70
num_leaves=31
num_cat=0
split_feature=0 1 1 1 0 0 1 1 0 0 0 1 1 1 0 1 1 1 0 0 1 1 1 1 1 0 1 0 0 1
split_gain=2559.43 2551.25 2218.69 1854.09 1024.99 957.757 909.241 925.854 797.27 1111.53 1128.46 882.623 786.083 1497.06 1285.47 985.24 809.312 740.712 1562.44 714.257 647.592 615.887 614.335 1572.77 611.854 587.153 584.165 580.301 750.2 597.78
threshold=4.2093540619516814 0.66046176821179381 -0.0011725711818398666 -0.66476311403078769 3.7276973426772373 4.2069679798942632 0.69194094421133112 0.8471138667079785 3.5981631387971817 3.3829345773626645 3.4521320138615228 -0.66425039543226838 0.21968849704797191 0.50662256577213383 4.2075194183444795 0.22666625183359088 0.48363323162759736 0.99518812659106171 4.0511569599221975 4.0016850225900411 0.52999857268208184 0.023304082315542939 0.30238758275585748 0.26948431542544993 0.33493972129302357 4.2131591191432927 -0.6616821142420839 4.2082787309598624 4.2066285382127502 0.74424765479753441
decision_type=2 2 2 2 2 2 2 2 2 2 2 2 2 2 2 2 2 2 2 2 2 2 2 2 2 2 2 2 2 2
left_child=1 2 3 -1 -3 -4 20 -8 9 11 -11 -5 -7 15 -15 -14 22 27 -19 -10 21 -2 23 -17 -24 -9 -13 28 29 -6
right_child=6 4 5 8 17 12 7 25 19 10 -12 26 13 14 -16 16 -18 18 -20 -21 -22 -23 24 -25 -26 -27 -28 -29 -30 -31
leaf_value=-0.025789588914651957 -0.071663476652485417 0.30336872031611783 -0.023276488320990042 0.083473329758127421 0.086598481840632666 -0.03469277972811418 -0.15475466184138337 0.16375238983167542 -0.01018867567144819 0.066815488576491319 0.017865684067644667 -0.0056171204801893533 0.3414325632154942 0.035919784745349771 -0.03587721894985909 0.017121299151841095 0.080344014880878986 0.14553201600729701 -0.096231651823131412 0.13702660777739115 0.067595580270537567 0.0091438537674843803 -0.049818298141858564 0.18073790331639478 0.011113144399045977 -0.043863727335285929 0.06088814974103695 0.069936588636018759 -0.006781461279740178 0.020788188665046402
leaf_weight=4480 237 31 25787 323 365 1819 171 45 4306 1789 3444 5329 24 785 3029 863 494 83 343 84 472 46480 506 177 2218 140 352 514 2716 6316
leaf_count=4480 237 31 25787 323 365 1819 171 45 4306 1789 3444 5329 24 785 3029 863 494 83 343 84 472 46480 506 177 2218 140 352 514 2716 6316
internal_value=-0.000127443 -0.00648541 -0.0107169 0.00256745 0.0162916 -0.0181984 0.0087221 -0.0708851 0.0106969 0.0177559 0.0346001 0.00307476 -0.0049914 0.00168187 -0.0210999 0.0219737 0.0201731 0.0154307 -0.0491275 -0.0073718 0.00932266 0.00873391 0.0122761 0.0449676 -0.000205251 0.00663749 -0.00149639 0.0182056 0.015376 0.0243836
internal_weight=113722 66177 55809 20107 10368 35702 47545 356 15627 11237 5233 6004 9915 8096 3814 4282 4258 10337 426 4390 47189 46717 3764 1040 2724 185 5681 9911 9397 6681
internal_count=113722 66177 55809 20107 10368 35702 47545 356 15627 11237 5233 6004 9915 8096 3814 4282 4258 10337 426 4390 47189 46717 3764 1040 2724 185 5681 9911 9397 6681
is_linear=0
shrinkage=0.05


Tree=71
num_leaves=31
num_cat=0
split_feature=0 1 0 1 0 1 1 1 1 1 1 1 1 1 1 1 1 1 0 1 0 1 0 1 1 0 0 1 0 0
split_gain=2327.95 2090.24 1493.09 1888.68 1443.44 1202.22 1980.34 1335.93 1078.54 4543.26 3282.87 6219.29 2487.51 6641.65 3029.21 5693.68 4158.31 2927.91 2405.28 2180.58 2142.53 2132.64 2301.38 2137.52 1933.28 1860.72 1797.41 1789.02 1738.73 1715.61
threshold=4.2100283525022411 0.66046176821179381 3.5981631387971817 -0.66476311403078769 4.2069679798942632 0.15518290890557315 0.088587236822054147 0.16035449363368157 0.058289120215410169 0.070954679831247813 0.077563300320049114 0.085819128203325809 0.092454145968363488 0.10072043667280038 0.10561795215628932 0.11521755792358598 0.11971259412532488 0.10726064900172545 4.2107734898061189 0.080077080556547914 4.2117908053851538 0.1300622843575869 4.2105579519131142 0.12092273166393423 0.054190096393135871 4.2123827812707644 4.2107416079796964 0.13941214932258508 4.2103868452367754 4.2130078604632875
decision_type=2 2 2 2 2 2 2 2 2 2 2 2 2 2 2 2 2 2 2 2 2 2 2 2 2 2 2 2 2 2
left_child=1 2 3 -1 -4 6 -6 -7 24 -10 -11 18 -13 28 -15 17 -17 20 19 -12 -16 22 -18 25 26 -24 -2 -23 -14 -30
right_child=8 -3 4 -5 5 7 -8 -9 9 10 11 12 13 14 15 16 21 -19 -20 -21 -22 27 23 -25 -26 -27 -28 -29 29 -31
leaf_value=-0.026083268277906132 -0.037054160350808441 0.015450233681197058 -0.019697839965441524 0.014556829153286774 -0.00088244451845663821 0.10868946650996805 -0.066646835495357937 0.0036488185596608943 0.083395941298068418 -0.044365852281323385 -0.18157278590922044 -0.039822437922738568 -0.018171168919500026 -0.071500451441932414 -0.045203015277508515 -0.10715841288151558 -0.039937417845067102 0.16176002594677205 0.18319251700790962 0.11959740774871051 0.17048634002560084 -0.045183443490608377 -0.10413450954688921 0.13998514210536808 -0.039396657578811958 0.15543976615024907 0.021903728667157459 0.01133561206833858 0.21949844187737944 -0.0046320725083351137
leaf_weight=3765 1651 10450 30251 11878 3526 310 1695 12848 2226 2597 97 2298 122 1096 398 777 384 935 737 158 162 1567 198 888 2814 106 5957 13147 584 100
leaf_count=3765 1651 10450 30251 11878 3526 310 1695 12848 2226 2597 97 2298 122 1096 398 777 384 935 737 158 162 1567 198 888 2814 106 5957 13147 584 100
internal_value=-0.000121071 -0.00528922 -0.00866119 0.00477546 -0.0129834 -0.00193178 -0.0222329 0.00612356 0.00978121 0.0148027 0.00900825 0.0148436 0.00950258 0.0150415 0.00927371 0.0140431 0.00584717 0.107608 0.137396 0.00503463 0.0171928 0.0112373 0.0665157 0.100809 -0.00398754 -0.0136251 0.00910937 0.00531649 0.155716 0.186731
internal_weight=113722 74723 64273 15643 48630 18379 5221 13158 38999 28577 26351 23754 22762 20464 19658 18562 17067 1495 992 255 560 16290 1576 1192 10422 304 7608 14714 806 684
internal_count=113722 74723 64273 15643 48630 18379 5221 13158 38999 28577 26351 23754 22762 20464 19658 18562 17067 1495 992 255 560 16290 1576 1192 10422 304 7608 14714 806 684
is_linear=0
shrinkage=0.05


Tree=72
num_leaves=31
num_cat=0
split_feature=0 1 1 1 0 1 1 1 0 1 0 1 0 0 0 0 1 0 1 1 0 1 0 0 1 1 1 1 0 1
split_gain=2128.06 2090.31 1892.57 1531.64 925.053 844.541 826.595 836.262 731.155 700.751 680.466 668.492 1410.11 619.989 1003.15 1018.43 796.567 644.617 585.376 567.031 530.929 527.209 523.721 677.056 539.496 571.039 507.833 484.982 510.763 478.354
threshold=4.2093540619516814 0.66046176821179381 -0.0011725711818398666 -0.66476311403078769 3.7276973426772373 0.037513468545582969 0.69194094421133112 0.8471138667079785 4.2047970190402397 0.041217938180536672 4.2056270700419569 0.99518812659106171 4.0511569599221975 3.5981631387971817 3.3829345773626645 3.4521320138615228 -0.66425039543226838 4.0016850225900411 0.52999857268208184 0.023304082315542939 4.2130078604632875 -0.6616821142420839 4.2082787309598624 4.2066285382127502 0.74424765479753441 0.72537656303778963 0.51724704080845141 -0.66314670257716057 3.3150374316227009 -0.663836168103625
decision_type=2 2 2 2 2 2 2 2 2 2 2 2 2 2 2 2 2 2 2 2 2 2 2 2 2 2 2 2 2 2
left_child=1 2 3 -1 -3 10 18 -8 9 -7 -4 22 -13 14 16 29 -5 -15 19 -2 -9 27 23 24 25 -6 -21 28 -18 -16
right_child=6 4 5 13 11 8 7 20 -10 -11 -12 12 -14 17 15 -17 21 -19 -20 26 -22 -23 -24 -25 -26 -27 -28 -29 -30 -31
leaf_value=-0.02324689995809032 -0.06917548713348963 0.28742777339873776 -0.028388643021197313 0.078571823335053748 0.045190846374012779 0.046472145919058773 -0.1476571018889285 0.15965383707783942 -0.0094884896896144481 -0.03233601506126018 -0.083052685028530415 0.13748290158179871 -0.092192576643155555 -0.0086943508174262395 0.12890927532868546 0.016244559665338994 -0.0017429026339803298 0.13116017310392289 0.063930039228555766 0.0085869041269047187 -0.04088371809240772 0.057115901946301832 0.065667246888185121 -0.0072148997344341353 0.018976267835294644 0.18922778835277196 -0.11232740124580505 -0.021060387013990906 0.053532413723699462 0.05264346541965275
leaf_weight=4480 237 31 4636 323 273 296 171 43 24126 5995 649 83 343 4306 237 3444 2129 84 472 46393 142 352 514 2716 6316 92 87 2680 520 1552
leaf_count=4480 237 31 4636 323 273 296 171 43 24126 5995 649 83 343 4306 237 3444 2129 84 472 46393 142 352 514 2716 6316 92 87 2680 520 1552
internal_value=-0.000115017 -0.00591248 -0.00974264 0.00252657 0.0147045 -0.0166525 0.00795437 -0.0679487 -0.013447 -0.028628 -0.0351014 0.0138867 -0.0474436 0.00991539 0.0161403 0.0321423 0.00219318 -0.00601832 0.00852699 0.00796723 0.00572771 -0.00214941 0.0165228 0.0138347 0.0223919 0.081496 0.00836058 -0.00606411 0.00910767 0.0627469
internal_weight=113722 66177 55809 20107 10368 35702 47545 356 30417 6291 5285 10337 426 15627 11237 5233 6004 4390 47189 46717 185 5681 9911 9397 6681 365 46480 5329 2649 1789
internal_count=113722 66177 55809 20107 10368 35702 47545 356 30417 6291 5285 10337 426 15627 11237 5233 6004 4390 47189 46717 185 5681 9911 9397 6681 365 46480 5329 2649 1789
is_linear=0
shrinkage=0.05


Tree=73
num_leaves=31
num_cat=0
split_feature=0 1 1 1 0 0 1 1 0 1 1 0 0 0 0 1 0 1 1 0 1 1 1 0 0 1 0 0 0 1
split_gain=1931.66 1818.28 1776.89 1382.3 810.791 721.82 1003.29 690.573 861.668 1187.64 982.51 567.502 559.54 905.347 919.134 718.902 581.767 475.806 468.36 453.306 447.951 446.369 437.696 460.964 434.381 431.714 386.475 343.042 325.491 1406.27
threshold=4.2085508141781736 0.80403983572463045 -0.0011725711818398666 -0.66476311403078769 3.7276973426772373 4.2043531102966334 0.026335236696960137 0.88866561193202009 4.0511569599221975 0.9942354902712599 0.99518812659106171 4.2143146377585605 3.5981631387971817 3.3829345773626645 3.4521320138615228 -0.66425039543226838 4.0016850225900411 -0.6616821142420839 0.023304082315542939 4.2077310619281354 -0.6616821142420839 -0.66346757874425399 -0.66314670257716057 3.3150374316227009 4.2048702447762709 -0.663836168103625 4.1763048044315134 2.6743727390994265 4.2100283525022411 0.15518290890557315
decision_type=2 2 2 2 2 2 2 2 2 2 2 2 2 2 2 2 2 2 2 2 2 2 2 2 2 2 2 2 2 2
left_child=1 2 3 -1 -3 -4 24 19 9 -9 -10 18 13 15 25 -5 20 22 -2 26 21 -14 23 27 -7 -15 -6 -17 29 -20
right_child=11 4 5 12 7 6 -8 8 10 -11 -12 -13 16 14 -16 17 -18 -19 28 -21 -22 -23 -24 -25 -26 -27 -28 -29 -30 -31
leaf_value=-0.022084555941858396 -0.06533481335916401 0.27305638770903312 -0.032970617964409636 0.074643238202810019 0.18396644503981979 -0.009830078191873504 -0.012190721005596598 0.0046657076229228685 0.0051906291848653509 0.11638320527598263 -0.08331797536137539 -0.049526704533333611 -0.020637377732022316 0.12246380262234041 0.015432331593732624 0.094433787825067395 0.1246021683017413 0.054260107509881805 -0.020307655029131094 -0.045373789945733739 -0.051258720121637562 0.013831652160094752 -0.020007368164004953 0.050855795032559686 -0.14638074511912333 0.050011291340612767 0.047762874110587869 -0.0058478989875784112 0.010007899507739578 0.012616949142371129
leaf_weight=4480 221 31 5498 323 54 82 27634 587 3895 400 341 443 1757 237 3444 89 84 352 4972 128 531 2018 2680 520 201 1552 1466 2040 38335 9327
leaf_count=4480 221 31 5498 323 54 82 27634 587 3895 400 341 443 1757 237 3444 89 84 352 4972 128 531 2018 2680 520 201 1552 1466 2040 38335 9327
internal_value=-0.000109267 -0.00622945 -0.00934415 0.00240024 0.0179237 -0.0164112 -0.0131499 0.0167726 0.00786868 0.0499413 -0.00193436 0.00682919 0.00941963 0.0153333 0.0305351 0.00208352 -0.0057174 -0.00204194 0.00730153 0.0449919 -0.00825963 -0.00221128 -0.0057609 0.00865229 -0.106815 0.0596095 0.0526017 -0.00165576 0.00760652 0.00116852
internal_weight=113722 60424 53522 20107 6902 33415 27917 6871 5223 987 4236 53298 15627 11237 5233 6004 4390 5681 52855 1648 4306 3775 5329 2649 283 1789 1520 2129 52634 14299
internal_count=113722 60424 53522 20107 6902 33415 27917 6871 5223 987 4236 53298 15627 11237 5233 6004 4390 5681 52855 1648 4306 3775 5329 2649 283 1789 1520 2129 52634 14299
is_linear=0
shrinkage=0.05


Tree=74
num_leaves=31
num_cat=0
split_feature=0 1 1 1 1 1 0 1 1 0 0 1 1 1 1 0 1 1 1 1 1 1 1 1 1 1 1 1 1 1
split_gain=1754.09 1735.79 1438.72 1247.53 899.543 1344.71 829.417 1054.02 1369.18 1061.81 757.353 752.416 783.053 611.591 607.052 583.748 828.627 1008.67 2438.83 2394.44 2750.47 1625.48 7221.05 3732.14 1808.86 3470.36 1853.02 2869.5 4059.65 1837.12
threshold=4.2095747613513685 0.66046176821179381 -0.0011725711818398666 -0.66476311403078769 0.70837183041219554 0.80403983572463045 4.2069679798942632 0.21968849704797191 0.50662256577213383 4.2075194183444795 3.7107793083163441 0.22666625183359088 0.48363323162759736 0.49456154115686563 0.21308951405532847 4.2115082209862642 0.037513468545582969 0.052126693030748704 0.057174585559229642 0.069757814832467555 0.073158175466684919 0.084677851579915114 0.078315923637913148 0.080077080556547914 0.090298781256966984 0.099292957765020493 0.10448580712207102 0.11374937157749035 0.11793081682843709 0.091765911617818843
decision_type=2 2 2 2 2 2 2 2 2 2 2 2 2 2 2 2 2 2 2 2 2 2 2 2 2 2 2 2 2 2
left_child=1 2 3 -1 15 -6 -4 14 11 -10 -3 -9 -13 -14 -8 -2 -17 -18 -19 -20 -21 22 -22 -24 -23 29 -27 -28 -29 -26
right_child=4 10 6 -5 5 -7 7 8 9 -11 -12 12 13 -15 -16 16 17 18 19 20 21 24 23 -25 25 26 27 28 -30 -31
leaf_value=-0.020980331165815838 0.012692251895235294 0.2942040100693703 -0.019335541205739503 0.0089486437250212211 -0.26673330017365515 -0.020003043376066516 -0.025288228294501267 0.23263681190354482 0.035025314055145931 -0.029847670297234136 0.013003956298505979 0.01348492739432057 0.14263184222111178 0.033523800192535112 -0.15185547276038905 -0.054775013482378281 0.03210602449580021 -0.048847732462385607 0.078911760550824092 -0.089453837048707519 -0.031552704466640255 -0.062876559815052996 0.49979253861368922 0.14648294744983553 0.0014266187603959068 -0.086459725049747693 0.10133097951218839 -0.19303832672098106 0.0043855901836545516 0.20525768938779101
leaf_weight=4480 27314 24 25787 15627 72 237 2846 42 785 3210 10375 4596 215 319 98 641 2554 2329 1057 795 726 1015 98 315 167 578 719 272 6102 327
leaf_count=4480 27314 24 25787 15627 72 237 2846 42 785 3210 10375 4596 215 319 98 641 2554 2329 1057 795 726 1015 98 315 167 578 719 272 6102 327
internal_value=-0.000103803 -0.00515819 -0.00853061 0.00228023 0.0075254 -0.0774936 -0.0142664 -0.00347295 0.00488614 -0.0171004 0.0136529 0.0218692 0.0201436 0.0774531 -0.0295014 0.00810908 0.00103451 0.00313219 -0.0019712 0.00699893 0.00015964 0.00706367 0.0634017 0.230319 7.3584e-05 0.00789898 -0.000373133 0.00664196 -0.00403915 0.136351
internal_weight=113722 68404 58005 20107 45318 309 37898 12111 9167 3995 10399 5172 5130 534 2944 45009 17695 17054 14500 12171 11114 10319 1139 413 9180 8165 7671 7093 6374 494
internal_count=113722 68404 58005 20107 45318 309 37898 12111 9167 3995 10399 5172 5130 534 2944 45009 17695 17054 14500 12171 11114 10319 1139 413 9180 8165 7671 7093 6374 494
is_linear=0
shrinkage=0.05


Tree=75
num_leaves=31
num_cat=0
split_feature=0 0 1 1 1 0 0 1 0 1 1 0 0 1 0 0 1 0 0 1 1 0 0 1 1 0 1 0 1 0
split_gain=1910.96 1461.76 1115.82 707.988 1079.35 3835.36 798.367 677.253 648.961 1156.89 889.659 781.989 1678.78 1005.07 1003.43 866.585 603.345 574.794 692.461 559.568 543.832 927.623 723.792 531.316 846.966 1482.19 1712.72 1170.94 948.884 710.252
threshold=4.2085508141781736 4.1959841330863972 0.64469578816960282 0.037513468545582969 0.038659770375086507 4.2133169568797095 4.2121265642130519 -0.67005597180591814 4.2133169568797095 0.034309320840942674 0.035526590940496004 4.2124895846408581 4.212078499839305 0.034309320840942674 4.2122774011156929 4.2123827812707644 0.99518812659106171 4.212598639045841 4.2128584026263836 0.97366692785173814 0.94133524972883265 4.2050474292910884 4.2045965417176916 0.44135527888097464 0.23346936377827318 4.2097280195538902 0.057693428552758039 4.2106174894882651 0.24391940188125902 4.2091428143259337
decision_type=2 2 2 2 2 2 2 2 2 2 2 2 2 2 2 2 2 2 2 2 2 2 2 2 2 2 2 2 2 2
left_child=1 7 -3 8 5 6 -5 -1 11 -10 -11 12 -2 -13 -14 -16 19 -15 -19 20 21 -4 -22 24 25 26 29 28 -26 -6
right_child=3 2 16 4 23 -7 -8 -9 9 10 -12 13 14 17 15 -17 -18 18 -20 -21 22 -23 -24 -25 27 -27 -28 -29 -30 -31
leaf_value=-0.018811411255120793 -0.0038946439432812501 -0.016739850196013619 0.079751832190060948 0.1194118710816222 -0.09138493620334788 -0.4377140308248586 0.3287577870488167 0.0059664572425079639 -0.044495603097602726 -0.55246740471233025 -0.14440645610584932 -0.050790966140468498 -0.40299987389395642 0.43698333978652953 0.16622569506455745 -0.26561957525375945 -0.23784772634506224 -0.098354788260026416 0.24393002404106989 0.15419313833117487 -0.1468566126723326 0.0039931984231730252 0.018726964345327893 -0.010624191907500167 0.11801570582471287 0.0090574713685704546 -0.033241834915038314 -0.0013341624513268473 0.030537955531184536 0.11922322307333902
leaf_weight=3119 564 27689 439 189 47 29 60 23814 180 22 34 72 45 20 21 26 25 22 45 65 131 5077 133 3679 327 34759 3593 3400 5962 270
leaf_count=3119 564 27689 439 189 47 29 60 23814 180 22 34 72 45 20 21 26 25 22 45 65 131 5077 133 3679 327 34759 3593 3400 5962 270
internal_value=0.000505138 -0.00557898 -0.012542 0.00740168 0.00821796 0.106477 0.169857 0.00309703 -0.0332298 -0.106243 -0.304716 -0.0120873 -0.0361996 0.0873947 -0.234243 -0.0726674 0.00725952 0.201755 0.131538 0.00830788 0.0066673 0.0100226 -0.0634376 0.00769302 0.00908657 0.00577429 -0.0234125 0.0223059 0.0350864 0.0879974
internal_weight=113858 60492 33559 53366 52315 278 249 26933 1051 236 56 815 656 159 92 47 5870 87 67 5845 5780 5516 264 52037 48358 38669 3910 9689 6289 317
internal_count=113858 60492 33559 53366 52315 278 249 26933 1051 236 56 815 656 159 92 47 5870 87 67 5845 5780 5516 264 52037 48358 38669 3910 9689 6289 317
is_linear=0
shrinkage=0.05


Tree=76
num_leaves=31
num_cat=0
split_feature=0 0 1 1 1 0 0 1 1 0 1 0 0 0 1 1 1 0 1 0 0 1 1 1 1 1 1 0 1 1
split_gain=1724.65 1319.23 1007.03 638.959 974.117 3461.41 720.526 617.732 606.873 588.252 982.789 574.052 631.888 611.609 544.519 505.01 501.278 493.891 490.808 837.18 653.222 479.512 789.003 2118.59 1221.31 3035.95 1364.65 1284.56 2810.91 1789.91
threshold=4.2085508141781736 4.1959841330863972 0.64469578816960282 0.037513468545582969 0.038659770375086507 4.2133169568797095 4.2121265642130519 -0.66476311403078769 -0.66377067496524145 4.2113213406035168 0.033651016964345741 3.4656563857364762 3.2962372605943853 3.5079858025000532 0.99518812659106171 0.97366692785173814 -0.66391941515277819 3.5981631387971817 0.94133524972883265 4.2050474292910884 4.2045965417176916 0.44135527888097464 0.15518290890557315 0.16454200840478964 0.14591470792853242 0.14214410725072932 0.1503227300650993 4.2104702482203038 0.089503271777466475 0.052126693030748704
decision_type=2 2 2 2 2 2 2 2 2 2 2 2 2 2 2 2 2 2 2 2 2 2 2 2 2 2 2 2 2 2
left_child=1 7 -3 9 5 6 -5 -1 11 10 -2 12 -9 16 15 18 -13 -15 19 -4 -20 22 24 -24 25 27 -26 28 29 -6
right_child=3 2 14 4 21 -7 -8 8 -10 -11 -12 13 -14 17 -16 -17 -18 -19 20 -21 -22 -23 23 -25 26 -27 -28 -29 -30 -31
leaf_value=-0.014000933887277188 -0.041950267579938687 -0.015902856558453922 0.075764245075090941 0.11344127648721927 -0.042487631853644847 -0.41582827896907415 0.31231989959875744 0.02086002060966443 0.0029812483123022732 -0.055818437456052653 0.14217071232588394 -0.027604104773751623 0.087137177449060549 0.063559678070387746 -0.22595534700155262 0.14648347726808145 -0.20729250694220924 5.7437603519097002e-05 -0.13951378651247678 0.0037935384951804478 0.017790616303682328 -0.010092982405625268 0.097682738953917547 0.013398140078342969 -0.12249380319036152 0.17749183608102614 -0.011804687579595012 0.011311256252974869 -0.052331787217959405 0.023357702048556219
leaf_weight=4484 196 27689 439 189 1339 29 60 831 19260 740 115 145 634 424 25 65 53 1102 131 5077 133 3679 781 16437 380 256 1042 20774 2846 4503
leaf_count=4484 196 27689 439 189 1339 29 60 831 19260 740 115 145 634 424 25 65 53 1102 131 5077 133 3679 781 16437 380 256 1042 20774 2846 4503
internal_value=0.000479881 -0.00530003 -0.0119149 0.00703159 0.00780706 0.101153 0.161364 0.00294218 0.00632643 -0.0315683 0.0261331 0.0265297 0.0495424 0.00697419 0.00689654 0.00789248 -0.0757025 0.0177016 0.00633394 0.00952145 -0.0602657 0.00730837 0.00863224 0.0172212 0.00388318 0.00604921 -0.0413841 0.00455952 -0.0115847 0.0082658
internal_weight=113858 60492 33559 53366 52315 278 249 26933 22449 1051 311 3189 1465 1724 5870 5845 198 1526 5780 5516 264 52037 48358 17218 31140 29718 1422 29462 8688 5842
internal_count=113858 60492 33559 53366 52315 278 249 26933 22449 1051 311 3189 1465 1724 5870 5845 198 1526 5780 5516 264 52037 48358 17218 31140 29718 1422 29462 8688 5842
is_linear=0
shrinkage=0.05


Tree=77
num_leaves=31
num_cat=0
split_feature=0 0 1 0 1 1 0 0 0 1 0 1 0 1 1 0 0 1 0 1 1 1 1 1 1 1 1 1 0 1
split_gain=1558.42 1096.38 1032.71 645.618 749.578 6379.22 2099.25 1038.69 1270.37 1083.48 1440.12 1907.1 1557.34 1440.5 1322.96 1891.68 1247.82 980.219 1350.04 1196.38 721.879 1033.98 1748.19 2925.64 2539.19 7160.76 2006.23 1987.79 1305.68 1150.14
threshold=4.2089088136697255 4.1959841330863972 0.64469578816960282 4.2115082209862642 0.051099459043624305 0.056320701452772667 4.2107416079796964 4.2095747613513685 4.2098545553136661 0.05597507404019271 4.2102471159256956 0.054964433161141774 4.2099997046384123 0.052126693030748704 0.055625457294516741 4.2107734898061189 4.2106484328702471 0.041217938180536672 4.2110771142248113 0.033651016964345741 0.037513468545582969 0.052126693030748704 0.057174585559229642 0.069757814832467555 0.078315923637913148 0.08336917217557635 0.06212084033012464 0.080077080556547914 4.2127176275912257 0.091029350426950636
decision_type=2 2 2 2 2 2 2 2 2 2 2 2 2 2 2 2 2 2 2 2 2 2 2 2 2 2 2 2 2 2
left_child=1 -1 -3 4 6 7 -2 -6 -9 10 11 12 -10 -14 -12 -16 -11 18 19 -8 -5 28 -23 26 -25 27 -24 -26 -22 -27
right_child=3 2 -4 20 5 -7 17 8 9 16 14 -13 13 -15 15 -17 -18 -19 -20 -21 21 22 23 24 25 29 -28 -29 -30 -31
leaf_value=0.002795074238888372 -0.047893306673144669 -0.0144164446696962 0.0081415445012138592 -0.051392335527350563 -0.0030797633032004041 0.0095485639545497148 -0.079326305955648435 0.34252047549462183 0.13667494638689928 0.16486681024233502 0.22796986753410764 0.29505174068304213 -0.54128527139192051 -0.066067991348413332 0.27930569663643839 -0.40015048129217967 -0.2911707025766373 -0.0037830604543696461 0.014549052964179261 0.18605076287417335 0.0044482308669236683 -0.043755229293024556 0.012386783936540404 -0.0641636028219464 0.42796993742183764 -0.046714808627359446 0.15106845555109019 0.15586772407164595 0.079445817094972782 0.0045785195428076691
leaf_weight=26933 1851 29674 6120 676 108 28501 50 87 56 30 450 52 23 52 20 21 30 1102 473 282 1661 2310 507 1508 98 1259 537 213 892 8282
leaf_count=26933 1851 29674 6120 676 108 28501 50 87 56 30 450 52 23 52 20 21 30 1102 473 282 1661 2310 507 1508 98 1259 537 213 892 8282
internal_value=0.000455887 -0.00482548 -0.0105595 0.00693501 0.0110662 0.0137513 -0.00996215 0.142689 0.161865 0.140452 0.158577 0.0388601 -0.0628343 -0.211801 0.203196 -0.0687084 -0.0631519 0.0268551 0.0687971 0.146084 -0.000706138 0.00127822 -0.00381835 0.00361911 -0.0037423 0.00550611 0.0837202 0.241611 0.0306519 -0.00218998
internal_weight=113858 62727 35794 51131 33188 29430 3758 929 821 734 674 183 131 75 491 41 60 1907 805 332 17943 17267 14714 12404 11360 9852 1044 311 2553 9541
internal_count=113858 62727 35794 51131 33188 29430 3758 929 821 734 674 183 131 75 491 41 60 1907 805 332 17943 17267 14714 12404 11360 9852 1044 311 2553 9541
is_linear=0
shrinkage=0.05


Tree=78
num_leaves=31
num_cat=0
split_feature=0 0 1 1 0 1 1 1 1 1 1 1 1 1 1 1 1 1 1 1 1 1 0 0 0 1 1 0 1 1
split_gain=1417.44 1081.33 816.655 562.476 536.431 651.496 933.167 1577.74 2640.39 2291.62 6502.12 2183.93 1810.62 1547.84 3725.11 2512.05 2449.42 4423.98 1920.54 2231.16 1890.82 1687.7 1437.89 1241.69 1178.38 1078.57 2309.41 1056.81 1015.64 912.462
threshold=4.2085508141781736 4.1959841330863972 0.64469578816960282 -0.67005597180591814 4.2115082209862642 0.037513468545582969 0.052126693030748704 0.057174585559229642 0.069757814832467555 0.078315923637913148 0.084677851579915114 0.080077080556547914 0.06212084033012464 0.090298781256966984 0.099292957765020493 0.10448580712207102 0.11374937157749035 0.11793081682843709 0.1300622843575869 0.11971259412532488 0.10646245618626936 0.091765911617818843 4.2125412868472791 4.2122251150174828 4.2127176275912257 0.049987693604997809 0.048138544056856865 4.212598639045841 0.11521755792358598 0.093442828743540748
decision_type=2 2 2 2 2 2 2 2 2 2 2 2 2 2 2 2 2 2 2 2 2 2 2 2 2 2 2 2 2 2
left_child=1 3 -3 -1 -2 -6 24 -8 12 -10 11 -11 -9 -12 21 -16 20 23 19 -19 27 22 -15 28 25 26 -7 -17 -18 -23
right_child=4 2 -4 -5 5 6 7 8 9 10 13 -13 -14 14 15 16 17 18 -20 -21 -22 29 -24 -25 -26 -27 -28 -29 -30 -31
leaf_value=-0.01731054983201815 0.0099404820140953521 -0.014386891967401758 0.0061446352455081996 0.005270316566511498 -0.048822724055388622 0.005774312038644612 -0.041567467887775253 0.011767445768884529 -0.060955421696401592 0.406571439820893 -0.060619093571705709 0.13568072346518342 0.14351503228858892 -0.073265145329195411 -0.1028850640187379 -0.047383566385507586 0.15057560632357728 -0.051005869254510366 -0.0091954301059592371 0.11825223172826019 0.17445667085683447 0.35075537927496514 0.27668301118047617 -0.27722916438772871 0.075473528371021281 0.11873008090941634 -0.25835013806142587 0.12380637953335301 -0.20304743806521097 0.15541893789777533
leaf_weight=3119 35423 27689 5870 23814 676 1390 2310 507 1508 98 1044 309 537 129 599 250 37 276 5357 661 349 78 38 185 892 183 88 141 45 256
leaf_count=3119 35423 27689 5870 23814 676 1390 2310 507 1508 98 1044 309 537 129 599 250 37 276 5357 661 349 78 38 185 892 183 88 141 45 256
internal_value=0.000433092 -0.00480682 -0.0107956 0.00265532 0.00637269 -0.000670832 0.00121431 -0.00362743 0.00343815 -0.00355518 0.00523081 0.200907 0.0795342 -0.00320121 0.00393416 -0.00445038 0.00362555 -0.0061006 0.00235577 0.0683961 0.0898597 0.136146 0.00636378 -0.205443 0.0291193 0.00422582 -0.00995164 0.0143499 -0.0434858 0.201036
internal_weight=113858 60492 33559 26933 53366 17943 17267 14714 12404 11360 9852 407 1044 9445 8401 7900 7301 6561 6294 937 740 501 167 267 2553 1661 1478 391 82 334
internal_count=113858 60492 33559 26933 53366 17943 17267 14714 12404 11360 9852 407 1044 9445 8401 7900 7301 6561 6294 937 740 501 167 267 2553 1661 1478 391 82 334
is_linear=0
shrinkage=0.05


Tree=79
num_leaves=31
num_cat=0
split_feature=0 1 1 0 0 0 1 1 0 1 0 1 1 0 1 1 1 0 1 0 1 1 1 1 0 0 1 1 1 1
split_gain=1291.26 869.511 1239.96 842.512 872.556 714.68 918.365 6357.9 2000.66 1013.76 4533.95 2760.62 4506.15 4369.74 3770.61 1878.97 1159.02 918.834 884.648 1218.41 1079.73 863.699 911.419 860.048 946.053 835.593 754.129 1365.17 3402.86 3220.51
threshold=4.2096520377771407 0.64469578816960282 -0.0022132866865079664 3.3505180837725921 3.4656563857364762 4.2115082209862642 0.051099459043624305 0.05597507404019271 4.2107416079796964 0.058289120215410169 4.2098853606104658 0.072205154621690457 0.073903788104018348 4.2099997046384123 0.067099554831308708 0.068674339919785943 0.057174585559229642 4.2105579519131142 0.041217938180536672 4.2110771142248113 0.033651016964345741 0.72537656303778963 0.82659308966095224 0.069757814832467555 4.2109709744446677 4.2099997046384123 0.075124395759681578 0.088587236822054147 0.080077080556547914 0.093442828743540748
decision_type=2 2 2 2 2 2 2 2 2 2 2 2 2 2 2 2 2 2 2 2 2 2 2 2 2 2 2 2 2 2
left_child=1 2 3 -1 -5 6 8 -8 -2 10 16 14 13 -13 -11 17 -9 -16 19 20 -10 26 -23 -17 25 -25 -14 28 -28 -29
right_child=5 -3 -4 4 -6 -7 7 9 18 11 -12 12 21 -15 15 23 -18 -19 -20 -21 -22 22 -24 24 -26 -27 27 29 -30 -31
leaf_value=-0.0085852807807611717 -0.048333309748240308 0.0091674673204735473 -0.011348667388046454 0.034595571904354777 0.0040567397182272383 -0.00063728969589523855 0.16205305304304746 0.42912284101431192 -0.075857016608119013 0.023826361476509975 -0.094858559320216584 -0.7915438786149025 -0.055553520307483444 -0.12886458725706076 0.46773591283438859 0.0060763907432556151 0.09196796613931657 0.20875372851596163 -0.0040909331112959765 0.013324575727888192 0.17625120315462986 -0.30925965517066251 0.043152187531813983 0.046670750642226921 0.0071293350309133531 0.2608001692220569 0.0018832403183042168 -0.063567775768417586 0.15234622747616777 0.014975056529615014
leaf_weight=7776 1814 10830 39309 3265 8247 17943 722 52 50 1293 646 28 415 223 69 110 50 68 1102 473 282 43 32 59 72 200 1038 1424 589 15634
leaf_count=7776 1814 10830 39309 3265 8247 17943 722 52 50 1293 646 28 415 223 69 110 50 68 1102 473 282 43 32 59 72 200 1038 1424 589 15634
internal_value=0.000411438 -0.00384821 -0.00625379 0.00412958 0.0127181 0.00706748 0.0122867 0.0160505 -0.0107424 0.0112688 -0.0459436 0.0132782 0.00769146 -0.202789 0.0712837 0.177447 0.263851 0.33919 0.0250154 0.0648603 0.138283 0.0104466 -0.158897 0.1272 0.167453 0.212022 0.0111116 0.0125923 0.0563532 0.00841831
internal_weight=113858 69427 58597 19288 11512 44431 26488 22767 3721 22045 748 21297 19426 251 1871 578 102 137 1907 805 332 19175 75 441 331 259 19100 18685 1627 17058
internal_count=113858 69427 58597 19288 11512 44431 26488 22767 3721 22045 748 21297 19426 251 1871 578 102 137 1907 805 332 19175 75 441 331 259 19100 18685 1627 17058
is_linear=0
shrinkage=0.05


Tree=80
num_leaves=31
num_cat=0
split_feature=0 1 0 1 1 1 0 1 1 1 0 0 1 1 1 1 0 0 0 1 1 0 1 1 1 1 1 1 1 0
split_gain=1249.73 1449.35 1039.42 708.493 946.091 621.957 669.628 626.133 3658.89 3041.97 2486.64 2204.74 2174.98 1740.47 1702.64 1633.15 2383.92 2086.09 1573.87 3191.91 1335.06 1303.46 1020.09 3715.23 2774.71 3842.23 4655.62 5590.44 3776.54 3217.74
threshold=4.2096520377771407 0.66046176821179381 3.6304826699867676 -0.66476311403078769 -0.66369999296714022 0.42905479745205016 4.2103575503606576 0.058289120215410169 0.070954679831247813 0.073903788104018348 4.2099997046384123 4.2098545553136661 0.061351089184763445 0.051099459043624305 0.054190096393135871 0.049987693604997809 4.2126569965574676 4.2103868452367754 4.2105001002925544 0.072205154621690457 0.052126693030748704 4.2099435690630207 0.087252154951501473 0.077563300320049114 0.092454145968363488 0.10072043667280038 0.10646245618626936 0.11521755792358598 0.11971259412532488 4.2103868452367754
decision_type=2 2 2 2 2 2 2 2 2 2 2 2 2 2 2 2 2 2 2 2 2 2 2 2 2 2 2 2 2 2
left_child=1 2 3 -1 -5 7 -7 11 12 10 -10 13 -9 -2 15 -13 17 21 19 -12 -18 -17 23 -11 -24 29 -27 -28 -29 -26
right_child=5 -3 -4 4 -6 6 -8 8 9 22 18 14 -14 -15 -16 16 20 -19 -20 -21 -22 -23 24 -25 25 26 27 28 -30 -31
leaf_value=-0.015245581272129142 -0.036317911000873941 0.012989270554195501 -0.01134166741940246 0.036350071800688465 0.002295047186234305 0.0066009104729044688 -0.060828408839524818 0.017215210069101591 -0.44785588522042546 -0.014559232768300935 0.41506401604297116 -0.0054856324078010853 0.10869455338611599 0.25926338133554089 -0.038100167491170699 0.23778209430747665 0.064483934091615749 0.14809348251615814 -0.0750723923359157 -0.10988065197841446 -0.063326338332842499 -0.11714244576102054 -0.045423799316559772 0.097235260297567183 -0.03627986678518081 -0.07780538867268226 0.11084717157336035 -0.10149485317776558 0.011167367163556883 0.16673853173744146
leaf_weight=3905 77 10476 42468 2548 10218 778 699 1176 42 1605 51 6179 1452 141 2955 32 352 680 1109 67 487 135 2349 1384 272 1495 1378 776 17946 691
leaf_count=3905 77 10476 42468 2548 10218 778 699 1176 42 1605 51 6179 1452 141 2955 32 352 680 1109 67 487 135 2349 1384 272 1495 1378 776 17946 691
internal_value=2.5876e-05 -0.00415206 -0.00718851 0.00339133 0.00909218 0.00659008 -0.0253105 0.00769015 0.0112522 0.00616056 -0.06955 -0.00256978 0.0677586 0.154861 -0.00574168 0.0064159 0.0500337 0.109207 -0.0566007 0.117002 -0.00970391 -0.049133 0.00960466 0.0372051 0.00629243 0.0116777 0.00732012 0.0136516 0.00649768 0.109396
internal_weight=113923 69615 59139 16671 12766 44308 1477 42831 31793 29165 1269 11038 2628 218 10820 7865 1686 847 1227 118 839 167 27896 2989 24907 22558 21595 20100 18722 963
internal_count=113923 69615 59139 16671 12766 44308 1477 42831 31793 29165 1269 11038 2628 218 10820 7865 1686 847 1227 118 839 167 27896 2989 24907 22558 21595 20100 18722 963
is_linear=0
shrinkage=0.05


Tree=81
num_leaves=31
num_cat=0
split_feature=0 1 1 0 0 1 1 0 0 0 1 1 1 1 0 1 0 1 0 1 1 0 0 1 1 0 1 1 1 1
split_gain=1133.41 1287.52 932.746 714.709 707.35 713.52 868.688 572.458 994.071 878.569 778.687 558.246 3749.58 2619.28 2473.71 1827.06 1420.42 2880.69 1218.81 1536.63 1473.91 2151.49 1882.69 1383.55 1204.89 1176.38 1064.92 3252.76 2320.16 3803.34
threshold=4.2097280195538902 0.64469578816960282 -0.662047967150724 3.3505180837725921 3.4521320138615228 -0.66926218500895385 -0.66377067496524145 3.3505180837725921 2.955481300684514 3.017657434145895 0.038659770375086507 0.058289120215410169 0.070954679831247813 0.073903788104018348 4.2099997046384123 0.061351089184763445 4.2105001002925544 0.072205154621690457 4.2098545553136661 0.054190096393135871 0.049987693604997809 4.2126569965574676 4.2103868452367754 0.051099459043624305 0.052126693030748704 4.2099435690630207 0.087252154951501473 0.077563300320049114 0.092454145968363488 0.10072043667280038
decision_type=2 2 2 2 2 2 2 2 2 2 2 2 2 2 2 2 2 2 2 2 2 2 2 2 2 2 2 2 2 2
left_child=1 2 3 -1 5 -5 -7 8 -4 -10 -9 18 15 14 -14 -13 17 -16 23 20 -20 22 25 -2 -23 -22 27 -15 -28 -30
right_child=11 -3 7 4 -6 6 -8 10 9 -11 -12 12 13 26 16 -17 -18 -19 19 -21 21 24 -24 -25 -26 -27 28 -29 29 -31
leaf_value=-0.009531248687196351 -0.039704272513028604 0.01189746000190336 -0.083906571054500889 -0.022177352139188908 0.0033593734058376002 0.10687381696687746 0.029031126516227752 -0.027606271199403107 0.39032970197498801 0.052659992606024733 -0.0087085575946071886 0.019592666998371755 -0.4742771498238047 -0.012889473191823875 0.39431081612904872 0.10493956441569581 -0.071318772655905027 -0.10438663261150248 -0.0052113505765702412 -0.036195159800360123 0.22589298149105164 0.061259735045744251 0.14068880289573879 0.2489228172749281 -0.060160021962754787 -0.11128532148069806 -0.04324853529354708 0.092877536771662411 0.10787541619159829 0.0051653702359228063
leaf_weight=7365 71 10914 141 487 8385 448 1792 6495 20 523 33916 1109 36 1559 51 1443 1109 67 6179 2955 32 352 680 100 487 135 2309 1362 939 22462
leaf_count=7365 71 10914 141 487 8385 448 1792 6495 20 523 33916 1109 36 1559 51 1443 1109 67 6179 2955 32 352 680 100 487 135 2309 1362 939 22462
internal_value=2.45827e-05 -0.00389046 -0.00678291 0.00254769 0.0105536 0.0326743 0.0445997 -0.0109781 0.0343815 0.0650972 -0.0117459 0.00637759 0.00967665 0.0047104 -0.0657566 0.0678511 -0.0537706 0.111152 -0.00336142 -0.00545459 0.00609511 0.047532 0.103747 0.129083 -0.00921872 -0.0466763 0.00781891 0.0364274 0.0045686 0.00928676
internal_weight=113923 70486 59572 18477 11112 2727 2240 41095 684 543 40411 43437 32446 29894 1263 2552 1227 118 10991 10820 7865 1686 847 171 839 167 28631 2921 25710 23401
internal_count=113923 70486 59572 18477 11112 2727 2240 41095 684 543 40411 43437 32446 29894 1263 2552 1227 118 10991 10820 7865 1686 847 171 839 167 28631 2921 25710 23401
is_linear=0
shrinkage=0.05


Tree=82
num_leaves=31
num_cat=0
split_feature=0 1 0 1 1 0 1 1 1 1 1 0 1 0 1 0 1 1 0 0 1 1 0 0 1 1 1 1 1 1
split_gain=1022.9 1161.99 852.482 610.413 818.794 537.737 519.407 677.795 554.519 3310.65 2409.71 2232.53 1648.92 1281.93 2599.83 1099.98 1386.81 1330.21 1941.72 1699.13 1248.66 1087.42 1061.68 953.727 914.022 2935.62 2164.51 3371.36 4044.24 5412.43
threshold=4.2097280195538902 0.64469578816960282 3.6304826699867676 -0.66476311403078769 -0.66369999296714022 3.7276973426772373 0.70837183041219554 0.78217850835714009 0.058289120215410169 0.070954679831247813 0.073903788104018348 4.2099997046384123 0.061351089184763445 4.2105001002925544 0.072205154621690457 4.2098545553136661 0.054190096393135871 0.049987693604997809 4.2126569965574676 4.2103868452367754 0.051099459043624305 0.052126693030748704 4.2099435690630207 4.2107416079796964 0.087252154951501473 0.077563300320049114 0.092454145968363488 0.10072043667280038 0.10646245618626936 0.11521755792358598
decision_type=2 2 2 2 2 2 2 2 2 2 2 2 2 2 2 2 2 2 2 2 2 2 2 2 2 2 2 2 2 2
left_child=1 2 3 -1 -5 -3 8 -8 15 12 11 -11 -10 14 -13 20 17 23 19 22 -2 -20 -19 -17 25 -12 -26 -28 -29 -30
right_child=6 5 -4 4 -6 -7 7 -9 9 10 24 13 -14 -15 -16 16 -18 18 21 -21 -22 -23 -24 -25 26 -27 27 28 29 -31
leaf_value=-0.014147665202310583 -0.037719058360851987 0.24292845642566682 -0.010172305525507765 0.033800682392712604 0.0021194453671552534 0.010770797661841084 -0.25787136910581276 -0.030979492665245769 0.0186130332406753 -0.45056329154305996 -0.012244998964552481 0.37459527534597065 0.099692588294736859 -0.067752833534922272 -0.099167295511978781 -0.037018080304425396 -0.034385402696380511 0.21459833672270179 0.058196749906478967 0.13365436168113615 0.23647667775303127 -0.05715202227845842 -0.10572106019214347 0.0070824824391310069 -0.041086107863836485 0.088233657696721299 0.10248165018112659 -0.073775711871113939 0.10789936596075732 0.0047032554129800026
leaf_weight=3905 71 25 42901 2548 10218 10889 38 246 1109 36 1559 51 1443 1109 67 1686 2955 32 352 680 100 487 135 4493 2309 1362 939 1491 1360 19327
leaf_count=3905 71 25 42901 2548 10218 10889 38 246 1109 36 1559 51 1443 1109 67 1686 2955 32 352 680 100 487 135 4493 2309 1362 939 1491 1360 19327
internal_value=2.33532e-05 -0.00369593 -0.00644377 0.00315122 0.00844279 0.0113026 0.00605871 -0.0613383 0.00650226 0.00981563 0.00510612 -0.0624687 0.0644586 -0.0510821 0.105594 -0.00319335 -0.00518186 0.00579035 0.0451554 0.0985594 0.122629 -0.00875778 -0.0443425 -0.00495078 0.00811691 0.0346061 0.00507378 0.00968437 0.0057554 0.0114876
internal_weight=113923 70486 59572 16671 12766 10914 43437 284 43153 32162 29610 1263 2552 1227 118 10991 10820 7865 1686 847 171 839 167 6179 28347 2921 25426 23117 22178 20687
internal_count=113923 70486 59572 16671 12766 10914 43437 284 43153 32162 29610 1263 2552 1227 118 10991 10820 7865 1686 847 171 839 167 6179 28347 2921 25426 23117 22178 20687
is_linear=0
shrinkage=0.05


Tree=83
num_leaves=31
num_cat=0
split_feature=0 1 0 1 1 0 0 0 1 0 1 1 1 1 0 0 0 0 0 0 1 0 0 1 1 1 0 1 1 0
split_gain=939.541 978.133 1372.23 1327.71 1241.22 1035.62 693.05 690.002 639.948 636.265 1094.41 997.911 837.396 637.77 801.598 622.382 599.315 841.192 533.437 1001.42 526.166 495.785 719.748 579.982 808.066 488.716 479.572 448.389 427.199 576.08
threshold=4.2080529843511281 0.54357157459813754 4.2075194183444795 0.59821005442195807 -0.0015408843540269332 4.2072102313008761 3.3829345773626645 3.017657434145895 0.52999857268208184 4.2073187007920287 0.48363323162759736 0.47337442032806615 0.47337442032806615 0.46250386419151496 4.2077310619281354 4.2073187007920287 4.2070967715774277 4.2064821181253196 3.1486491245954151 3.1798972002998278 0.9899572276429659 3.3505180837725921 3.4521320138615228 -0.66926218500895385 -0.66377067496524145 0.038659770375086507 3.7276973426772373 0.49456154115686563 0.037513468545582969 4.2113213406035168
decision_type=2 2 2 2 2 2 2 2 2 2 2 2 2 2 2 2 2 2 2 2 2 2 2 2 2 2 2 2 2 2
left_child=1 4 3 5 21 -3 7 -6 9 12 11 13 25 -11 -15 -10 17 27 -9 -20 28 -1 23 -23 -25 -8 -5 -14 29 -2
right_child=20 2 -4 26 6 -7 8 18 15 10 -12 -13 16 14 -16 -17 -18 -19 19 -21 -22 22 -24 24 -26 -27 -28 -29 -30 -31
leaf_value=-0.0079161125146201775 0.028284123532961464 0.19583729262976501 -0.034537498694285573 0.23078203284740451 -0.214900609425136 0.021951279272184227 -0.02810761761577096 0.23019274018704891 0.129880235940218 -0.034985422274283383 0.085541946580746278 -0.25327963497903616 -0.033329645128029849 0.2842303892499522 -0.095015493577176882 -0.17355443818853536 0.024511772839822504 -0.22701758488055762 -0.25563327769438426 0.085992515988251444 -0.23441756385297557 -0.020361097753851139 0.0012333603032532701 0.10011836408105279 0.025991834792456162 -0.011298342793588155 0.011505229111263567 -0.19464994162883398 0.0053821983355221191 -0.052556787983409715
leaf_weight=7804 321 178 1587 25 21 165 5530 50 20 271 413 45 230 38 22 109 107 109 24 202 23 487 9029 448 2050 19830 9581 53 54448 703
leaf_count=7804 321 178 1587 25 21 165 5530 50 20 271 413 45 230 38 22 109 107 109 24 202 23 487 9029 448 2050 19830 9581 53 54448 703
internal_value=2.21857e-05 -0.00440307 0.00864001 0.0155274 -0.00761183 0.11219 -0.0145717 0.0613873 -0.0154142 -0.0148764 0.0293544 -0.0323623 -0.0162259 -0.0023282 0.145174 -0.12651 -0.0803696 -0.108998 0.0824092 0.0497137 0.00468132 0.00189621 0.00827006 0.0295546 0.0392859 -0.0149638 0.0120759 -0.0635416 0.00478046 -0.0272151
internal_weight=113923 58428 11536 9949 46892 343 27074 297 26777 26648 789 376 25859 331 60 129 499 392 276 226 55495 19818 12014 2985 2498 25360 9606 283 55472 1024
internal_count=113923 58428 11536 9949 46892 343 27074 297 26777 26648 789 376 25859 331 60 129 499 392 276 226 55495 19818 12014 2985 2498 25360 9606 283 55472 1024
is_linear=0
shrinkage=0.05


Tree=84
num_leaves=31
num_cat=0
split_feature=0 1 1 1 1 1 1 1 0 0 0 1 0 0 1 0 1 0 0 0 0 1 1 1 1 1 1 1 0 0
split_gain=853.582 974.132 689.538 622.701 4182.95 1863.43 989.255 1292.57 1858.99 1235.51 1438.36 981.393 927.948 1156.94 2346.34 907.767 806.743 2374.83 988.243 1200.73 766.855 765.434 2535.18 1868.86 3454.91 3518.04 5323.07 3237.19 2204.34 1572.82
threshold=4.2098241418237548 0.64469578816960282 -0.662047967150724 0.059521606575995471 0.070954679831247813 0.073903788104018348 0.054190096393135871 0.049987693604997809 4.2126569965574676 4.2103868452367754 4.2099435690630207 0.052126693030748704 4.2099997046384123 4.2105001002925544 0.072205154621690457 4.2107416079796964 0.051099459043624305 4.2119832905866774 4.210939725719931 4.2112514892550612 4.2118347381042174 0.087252154951501473 0.077563300320049114 0.092454145968363488 0.10072043667280038 0.10646245618626936 0.11521755792358598 0.11971259412532488 4.2103868452367754 4.2102196418742031
decision_type=2 2 2 2 2 2 2 2 2 2 2 2 2 2 2 2 2 2 2 2 2 2 2 2 2 2 2 2 2 2
left_child=1 2 -1 6 -5 12 7 15 9 10 -9 -10 -6 14 -14 -2 17 18 -11 -20 -18 22 -7 -23 28 29 -27 -28 -25 -26
right_child=3 -3 -4 4 5 21 -8 8 11 16 -12 -13 13 -15 -16 -17 20 -19 19 -21 -22 23 -24 24 25 26 27 -29 -30 -31
leaf_value=0.0023013836081419515 -0.03589709659601184 0.010455242584059256 -0.0092720314605167636 0.082377237206554307 -0.35650711393356327 -0.012764355729269181 -0.026112293841073116 0.23743984102464577 0.055017804493598471 -0.31571812366859781 -0.10070411102639305 -0.054563528189944289 0.35559640328089398 -0.064634301499010144 -0.094478035796044482 0.006853392759212408 0.20255723995751285 0.31764402194898955 0.32364563587166018 -0.12310019450367622 0.076390294912000181 -0.038923279909553285 0.081971721283834328 -0.042742844406897441 -0.26517504931737984 0.10703679495337266 -0.09693405662843968 0.0078861070978745087 0.14761464193068424 -0.055880575258988277
leaf_weight=18477 1716 10924 42410 1845 25 1493 3569 41 352 36 135 487 51 1109 67 4493 332 49 21 53 189 2242 1340 195 96 1332 768 18003 691 1382
leaf_count=18477 1716 10924 42410 1845 25 1493 3569 41 352 36 135 487 51 1109 67 4493 332 49 21 53 189 2242 1340 195 96 1332 768 18003 691 1382
internal_value=2.10761e-05 -0.00329324 -0.00575992 0.00567278 0.00939334 0.00471683 -0.00426308 0.00560278 0.0443018 0.0961422 -0.0219319 -0.008589 -0.0549415 -0.0487971 0.100046 -0.00496169 0.126703 0.0281192 -0.100851 0.00367903 0.156788 0.00742877 0.0320455 0.00460635 0.00895021 0.00497741 0.0104512 0.00359748 0.105719 -0.0694748
internal_weight=113923 71811 60887 42112 30639 28794 11473 7904 1695 856 176 839 1252 1227 118 6209 680 159 110 74 521 27542 2833 24709 22467 21581 20103 18771 886 1478
internal_count=113923 71811 60887 42112 30639 28794 11473 7904 1695 856 176 839 1252 1227 118 6209 680 159 110 74 521 27542 2833 24709 22467 21581 20103 18771 886 1478
is_linear=0
shrinkage=0.05


Tree=85
num_leaves=31
num_cat=0
split_feature=1 0 1 0 0 0 1 1 0 0 0 1 1 0 0 1 0 0 0 1 0 1 0 1 1 1 1 0 0 1
split_gain=610.797 1000.07 811.388 695.684 770.926 524.085 519.668 685.644 698.895 636.9 553.471 504.813 589.076 502.867 463.464 765.372 912.948 449.342 439.003 769.552 533.439 815.868 420.575 639.087 428.867 923.112 415.968 1155.99 511.523 404.991
threshold=0.99518812659106171 4.2035116318896408 0.80403983572463045 4.2079410597434483 3.6723921289788319 3.7587056847616118 0.037513468545582969 0.040214803383255775 4.2104702482203038 4.2143146377585605 4.2111802113758516 -0.66476311403078769 -0.66425039543226838 4.0016850225900411 4.2128584026263836 0.038659770375086507 4.2133936808360657 4.212598639045841 4.2113213406035168 0.033651016964345741 4.2115481711037113 0.035526590940496004 3.7276973426772373 -0.66266939082252119 -0.0022132866865079664 -0.6616821142420839 0.039298419216266339 4.2121265642130519 4.2117494416134305 0.15518290890557315
decision_type=2 2 2 2 2 2 2 2 2 2 2 2 2 2 2 2 2 2 2 2 2 2 2 2 2 2 2 2 2 2
left_child=2 13 3 4 11 -4 9 8 -8 18 -10 -1 -13 -2 17 16 -16 26 19 -5 21 -20 23 -6 25 -25 27 -12 -28 -9
right_child=1 -3 5 6 22 -7 7 29 10 -11 14 12 -14 -15 15 -17 -18 -19 20 -21 -22 -23 -24 24 -26 -27 28 -29 -30 -31
leaf_value=-0.012047829414578409 0.14784192504417715 -0.35347802583818089 0.19554344808183066 -0.035300688473507764 0.0056759446910089849 0.016230618779665501 -0.1695686595780509 -0.00053577291580863174 0.13042666302688086 -0.27156495507116668 0.021219688165804437 0.053389971686469695 0.0057071112015012609 -0.05568169700326743 0.24043588963421911 0.31325089544863316 -0.20548212925593057 -0.15125695547542059 -0.013813119043003431 0.12793187272232193 -0.03116479798453315 -0.32190349698066711 -0.0078200172514115915 -0.038445854544835657 -0.040997206929292485 -0.30050082894471974 0.058981036146481841 0.28627912950515749 -0.10532669936120512 0.0082415915977930715
leaf_weight=4034 33 27 41 200 794 6662 35 30557 201 27 232 681 13254 378 22 37 24 37 44 113 603 42 30953 95 1287 52 90 50 100 23059
leaf_count=4034 33 27 41 200 794 6662 35 30557 201 27 232 681 13254 378 22 37 24 37 44 113 603 42 30953 95 1287 52 90 50 100 23059
internal_value=0.000225948 -0.058705 0.000453713 -0.000607075 -0.00481307 0.0173274 0.00327115 0.00393646 0.0490884 -0.0319302 0.0587391 0.00352828 0.00803736 -0.0393404 0.0343992 0.143955 0.00778301 0.0165345 -0.025473 0.0236299 -0.0477795 -0.164276 -0.00933028 -0.030312 -0.0502384 -0.131146 0.0296876 0.068216 -0.0274967 0.00323917
internal_weight=113764 438 113326 106623 51150 6703 55473 54444 828 1029 793 17969 13935 411 592 83 46 509 1002 313 689 86 33181 2228 1434 147 472 282 190 53616
internal_count=113764 438 113326 106623 51150 6703 55473 54444 828 1029 793 17969 13935 411 592 83 46 509 1002 313 689 86 33181 2228 1434 147 472 282 190 53616
is_linear=0
shrinkage=0.05


Tree=86
num_leaves=31
num_cat=0
split_feature=1 0 1 0 0 0 1 0 0 0 0 1 1 0 0 0 0 0 1 0 0 0 1 0 1 0 1 1 1 1
split_gain=551.244 902.565 732.278 627.855 695.761 479.226 738.239 3873.21 866.834 767.247 472.987 469 618.794 630.753 574.802 499.508 453.838 418.276 690.748 823.936 405.531 396.2 694.52 481.429 736.321 379.569 576.776 387.052 833.109 375.412
threshold=0.99518812659106171 4.2035116318896408 0.80403983572463045 4.2079410597434483 3.6723921289788319 3.2769015374171824 -0.0022132866865079664 2.955481300684514 3.1486491245954151 3.1798972002998278 3.7587056847616118 0.037513468545582969 0.040214803383255775 4.2104702482203038 4.2143146377585605 4.2111802113758516 4.0016850225900411 4.2128584026263836 0.038659770375086507 4.2133936808360657 4.212598639045841 4.2113213406035168 0.033651016964345741 4.2115481711037113 0.035526590940496004 3.7276973426772373 -0.66266939082252119 -0.0022132866865079664 -0.6616821142420839 0.039298419216266339
decision_type=2 2 2 2 2 2 2 2 2 2 2 2 2 2 2 2 2 2 2 2 2 2 2 2 2 2 2 2 2 2
left_child=2 16 3 4 5 6 -1 -8 -9 -10 -4 14 13 -13 21 -15 -2 20 19 -19 29 22 -5 24 -23 26 -6 28 -28 -17
right_child=1 -3 10 11 25 -7 7 8 9 -11 -12 12 -14 15 -16 17 -18 18 -20 -21 -22 23 -24 -25 -26 -27 27 -29 -30 -31
leaf_value=-0.010937755614554644 0.14044983015593254 -0.3358041313235407 0.18576627804375279 -0.033535655528306965 0.0053921488930386355 0.0093552619607005089 -0.57782010078430179 0.30715881712254017 -0.12831200903112239 0.15116106168328164 0.015419087701583914 -0.16109022872788567 0.003077210096778082 0.12390532781235615 -0.25798671455294997 0.064805240062534394 -0.052897606685599952 0.22841409553181041 0.29758834258930106 -0.1952080051104228 -0.14369411114099864 -0.013122464310039174 0.1215352783160927 -0.029606546661129243 -0.30580831822894872 -0.0074290160536899493 -0.036523558780747027 -0.038947345349190886 -0.2854757998998349 -0.026121888062671614
leaf_weight=6094 33 27 41 200 794 11664 20 62 33 96 6662 35 53616 201 27 282 378 22 37 24 37 44 113 603 42 30953 95 1287 52 190
leaf_count=6094 33 27 41 200 794 11664 20 62 33 96 6662 35 53616 201 27 282 378 22 37 24 37 44 113 603 42 30953 95 1287 52 190
internal_value=0.000214651 -0.0557698 0.000431028 -0.000576721 -0.00457241 0.00335187 -0.00775417 0.0841925 0.153513 0.079668 0.016461 0.00310759 0.00373963 0.046634 -0.0303337 0.0558021 -0.0373734 0.0326793 0.136758 0.00739387 0.0157077 -0.0241993 0.0224484 -0.0453905 -0.156062 -0.00886377 -0.0287964 -0.0477264 -0.124588 0.0282032
internal_weight=113764 438 113326 106623 51150 17969 6305 211 191 129 6703 55473 54444 828 1029 793 411 592 83 46 509 1002 313 689 86 33181 2228 1434 147 472
internal_count=113764 438 113326 106623 51150 17969 6305 211 191 129 6703 55473 54444 828 1029 793 411 592 83 46 509 1002 313 689 86 33181 2228 1434 147 472
is_linear=0
shrinkage=0.05


Tree=87
num_leaves=31
num_cat=0
split_feature=1 0 1 0 1 0 1 1 0 0 1 1 0 0 0 1 1 1 0 0 0 1 0 0 0 1 0 1 0 0
split_gain=497.498 814.565 660.881 573.244 1591.16 461.517 538.191 647.6 751.961 1127.71 460.671 520.69 569.255 518.759 450.806 443.809 442.103 533.755 426.871 409.589 377.494 623.4 743.602 365.992 357.57 626.805 434.489 664.529 355.594 352.133
threshold=0.99518812659106171 4.2035116318896408 0.80403983572463045 4.2096908238533937 0.70837183041219554 3.6723921289788319 0.35835823550598178 0.4013054117227623 4.2077310619281354 4.2086262929321903 0.037513468545582969 0.040214803383255775 4.2104702482203038 4.2143146377585605 4.2111802113758516 0.39186529923390212 -0.66476311403078769 -0.66425039543226838 3.7587056847616118 4.0016850225900411 4.2128584026263836 0.038659770375086507 4.2133936808360657 4.212598639045841 4.2113213406035168 0.033651016964345741 4.2115481711037113 0.035526590940496004 4.2061357214711323 4.2122251150174828
decision_type=2 2 2 2 2 2 2 2 2 2 2 2 2 2 2 2 2 2 2 2 2 2 2 2 2 2 2 2 2 2
left_child=2 19 3 5 10 16 -7 8 28 -10 13 12 -12 24 -14 -11 -1 -18 -4 -2 23 22 -22 29 25 -5 27 -26 -8 -16
right_child=1 -3 18 4 -6 6 7 -9 9 15 11 -13 14 -15 20 -17 17 -19 -20 -21 21 -23 -24 -25 26 -27 -28 -29 -30 -31
leaf_value=-0.011392293532157802 0.1334273296549465 -0.31901391700462062 0.17647796340922758 -0.031858870685100557 -0.2414488450595827 -0.0097074932055023072 0.0039025240919297838 -0.0014351693123491392 0.19051580698670526 0.018718706693015692 -0.15303571669118746 0.0042595115346004946 0.11771006387709387 -0.24508736155651234 0.0083204772538111021 0.13782152464633346 0.050574540269455806 0.0051858662542723774 0.014648133269263725 -0.050252731296199338 0.21699338717894123 0.28270892645861651 -0.18544761339823407 -0.13650940431130898 -0.012466340173374522 0.1154585132556679 -0.028126227448556952 -0.2905178947108133 -0.15225373705228171 0.12775962453794806
leaf_weight=4034 33 27 41 200 66 32432 559 11366 152 492 35 41598 201 27 399 93 681 13254 6662 378 22 37 24 37 44 113 603 42 39 73
leaf_count=4034 33 27 41 200 66 32432 559 11366 152 492 35 41598 201 27 399 93 681 13254 6662 378 22 37 24 37 44 113 603 42 39 73
internal_value=0.000203917 -0.0529813 0.000409476 -0.000547885 0.00386666 -0.00359257 -0.00629066 0.00243421 0.0353775 0.0691797 0.00423925 0.005041 0.0443023 -0.028817 0.053012 0.037653 0.00318427 0.007404 0.015638 -0.0355047 0.0310453 0.12992 0.00702417 0.0149223 -0.0229894 0.021326 -0.043121 -0.148259 -0.00628158 0.0267931
internal_weight=113764 438 113326 106623 43521 63102 45133 12701 1335 737 43455 42426 828 1029 793 585 17969 13935 6703 411 592 83 46 509 1002 313 689 86 598 472
internal_count=113764 438 113326 106623 43521 63102 45133 12701 1335 737 43455 42426 828 1029 793 585 17969 13935 6703 411 592 83 46 509 1002 313 689 86 598 472
is_linear=0
shrinkage=0.05


Tree=88
num_leaves=31
num_cat=0
split_feature=1 0 1 0 1 1 0 1 1 1 1 1 1 0 1 1 1 0 0 1 0 1 1 0 1 0 0 0 0 1
split_gain=448.992 735.145 596.445 519.03 1286.89 501.498 610.838 556.723 555.524 636.421 779.379 1777.44 1776.78 1732.06 1042.18 878.528 3410.03 2073.43 1260.6 859.786 655.012 641.989 902.609 604.409 572.593 563.672 493.764 447.711 445.079 445.056
threshold=0.99518812659106171 4.2035116318896408 0.80403983572463045 4.2094499233704212 0.72537656303778963 0.52999857268208184 4.2101662756017779 0.56918043419434328 0.42905479745205016 0.24749660249026242 0.19560049498397875 0.1867254703448655 0.20063688194608473 4.2130827047167756 0.20817236634261524 0.18180554087128556 0.17107705235235798 4.2127827764752741 4.2127827764752741 0.20351948771976511 4.2099435690630207 0.21627978934491768 0.22666625183359088 4.2098545553136661 0.18400588574646118 4.2104436574005799 4.2111802113758516 4.2109052100318509 3.6723921289788319 0.16727937712040539
decision_type=2 2 2 2 2 2 2 2 2 2 2 2 2 2 2 2 2 2 2 2 2 2 2 2 2 2 2 2 2 2
left_child=2 -2 3 28 5 8 -7 -8 9 10 11 15 -12 20 19 16 29 24 -18 26 -13 -16 -23 -21 -17 -26 -14 -10 -1 -5
right_child=1 -3 -4 4 -6 6 7 -9 27 -11 12 13 14 -15 21 17 18 -19 -20 23 -22 22 -24 -25 25 -27 -28 -29 -30 -31
leaf_value=0.0030250601989217987 -0.033729461573716937 -0.30306322221402771 0.014856092427945031 0.002410658124574474 -0.22989708079751267 0.084639404828678003 0.016365562069874544 -0.26127577030658727 -0.020221205609752553 0.019184724049475056 -0.0942183376788676 0.30932986459561757 -0.031263740219817975 -0.2177455783253763 -0.061386171984925589 -0.11100802376948216 0.094792757625049545 0.33371269071803378 0.38016950320906756 -0.051933199549848978 0.1029038642199331 0.049282636098822961 -0.02535450805083618 0.16914549288835298 -0.10627890048732221 0.016240877690405622 0.094456672576958681 -0.11882293040167456 -0.0063628699891750216 -0.038205800368383003
leaf_weight=17969 411 27 6703 31942 59 366 65 25 950 6048 661 42 248 41 636 364 689 34 41 37 452 572 1388 188 142 277 114 131 42453 689
leaf_count=17969 411 27 6703 31942 59 366 65 25 950 6048 661 42 248 41 636 364 689 34 41 37 452 572 1388 188 142 277 114 131 42453 689
internal_value=0.000193721 -0.0503322 0.000389002 -0.000520491 0.00346896 0.00376735 0.0559427 -0.060757 0.00324658 0.0041049 0.0017395 0.00410509 -0.0196227 0.0945361 -0.0041318 0.00268954 0.00394402 -0.0485356 0.110821 0.0560349 0.120454 -0.0177365 -0.00357265 0.13279 -0.0651338 -0.0252813 0.00832777 -0.0321702 -0.00357098 0.00155305
internal_weight=113764 438 113326 106623 46201 46142 456 90 45686 44605 38557 34713 3844 535 3183 34178 33361 817 730 587 494 2596 1960 225 783 419 362 1081 60422 32631
internal_count=113764 438 113326 106623 46201 46142 456 90 45686 44605 38557 34713 3844 535 3183 34178 33361 817 730 587 494 2596 1960 225 783 419 362 1081 60422 32631
is_linear=0
shrinkage=0.05


Tree=89
num_leaves=31
num_cat=0
split_feature=1 0 1 0 1 0 1 1 1 0 1 0 1 0 1 1 0 1 0 1 1 0 1 1 0 1 1 0 0 1
split_gain=405.215 663.468 538.292 479.796 555.68 549.703 422.125 753.847 665.372 657.86 1883.75 700.792 629.843 554.833 545.412 597.692 581.684 446.345 430.246 420.503 391.679 1254 714.939 495.829 385.251 381.721 507.003 547.674 468.18 380.601
threshold=0.99518812659106171 4.2035116318896408 0.80403983572463045 4.2077310619281354 -0.0011725711818398666 4.0016850225900411 0.54357157459813754 0.67611158993753573 0.23346936377827318 4.2064204226126582 0.70837183041219554 4.2064821181253196 0.23007167454345726 4.2076228545418601 0.72537656303778963 0.74424765479753441 4.205281599958071 0.039778206153560709 4.2061910970066689 -0.66476311403078769 0.59821005442195807 4.2072102313008761 0.64469578816960282 0.63060179185295528 3.7587056847616118 0.037513468545582969 0.039778206153560709 4.210527635781995 4.2143146377585605 -0.66401739011758709
decision_type=2 2 2 2 2 2 2 2 2 2 2 2 2 2 2 2 2 2 2 2 2 2 2 2 2 2 2 2 2 2
left_child=2 -2 3 4 5 19 8 13 12 10 -9 -11 17 20 -12 -16 -17 18 -6 -1 21 -8 23 -22 -4 28 27 -27 -5 -21
right_child=1 -3 24 25 6 -7 7 9 -10 11 14 -13 -14 -15 15 16 -18 -19 -20 29 22 -23 -24 -25 -26 26 -28 -29 -30 -31
leaf_value=-0.011570773034799153 -0.032042985396808658 -0.28791006075011361 0.16691125888468289 -0.021960436589941533 -0.015306944199346884 0.13571399705750603 0.1814523589702183 0.26852186894784236 -0.027247859816731279 -0.20578374484723266 -0.12542256659730094 -0.023920503355534153 0.18663635324864161 -0.04777807053452468 0.16111057350644842 0.15168968573212627 -0.020978185541513473 -0.0027353897759434358 -0.069657492383789182 0.027269534826856148 0.024792731754080265 0.0087984831110874493 0.072365462097906216 -0.074443359864820355 0.0131729232282519 -0.20350896717004835 0.0027217259914342671 0.056148431482785324 -0.2329535378902047 0.002919072176950924
leaf_weight=4517 411 27 41 1002 5488 77 186 73 4884 55 76 1436 42 187 64 55 431 15524 390 1816 334 242 460 202 6662 21 54626 616 27 13792
leaf_count=4517 411 27 41 1002 5488 77 186 73 4884 55 76 1436 42 187 64 55 431 15524 390 1816 334 242 460 202 6662 21 54626 616 27 13792
internal_value=0.000184035 -0.0478156 0.000369552 -0.000494467 -0.00404161 0.00237433 -0.0083436 0.00723248 -0.0105923 -0.0118656 0.0281579 -0.0306291 -0.00679894 0.0331944 0.000128269 0.0174771 -0.00143758 -0.00717854 -0.0189131 0.00186416 0.0438277 0.0838303 0.0266379 -0.0126059 0.0141133 0.00267705 0.00323889 0.0475883 -0.0274967 0.00575226
internal_weight=113764 438 113326 106623 50331 20202 30129 3801 26328 2190 699 1491 21444 1611 626 550 486 21402 5878 20125 1424 428 996 536 6703 56292 55263 637 1029 15608
internal_count=113764 438 113326 106623 50331 20202 30129 3801 26328 2190 699 1491 21444 1611 626 550 486 21402 5878 20125 1424 428 996 536 6703 56292 55263 637 1029 15608
is_linear=0
shrinkage=0.05


Tree=90
num_leaves=31
num_cat=0
split_feature=0 0 1 1 1 1 1 1 0 1 0 1 0 1 0 0 0 0 1 0 0 1 0 1 1 1 0 0 1 0
split_gain=502.363 376.233 344.889 575.632 1268.12 756.208 549.351 751.314 582.559 525.855 504.389 463.732 465.876 700.348 619.635 628.932 424.956 438.378 419.852 603.799 557.48 428.483 1056.7 377.153 371.222 356.559 338.746 293.045 285.414 1578.26
threshold=4.2074246467047258 4.2143146377585605 -0.6629857436130554 0.51724704080845141 0.59821005442195807 0.48363323162759736 0.64469578816960282 0.67611158993753573 4.2069679798942632 0.54357157459813754 4.2072102313008761 -0.66476311403078769 3.4521320138615228 -0.66352079279499898 3.3150374316227009 2.6743727390994265 4.2070967715774277 4.2072102313008761 0.88866561193202009 4.0844980415780485 4.2053661078374942 0.99458090913164654 4.0016850225900411 0.80403983572463045 0.23346936377827318 0.99518812659106171 3.1486491245954151 4.2065496251831069 0.70837183041219554 4.206360742460606
decision_type=2 2 2 2 2 2 2 2 2 2 2 2 2 2 2 2 2 2 2 2 2 2 2 2 2 2 2 2 2 2
left_child=2 -2 11 5 9 24 -6 -8 18 -5 -11 -1 13 14 15 -13 -7 -18 20 21 -9 -20 -23 -10 -4 27 -15 -21 29 -22
right_child=1 -3 3 4 6 16 7 8 23 10 -12 12 -14 26 -16 -17 17 -19 19 25 28 22 -24 -25 -26 -27 -28 -29 -30 -31
leaf_value=-0.010035913814491365 0.0034308496530468108 -0.04282377243597002 -0.0061978297436217807 -0.00081495350157773062 -0.052574882779689816 -0.12106804671845212 0.074319764431155497 0.062686276305738586 -0.063845861190930012 0.17707363115748773 0.036435258398120556 0.19424851131351556 -0.00097454793023125865 -0.025668528077213062 0.077200040627347755 0.015476211718412054 0.15461432966403665 -0.068779001874583121 0.0071124607165195712 -0.01245593966126851 0.28218045487999915 0.20764911337064046 0.020269455465219788 0.01542412747036327 -0.02232301020897131 -0.07144735581990258 0.01541018460037861 0.083239696108985961 0.0012838495228404921 -0.01071785840059295
leaf_weight=4467 57785 443 27521 108 453 233 363 617 532 186 97 51 4999 757 776 1392 32 70 1061 3280 60 101 295 209 4101 255 1489 82 1774 197
leaf_count=4467 57785 443 27521 108 453 233 363 617 532 186 97 51 4999 757 776 1392 32 70 1061 3280 60 101 295 209 4101 255 1489 82 1774 197
internal_value=-0.000166258 0.00307894 -0.00356742 -0.00584639 0.0048423 -0.00908073 0.00112546 0.00388167 0.000860393 0.0930483 0.128869 0.00324236 0.00950969 0.0212478 0.0411703 0.0217946 -0.0838081 0.00130518 0.00492409 -0.00349833 0.0210628 0.0236777 0.0680607 -0.0414877 -0.00828908 -0.0144454 0.00156487 -0.0101219 0.008418 0.0576631
internal_weight=113786 58228 55558 41627 9670 31957 9279 8826 8463 391 283 13931 9464 4465 2219 1443 335 102 7722 5074 2648 1457 396 741 31622 3617 2246 3362 2031 257
internal_count=113786 58228 55558 41627 9670 31957 9279 8826 8463 391 283 13931 9464 4465 2219 1443 335 102 7722 5074 2648 1457 396 741 31622 3617 2246 3362 2031 257
is_linear=0
shrinkage=0.05


Tree=91
num_leaves=31
num_cat=0
split_feature=0 0 0 0 1 1 1 1 1 0 1 1 0 1 0 1 1 1 1 0 1 1 1 0 1 0 0 0 0 0
split_gain=453.382 339.551 313.3 713.711 775.422 554.067 482.724 1144.47 721.898 611.585 495.789 678.061 525.759 474.584 455.211 449.946 421.256 542.88 599.059 597.671 550.423 487.767 456.672 755.91 413.204 880.269 1007.41 682.604 805.933 629.018
threshold=4.2074246467047258 4.2143146377585605 3.4521320138615228 3.3976557356948374 -0.00035974781911036661 -0.67005597180591814 0.51724704080845141 0.59821005442195807 0.49456154115686563 4.2068496107325712 0.64469578816960282 0.67611158993753573 4.2069679798942632 0.54357157459813754 4.2072102313008761 -0.66377067496524145 0.16035449363368157 0.13382900492990504 0.13819718639271167 4.2056270700419569 0.12274998313435825 0.13705372802052079 0.14214410725072932 4.2045550661939233 -0.6616821142420839 2.955481300684514 3.1486491245954151 3.1798972002998278 3.2562269708225906 2.7880469424112762
decision_type=2 2 2 2 2 2 2 2 2 2 2 2 2 2 2 2 2 2 2 2 2 2 2 2 2 2 2 2 2 2
left_child=2 -2 3 24 5 -5 8 13 16 -10 -9 -12 -13 -8 -15 -7 17 20 19 21 -4 -19 -20 -24 -1 29 -27 -28 -29 -26
right_child=1 -3 6 4 -6 15 7 10 9 -11 11 12 -14 14 -16 -17 -18 18 22 -21 -22 -23 23 -25 25 26 27 28 -30 -31
leaf_value=-0.0042812988572200434 0.0032593075392271993 -0.040682583208496499 -0.0053871907105626504 -0.037785767551955833 -0.25537527540455696 0.10599899835746598 -0.00077420108848147927 -0.049946134435485796 -0.22665797375580846 -0.034540966188289085 0.070603774491051013 0.0046778898487411244 -0.039413272675287672 0.16821994869419005 0.034613494686398315 0.034941921052647228 -0.018760500662588844 0.23574073268690066 -0.065899250804554693 0.010144497202766454 -0.057343614442059057 0.075481919607758019 0.24258751448344543 0.011516651711398108 0.014547415459767366 0.20275731846088113 -0.17283348634074897 0.16877705587037639 0.0088506262692908174 -0.27528622224926952
leaf_weight=8776 57785 443 25864 218 23 270 108 453 68 106 363 7722 741 186 97 1274 6714 79 181 163 520 119 37 815 39 99 39 102 346 36
leaf_count=8776 57785 443 25864 218 23 270 108 453 68 106 363 7722 741 186 97 1274 6714 79 181 163 520 119 37 815 39 99 39 102 346 36
internal_value=-0.000157945 0.002925 -0.00338905 0.00407407 0.0330671 0.0368323 -0.00527805 0.00460019 -0.00803357 -0.109621 0.00106919 0.00368758 0.000817373 0.0883959 0.122426 0.0473677 -0.00752109 -0.0048045 0.0256051 0.081051 -0.0064112 0.139424 0.0062285 0.0215514 -0.00140994 0.0367127 0.057355 0.0277969 0.0452624 -0.124573
internal_weight=113786 58228 55558 11222 1785 1762 44336 9670 34666 174 9279 8826 8463 391 283 1544 34492 27778 1394 361 26384 198 1033 852 9437 661 586 487 448 75
internal_count=113786 58228 55558 11222 1785 1762 44336 9670 34666 174 9279 8826 8463 391 283 1544 34492 27778 1394 361 26384 198 1033 852 9437 661 586 487 448 75
is_linear=0
shrinkage=0.05


Tree=92
num_leaves=31
num_cat=0
split_feature=0 1 1 1 0 1 1 1 1 1 0 1 1 1 0 1 0 1 1 0 1 0 0 1 1 0 0 1 0 0
split_gain=421.487 703.235 1043.53 744.5 724.878 751.317 449.888 2712.58 1356.8 3851.97 2485.53 1926.72 1264.87 1264.38 1238.2 1056.9 1055.25 3229.54 2711.28 1003.89 892.116 2178.14 1130.52 868.018 1964.77 1426.55 857.663 1101.78 1811.81 3972.25
threshold=4.2100283525022411 0.28594241921769475 0.24749660249026242 0.24391940188125902 4.2107416079796964 0.70837183041219554 0.058931017801526341 0.069757814832467555 0.077563300320049114 0.08336917217557635 4.210527635781995 0.080077080556547914 0.054190096393135871 0.067099554831308708 4.2107416079796964 0.052126693030748704 4.2111121912057401 0.072205154621690457 0.076253456689842306 4.2118347381042174 0.068674339919785943 4.2105001002925544 4.2130827047167756 0.049987693604997809 0.051099459043624305 4.2102196418742031 4.2112150699723587 0.064067982905915782 4.2106484328702471 4.2103575503606576
decision_type=2 2 2 2 2 2 2 2 2 2 2 2 2 2 2 2 2 2 2 2 2 2 2 2 2 2 2 2 2 2
left_child=-1 2 3 6 5 -3 12 13 16 10 11 -10 14 26 15 23 17 -9 -18 -20 21 -15 -22 -2 -25 -26 27 -8 29 -29
right_child=1 4 -4 -5 -6 -7 7 8 9 -11 -12 -13 -14 20 -16 -17 18 -19 19 -21 22 -23 -24 24 25 -27 -28 28 -30 -31
leaf_value=-0.0023477755955464384 -0.03024535840486552 0.012321611272144033 0.048228676022564081 -0.083748601018627994 -0.034906906761884959 -0.22497412614962636 0.033792862848050019 0.18917076514250991 -0.2460026966812818 0.005113320926199429 0.17418390670107248 0.21386603851090458 -0.030134660268090321 0.47265553056148057 0.0183763309553692 0.1216868690241163 -0.038726437973862098 -0.029050993580736914 -0.14719235238529021 -0.53060457667237837 0.099146396006740967 0.12678436621759845 -0.28808280296091521 -0.43072645455598835 -0.35204756472791948 0.14050674398942872 0.093643593059593369 0.16023911535739899 0.043852839991450315 -0.76945563731370159
leaf_weight=74782 1448 1763 1426 237 2215 34 544 207 69 17408 531 34 3107 57 5958 107 1728 937 31 38 184 226 21 45 21 49 474 20 58 27
leaf_count=74782 1448 1763 1426 237 2215 34 544 207 69 17408 531 34 3107 57 5958 107 1728 937 31 38 184 226 21 45 21 49 474 20 58 27
internal_value=-0.000150048 0.00406363 0.00633696 0.00455726 -0.0157639 0.00783188 0.00518519 0.00918939 0.00438898 0.00952231 0.130582 -0.0942014 -0.00324246 0.0717139 0.00771113 -0.0303387 -0.0271022 0.0104349 -0.050999 -0.358347 0.138909 0.196447 0.059479 -0.0407461 -0.172964 -0.00725955 0.0425141 0.00517144 -0.143115 -0.373841
internal_weight=113786 39004 34992 33566 4012 1797 33329 22594 20983 18042 634 103 10735 1611 7628 1670 2941 1144 1797 69 488 283 205 1563 115 70 1123 649 105 47
internal_count=113786 39004 34992 33566 4012 1797 33329 22594 20983 18042 634 103 10735 1611 7628 1670 2941 1144 1797 69 488 283 205 1563 115 70 1123 649 105 47
is_linear=0
shrinkage=0.05


Tree=93
num_leaves=31
num_cat=0
split_feature=0 1 1 1 1 0 1 1 0 1 0 1 0 1 0 0 1 0 0 1 0 1 1 1 1 0 0 1 0 0
split_gain=380.406 302.7 476.495 1032.89 642.835 551.956 447.449 611.95 474.498 428.312 410.828 407.985 398.385 621.676 519.699 567.611 378.917 544.929 503.125 390.267 505.674 514.732 357.638 340.38 321.794 315.016 299.035 298.684 297.459 285.345
threshold=4.2074246467047258 -0.6629857436130554 0.51724704080845141 0.59821005442195807 0.49456154115686563 4.2068496107325712 0.64469578816960282 0.67611158993753573 4.2069679798942632 0.54357157459813754 4.2072102313008761 -0.66476311403078769 3.4521320138615228 -0.66352079279499898 3.3150374316227009 2.6743727390994265 0.88866561193202009 4.0844980415780485 4.2053661078374942 0.9942354902712599 4.0016850225900411 0.99458090913164654 0.23346936377827318 0.80403983572463045 0.99518812659106171 4.2072102313008761 4.2143146377585605 0.9899572276429659 3.1486491245954151 3.7899177110824094
decision_type=2 2 2 2 2 2 2 2 2 2 2 2 2 2 2 2 2 2 2 2 2 2 2 2 2 2 2 2 2 2
left_child=1 11 4 9 22 -6 -5 -8 16 -4 -11 -1 13 14 15 -13 18 19 -9 27 21 -21 -3 -10 -19 -7 -2 -18 -15 -14
right_child=26 2 3 6 5 25 7 8 23 10 -12 12 29 28 -16 -17 17 24 -20 20 -22 -23 -24 -25 -26 -27 -28 -29 -30 -31
leaf_value=-0.0091771359393531173 0.0029951336482097607 -0.0055679926793186013 -0.00061810011113131499 -0.047331441692169143 -0.21520768425920431 0.063877518696987878 0.067190966295391411 0.059435454604964605 -0.058565512278005209 0.15992634114258553 0.033000209841147529 0.18486754408873179 -0.0059536728404491757 -0.024053646865223328 0.071777461465812986 0.015033855696540628 0.13253609865903856 -0.0097323101435376341 0.0078805952720162487 0.032714743233389326 0.022696755166752222 0.19715014226955943 -0.021133039872151555 0.016740975739282855 -0.067991493239122278 -0.10962839540788683 -0.038241883987007966 -0.0075888124309055546 0.014440340020920884 0.025815795985227583
leaf_weight=4467 57785 27521 108 453 68 47 363 617 532 186 97 51 4147 757 776 1392 40 3362 2031 90 454 101 4262 209 255 59 443 772 1489 852
leaf_count=4467 57785 27521 108 453 68 47 363 617 532 186 97 51 4147 757 776 1392 40 3362 2031 90 454 101 4262 209 255 59 443 772 1489 852
internal_value=-0.000142545 -0.0031022 -0.00523725 0.00448757 -0.00817992 -0.104023 0.00113312 0.00362059 0.000893893 0.0840935 0.116422 0.00327749 0.00915606 0.0200107 0.0387808 0.0210363 0.00456138 -0.00343992 0.0198932 0.0223773 0.0514121 0.119667 -0.00765522 -0.0373252 -0.0138396 -0.0326965 0.0026814 -0.000686107 0.00146619 -0.000539072
internal_weight=113786 55558 41627 9670 31957 174 9279 8826 8463 391 283 13931 9464 4465 2219 1443 7722 5074 2648 1457 645 191 31783 741 3617 106 58228 812 2246 4999
internal_count=113786 55558 41627 9670 31957 174 9279 8826 8463 391 283 13931 9464 4465 2219 1443 7722 5074 2648 1457 645 191 31783 741 3617 106 58228 812 2246 4999
is_linear=0
shrinkage=0.05


Tree=94
num_leaves=31
num_cat=0
split_feature=0 1 1 1 0 1 1 1 1 1 0 1 1 0 1 0 1 1 0 1 1 0 0 0 1 1 0 1 1 1
split_gain=355.45 631.3 940.949 672.206 649.92 678.063 405.107 2926.76 1224.51 3476.41 2243.2 1738.86 1065.07 1121.08 953.854 952.364 2914.66 2446.93 906.015 835.296 805.135 1979.96 1047.86 1056.53 783.386 1773.2 1287.46 754.082 721.877 660.328
threshold=4.2100283525022411 0.28594241921769475 0.24749660249026242 0.24391940188125902 4.2107416079796964 0.70837183041219554 0.059521606575995471 0.069757814832467555 0.077563300320049114 0.08336917217557635 4.210527635781995 0.080077080556547914 0.054190096393135871 4.2107416079796964 0.052126693030748704 4.2111121912057401 0.072205154621690457 0.076253456689842306 4.2118347381042174 0.067099554831308708 0.068674339919785943 4.2106484328702471 4.2129296307821322 4.2111121912057401 0.049987693604997809 0.051099459043624305 4.2102196418742031 0.073158175466684919 0.078315923637913148 0.075689531124609646
decision_type=2 2 2 2 2 2 2 2 2 2 2 2 2 2 2 2 2 2 2 2 2 2 2 2 2 2 2 2 2 2
left_child=-1 2 3 6 5 -3 12 19 15 10 11 28 13 14 24 16 -9 27 -19 -8 21 -21 23 -22 -2 -26 -27 -17 -10 -18
right_child=1 4 -4 -5 -6 -7 7 8 9 -11 -12 -13 -14 -15 -16 17 29 18 -20 20 22 -23 -24 -25 25 26 -28 -29 -30 -31
leaf_value=-0.0021536475017886031 -0.028882846411004682 0.011555775258861574 0.045667486545612819 -0.07971092616816991 -0.033178204298439873 -0.21387517631930464 0.050416995305424095 0.1795624702923666 -0.025870899254312886 0.0047078981777477734 0.165324952592284 0.20302298857885251 -0.026622798726639519 0.017382162615049417 0.11545277377155339 -0.068990345114130477 -0.063034802710871557 -0.13998248082014822 -0.50422410337548518 0.41938496603482012 -0.04133528062275478 0.11137829929955792 -0.19277956864663534 0.21193592809885742 -0.40933987776438396 -0.33459494312604271 0.13333165022183438 -0.0029005866629590541 -0.35960852252698483 0.02218052279300143
leaf_weight=74782 1448 1763 1426 237 2215 34 890 207 26 17408 531 34 3340 5958 107 890 549 31 38 69 70 214 35 100 45 21 49 838 43 388
leaf_count=74782 1448 1763 1426 237 2215 34 890 207 26 17408 531 34 3340 5958 107 890 549 31 38 69 70 214 35 100 45 21 49 838 43 388
internal_value=-0.000135418 0.00373411 0.00588803 0.00419806 -0.015052 0.00729053 0.00479473 0.0086554 0.00401977 0.00889644 0.123903 -0.0896411 -0.00307619 0.00723394 -0.0289715 -0.0258969 0.00976343 -0.0485988 -0.340579 0.0792427 0.131814 0.186475 0.0563553 0.107648 -0.0388585 -0.164466 -0.00704633 -0.0369399 -0.233852 -0.0277482
internal_weight=113786 39004 34992 33566 4012 1797 33329 22361 20983 18042 634 103 10968 7628 1670 2941 1144 1797 69 1378 488 283 205 170 1563 115 70 1728 69 937
internal_count=113786 39004 34992 33566 4012 1797 33329 22361 20983 18042 634 103 10968 7628 1670 2941 1144 1797 69 1378 488 283 205 170 1563 115 70 1728 69 937
is_linear=0
shrinkage=0.05


Tree=95
num_leaves=31
num_cat=0
split_feature=0 0 1 1 1 0 1 1 0 1 1 0 1 1 0 1 0 1 0 1 1 0 0 1 0 1 0 0 1 0
split_gain=351.85 739.022 697.999 550.408 555.823 590.394 575.775 1352.31 1779.67 4446.37 676.825 587.343 515.62 439.256 850.435 437.746 434.951 912.051 429.584 415.189 1361.04 638.965 389.549 379.89 827.583 722.184 1765.35 532.221 464.535 458.856
threshold=4.2100283525022411 4.2115082209862642 0.70837183041219554 0.78217850835714009 -0.0022132866865079664 3.3505180837725921 0.13568807367758204 0.11374937157749035 4.2092521302304364 0.1300622843575869 0.13382900492990504 4.2098241418237548 0.24391940188125902 0.90581773459918347 4.163209113926416 -0.67005597180591814 4.0511569599221975 0.99391701702360902 4.2109709744446677 0.27970993060822436 0.27368111193524619 4.2118347381042174 3.4656563857364762 0.14591470792853242 4.2094907304715852 0.1503227300650993 4.2095328946485546 4.2055806660131987 0.13705372802052079 4.2055806660131987
decision_type=2 2 2 2 2 2 2 2 2 2 2 2 2 2 2 2 2 2 2 2 2 2 2 2 2 2 2 2 2 2
left_child=3 2 -2 4 5 -1 7 -6 10 -10 -9 23 -13 14 -5 -7 17 -15 -4 20 -3 -22 -17 24 27 26 29 28 -8 -25
right_child=1 19 18 13 6 15 11 8 9 -11 -12 12 -14 16 -16 22 -18 -19 -20 -21 21 -23 -24 25 -26 -27 -28 -29 -30 -31
leaf_value=-0.0077176985802873445 0.0099305802649763773 -0.0032789198895009589 -0.22412386527832817 0.2529393094341929 -0.0093365430212780341 -0.01574353834502451 0.16834204167616174 -0.036331386984595752 -0.099213250750423823 -0.72216074024477317 0.11194308769957323 0.060179719542212656 0.0022044336640765902 -0.025722361236155313 0.02335056458015073 0.029439150163200402 -0.0064555511259392073 0.069101883934549871 0.04929149746894837 -0.036265294718235391 0.092520409538632345 0.48741002045571807 0.007635483207519657 -0.20248032506893981 0.20448349250687495 -0.0044182939218735734 -0.51346149180899381 -0.067486850363447481 0.021942503396613699 0.075153404474258431
leaf_weight=7758 21054 16929 51 41 21175 1434 61 1253 377 31 82 689 865 432 2486 2851 3815 614 20 967 21 20 7278 22 63 22749 24 152 485 46
leaf_count=7758 21054 16929 51 41 21175 1434 61 1253 377 31 82 689 865 432 2486 2851 3815 614 20 967 21 20 7278 22 63 22749 24 152 485 46
internal_value=-0.000780479 0.00306558 0.00940279 -0.00278942 -0.00420966 0.00295285 -0.00708828 -0.0128212 -0.0551545 -0.146545 -0.0272239 -0.00186541 0.027909 0.0101663 0.0270756 0.0101121 0.00137597 0.0299393 -0.147105 -0.00439796 -0.00258207 0.285149 0.0137725 -0.00382582 0.030927 -0.00498369 -0.144789 0.0152621 0.0382985 -0.0146693
internal_weight=113845 39062 21125 74783 67395 19321 48074 22918 1743 408 1335 25156 1554 7388 2527 11563 4861 1046 71 17937 16970 41 10129 23602 761 22841 92 698 546 68
internal_count=113845 39062 21125 74783 67395 19321 48074 22918 1743 408 1335 25156 1554 7388 2527 11563 4861 1046 71 17937 16970 41 10129 23602 761 22841 92 698 546 68
is_linear=0
shrinkage=0.05


Tree=96
num_leaves=31
num_cat=0
split_feature=0 0 1 1 1 0 1 1 0 1 1 0 1 1 0 0 1 0 0 1 1 1 1 1 1 1 1 1 1 1
split_gain=317.545 666.968 629.944 496.743 501.631 532.831 519.637 1220.46 1606.15 4012.85 610.835 530.077 465.347 406.555 624.492 498.474 395.066 387.699 387.422 823.126 376.621 1155.52 4518.29 2659.09 1053.57 4186.59 1499.24 5262.69 2102.38 3899.97
threshold=4.2100283525022411 4.2115082209862642 0.70837183041219554 0.78217850835714009 -0.0022132866865079664 3.3505180837725921 0.13568807367758204 0.11374937157749035 4.2092521302304364 0.1300622843575869 0.13382900492990504 4.2098241418237548 0.24391940188125902 0.88866561193202009 4.2083814024886363 4.2056737378928934 -0.67005597180591814 4.2109709744446677 4.0511569599221975 0.99391701702360902 0.041217938180536672 0.051099459043624305 0.05597507404019271 0.057174585559229642 0.072205154621690457 0.067099554831308708 0.080077080556547914 0.087252154951501473 0.093442828743540748 0.10072043667280038
decision_type=2 2 2 2 2 2 2 2 2 2 2 2 2 2 2 2 2 2 2 2 2 2 2 2 2 2 2 2 2 2
left_child=3 2 20 4 5 -1 7 -6 10 -10 -9 -8 -13 15 18 -5 -7 -4 19 -15 -2 -22 -23 -24 25 -25 -26 -28 -29 -30
right_child=1 -3 17 13 6 16 11 8 9 -11 -12 12 -14 14 -16 -17 -18 -19 -20 -21 21 22 23 24 26 -27 27 28 29 -31
leaf_value=-0.0073318134218653165 0.038965008928628225 -0.0041780644837563635 -0.21291767481495355 0.063181576849134682 -0.0088697166342840521 -0.014956360190815841 -0.0036345259212420019 -0.034514816217154194 -0.094252588814840874 -0.68605268501466332 0.10634593756460563 0.05717073300233616 0.0020942133404126101 -0.024436247403974889 0.2744015389255115 0.011242668889057235 0.013083913694848888 0.046826920509338378 -0.0055443739105217153 0.065646794127719024 -0.024752918815403559 0.15170170757555623 -0.16657902360721322 -0.00080279462539994311 -0.04502004384301788 0.16977719263091023 0.18189684816116836 -0.058274019405519885 0.18803981015440321 0.0066595607262540796
leaf_weight=7758 1027 17937 51 688 21175 1434 23602 1253 377 31 82 689 865 432 21 1406 10129 20 4227 614 2384 563 216 1309 1331 496 434 1196 304 11794
leaf_count=7758 1027 17937 51 688 21175 1434 23602 1253 377 31 82 689 865 432 21 1406 10129 20 4227 614 2384 563 216 1309 1331 496 434 1196 304 11794
internal_value=-0.000741455 0.0029123 0.00893265 -0.00264995 -0.00399918 0.0028052 -0.00673386 -0.0121801 -0.0523968 -0.139218 -0.0258627 -0.00177214 0.0265136 0.00965798 0.00228127 0.0283076 0.00960646 -0.13975 0.00119754 0.0284423 0.00943405 0.00791968 0.0123345 0.00774065 0.0099734 0.0460713 0.00564664 0.010559 0.00496549 0.0112173
internal_weight=113845 39062 21125 74783 67395 19321 48074 22918 1743 408 1335 25156 1554 7388 5294 2094 11563 71 5273 1046 21054 20027 17643 17080 16864 1805 15059 13728 13294 12098
internal_count=113845 39062 21125 74783 67395 19321 48074 22918 1743 408 1335 25156 1554 7388 5294 2094 11563 71 5273 1046 21054 20027 17643 17080 16864 1805 15059 13728 13294 12098
is_linear=0
shrinkage=0.05


Tree=97
num_leaves=31
num_cat=0
split_feature=0 0 1 1 1 1 1 1 0 1 1 0 1 1 1 0 1 0 0 1 0 1 1 0 1 0 0 1 0 1
split_gain=286.584 601.938 568.525 448.311 452.721 485.677 468.973 1114.41 920.704 3670.94 660.151 478.394 419.976 374.708 1228.33 576.666 366.916 563.604 449.873 357.279 349.648 742.871 342.851 746.894 651.771 1593.23 480.329 419.243 414.117 339.9
threshold=4.2100283525022411 4.2115082209862642 0.70837183041219554 0.78217850835714009 -0.0022132866865079664 -0.66476311403078769 0.13568807367758204 0.12189421406015719 4.2093540619516814 0.1300622843575869 0.13382900492990504 4.2098241418237548 0.24391940188125902 0.27970993060822436 0.27368111193524619 4.2118347381042174 0.88866561193202009 4.2083814024886363 4.2056737378928934 0.80403983572463045 4.0511569599221975 0.99391701702360902 0.14591470792853242 4.2094907304715852 0.1503227300650993 4.2095328946485546 4.2055806660131987 0.13705372802052079 4.2055806660131987 0.041217938180536672
decision_type=2 2 2 2 2 2 2 2 2 2 2 2 2 2 2 2 2 2 2 2 2 2 2 2 2 2 2 2 2 2
left_child=3 2 29 4 5 -1 7 -6 10 -10 -9 22 -13 14 -3 -16 18 20 -5 -4 21 -18 23 26 25 28 27 -8 -24 -2
right_child=1 13 19 16 6 -7 11 8 9 -11 -12 12 -14 -15 15 -17 17 -19 -20 -21 -22 -23 24 -25 -26 -27 -28 -29 -30 -31
leaf_value=-0.011711353004603945 0.037016760271782571 -0.0029060710774049645 -0.26016985562539874 0.060022497805766767 -0.00913349907603264 0.0070362455849931147 0.16010666545785843 -0.048952684709147543 -0.075890341769658434 -0.6517500538979808 0.10102864033201847 0.05431219682000113 0.001989501963730907 -0.034243126608038396 0.088103290966578901 0.46324843402951954 -0.023214433751396698 0.26068145758209066 0.010680535656799448 -0.034022108316421509 -0.0052671538908470811 0.062364452499714278 -0.19217458739030091 0.1944410388431852 -0.0040156528510825436 -0.48760667281846209 -0.063930781124355768 0.021027102180247764 0.071577455654092459 0.0075236965817443826
leaf_weight=4505 1027 16929 31 688 21850 14816 61 697 258 31 82 689 865 967 21 20 432 21 1406 40 4227 614 22 63 22749 24 152 485 46 20027
leaf_count=4505 1027 16929 31 688 21850 14816 61 697 258 31 82 689 865 967 21 20 432 21 1406 40 4227 614 22 63 22749 24 152 485 46 20027
internal_value=-0.000704382 0.00276669 0.00848602 -0.00251745 -0.00379922 0.00266494 -0.00639717 -0.0115711 -0.0614416 -0.137661 -0.0331652 -0.00168353 0.0251879 -0.00396916 -0.00224406 0.271101 0.00917508 0.00216721 0.0268922 -0.132763 0.00113766 0.0270202 -0.0034528 0.0295624 -0.00455277 -0.137368 0.0146808 0.0365653 -0.0137541 0.00896235
internal_weight=113845 39062 21125 74783 67395 19321 48074 22918 1068 289 779 25156 1554 17937 16970 41 7388 5294 2094 71 5273 1046 23602 761 22841 92 698 546 68 21054
internal_count=113845 39062 21125 74783 67395 19321 48074 22918 1068 289 779 25156 1554 17937 16970 41 7388 5294 2094 71 5273 1046 23602 761 22841 92 698 546 68 21054
is_linear=0
shrinkage=0.05


Tree=98
num_leaves=31
num_cat=0
split_feature=0 0 1 1 1 0 1 1 0 1 1 0 1 1 0 0 0 1 1 1 1 1 0 0 1 1 1 1 0 1
split_gain=258.642 543.249 513.094 404.601 408.581 472.612 423.248 1017.74 1346.58 3247.73 498.205 431.751 379.028 349.513 588.458 457.613 453.83 574.432 425.696 371.177 348.441 1107.31 1047.28 595.933 1150.73 3185 733.082 1167.59 819.295 662.333
threshold=4.2100283525022411 4.2115082209862642 0.70837183041219554 0.78217850835714009 -0.0022132866865079664 3.3505180837725921 0.13568807367758204 0.11374937157749035 4.2092521302304364 0.1300622843575869 0.13382900492990504 4.2098241418237548 0.24391940188125902 0.033103883688665743 4.2043531102966334 3.2962372605943853 4.2045550661939233 0.034309320840942674 1.0000000180025095e-35 0.04090205059513307 0.053720187273594504 0.05597507404019271 4.2133169568797095 4.212433616505538 0.049987693604997809 0.04882569966417271 0.035526590940496004 0.051099459043624305 4.2127827764752741 0.04217983979072621
decision_type=2 2 2 2 2 2 2 2 2 2 2 2 2 2 2 2 2 2 2 2 2 2 2 2 2 2 2 2 2 2
left_child=3 2 -2 4 5 -1 7 13 10 -10 -9 -8 -13 15 19 18 17 -16 -6 -15 23 22 -22 24 25 29 28 -28 -25 -3
right_child=1 20 -4 -5 6 -7 11 8 9 -11 -12 12 -14 14 16 -17 -18 -19 -20 -21 21 -23 -24 26 -26 -27 27 -29 -30 -31
leaf_value=-0.007015327232914201 0.0085142309579907486 -0.032827707363047451 -0.12612454085282876 0.0087163268997386637 0.067715848250822996 0.0089371110898376956 -0.0032801596392045759 -0.031236023460689512 -0.086762063816901228 -0.61916255426983691 0.095977208789483445 0.051596588238057274 0.0018900279270826889 -0.13352608114061223 0.11797963015735149 -0.023162647751200759 -0.0051932842797873108 0.012395081731086419 -0.1732187044620514 -0.013531373103417583 -0.1012901284195854 -0.0029891950661804839 -0.0096986671559579057 -0.30510252449247571 0.090562832887683603 -0.42851008285457892 0.07140663630303902 -0.017414006660314833 -0.016834789874894354 0.048080263933913063
leaf_weight=7758 21054 1117 71 7388 220 11563 23602 1253 377 31 82 689 865 142 160 4652 15202 661 20 118 582 12977 673 27 238 48 1110 555 283 327
leaf_count=7758 21054 1117 71 7388 220 11563 23602 1253 377 31 82 689 865 142 160 4652 15202 661 20 118 582 12977 673 27 238 48 1110 555 283 327
internal_value=-0.000669163 0.00262835 0.00806172 -0.00239158 -0.00360926 0.0025317 -0.00607731 -0.0109926 -0.0477177 -0.127214 -0.0234222 -0.00159936 0.0239285 -0.00796956 -0.00444856 -0.0196892 -0.00323775 0.0329719 0.047638 -0.0790669 -0.0037707 -0.00732637 -0.0521738 0.00988765 -0.0115381 -0.0278249 0.0286555 0.0417998 -0.041942 -0.0145057
internal_weight=113845 39062 21125 74783 67395 19321 48074 22918 1743 408 1335 25156 1554 21175 16283 4892 16023 821 240 260 17937 14232 1255 3705 1730 1492 1975 1665 310 1444
internal_count=113845 39062 21125 74783 67395 19321 48074 22918 1743 408 1335 25156 1554 21175 16283 4892 16023 821 240 260 17937 14232 1255 3705 1730 1492 1975 1665 310 1444
is_linear=0
shrinkage=0.05


Tree=99
num_leaves=31
num_cat=0
split_feature=0 0 1 1 1 1 1 1 0 1 1 0 1 1 1 0 0 1 1 1 0 1 1 1 0 0 1 1 1 1
split_gain=233.546 499.963 464.321 363.936 364.806 430.538 391.813 874.721 625.386 2689.11 540.433 409.941 447.501 369.58 1256.32 1204.26 1046.2 660.436 1781.15 609.017 535.348 452.9 450.471 940.291 394.402 369.251 351.185 4532.29 2128.75 1999.97
threshold=4.210056713393997 4.2115082209862642 0.70837183041219554 0.78217850835714009 -0.0022132866865079664 -0.66476311403078769 0.13568807367758204 0.12189421406015719 4.2092521302304364 0.1300622843575869 0.13382900492990504 4.2089088136697255 0.74424765479753441 0.23346936377827318 0.24391940188125902 4.2091428143259337 4.2098241418237548 0.14591470792853242 0.1503227300650993 0.19560049498397875 4.2094907304715852 0.1867254703448655 0.1503227300650993 0.14591470792853242 4.209913924270233 4.2092001896398363 0.051099459043624305 0.055625457294516741 0.058289120215410169 0.072205154621690457
decision_type=2 2 2 2 2 2 2 2 2 2 2 2 2 2 2 2 2 2 2 2 2 2 2 2 2 2 2 2 2 2
left_child=3 2 26 4 5 -1 7 -6 10 -10 -9 -8 13 16 15 -15 17 20 -19 21 -13 25 23 24 -18 -20 -2 -28 -29 -30
right_child=1 -3 -4 -5 6 -7 11 8 9 -11 -12 12 -14 14 -16 -17 22 18 19 -21 -22 -23 -24 -25 -26 -27 27 28 29 -31
leaf_value=-0.011130540302559758 -0.006539681299166932 -0.0035821673771725621 -0.11981831121612603 0.0082805112929013134 -0.0082666670025999447 0.0065208040531350361 -0.0057354315722606703 -0.044596113282107358 -0.063497510670329174 -0.54088949506933037 0.091178348667283624 -0.084783064860564028 -0.18479643081625305 0.43180161555608115 0.011469842364231221 0.087733043962253066 0.18928844879070919 -0.44427198813511776 -0.073017331900263438 -0.061729162048066478 0.18488299222219559 0.18933547566334408 0.060042619487595941 -0.31178318789372078 -0.03706353978434606 0.0066250499842378007 0.15979046078139814 -0.082850293146277024 0.06796640209923803 0.0048928251179001696
leaf_weight=4505 3353 17937 71 7388 22097 14816 17362 690 278 33 82 26 30 30 5148 167 27 26 178 742 63 30 630 26 67 798 498 638 1374 14735
leaf_count=4505 3353 17937 71 7388 22097 14816 17362 690 278 33 82 26 30 30 5148 167 27 26 178 742 63 30 630 26 67 798 498 638 1374 14735
internal_value=-0.000635705 0.00252579 0.00782641 -0.00225791 -0.00340539 0.00240511 -0.00571869 -0.0104169 -0.0542903 -0.114153 -0.0301745 -0.00142262 0.00795134 0.00867795 0.0162118 0.140129 -0.00673289 -0.0268068 -0.0334748 -0.0273646 0.106104 -0.00201812 0.0431307 -0.0456569 0.0279525 -0.00789989 0.0082664 0.0111452 0.00672497 0.0102726
internal_weight=113845 38606 20669 75239 67851 19321 48530 23180 1083 311 772 25350 7988 7958 5345 197 2613 1863 1774 1748 89 1006 750 120 94 976 20598 17245 16747 16109
internal_count=113845 38606 20669 75239 67851 19321 48530 23180 1083 311 772 25350 7988 7958 5345 197 2613 1863 1774 1748 89 1006 750 120 94 976 20598 17245 16747 16109
is_linear=0
shrinkage=0.05


Tree=100
num_leaves=31
num_cat=0
split_feature=1 1 1 0 0 0 1 0 0 0 0 1 0 0 1 0 1 0 0 0 0 0 1 0 1 1 0 1 1 0
split_gain=268.72 1052.15 661.271 1593.01 1108.65 494.714 1050.46 2734.93 1124.05 930.726 967.727 881.848 879.013 451.99 444.683 1362.38 444.007 612.248 569.822 811.419 592.528 587.97 662.181 1353.4 652.08 1002.55 500.426 493.603 469.158 441.066
threshold=0.049987693604997809 0.053051794850801269 0.048138544056856865 4.2131591191432927 4.2112150699723587 4.2128584026263836 0.051099459043624305 4.2117908053851538 4.2099435690630207 4.2102471159256956 4.2112514892550612 0.052126693030748704 4.210939725719931 4.2130078604632875 0.04882569966417271 4.2127827764752741 0.044956339808664474 3.5981631387971817 4.2108729930055508 4.2051609688693388 3.7899177110824094 4.2114345719319877 0.038659770375086507 4.2127176275912257 0.026335236696960137 0.035526590940496004 3.7022896494328408 0.041493268284224075 0.04090205059513307 4.2102471159256956
decision_type=2 2 2 2 2 2 2 2 2 2 2 2 2 2 2 2 2 2 2 2 2 2 2 2 2 2 2 2 2 2
left_child=2 5 16 4 -4 6 7 8 -2 -10 12 13 -11 -7 -6 -16 17 -1 19 20 26 24 -23 27 -20 -26 -19 -24 -27 -8
right_child=1 -3 3 -5 14 11 29 -9 9 10 -12 -13 -14 -15 15 -17 -18 18 21 -21 -22 22 23 -25 25 28 -28 -29 -30 -31
leaf_value=0.0036283872415202425 0.052767050822279352 0.0009658701086099462 -0.045634508840800697 0.11068415661362836 -0.32901072875475107 -0.16577448627871016 0.051511168179373103 0.22763665282582665 -0.48772142037101418 -0.15068569716849281 -0.32587113536539536 -0.1027833771230518 0.23074435721273009 0.064108956005963447 -0.24138403744117856 0.21561197972013835 0.026093890390034957 -0.0073723884280519313 -0.071542069685659307 -0.033475024041080985 0.0066375212957765608 -0.042519702478145842 -0.030291087318572309 0.16036395260066327 0.30091156212461967 0.08174054458846941 -0.040095527685744314 0.030303256456750839 0.015155335145827138 0.1371930918870444
leaf_weight=15708 67 76755 611 137 46 23 251 83 23 44 42 138 23 304 73 21 1314 3552 134 4049 4437 869 744 140 37 391 1741 613 818 374
leaf_count=15708 67 76755 611 137 46 23 251 83 23 44 42 138 23 304 73 21 1314 3552 134 4049 4437 869 744 140 37 391 1741 613 818 374
internal_value=0.000103619 0.00174164 -0.00350789 -0.0461111 -0.0747142 0.0451412 0.0666389 -0.0134681 -0.114029 -0.198691 -0.137703 0.00320904 -0.019747 0.0479398 -0.201626 -0.139289 -0.00241281 -0.00353993 -0.00996504 -0.014666 -0.00683889 0.00732658 -0.00780192 0.0123516 0.0332643 0.0445356 -0.0181358 -0.0029187 0.0366895 0.102783
internal_weight=113562 78127 35435 888 751 1372 907 282 199 132 109 465 67 327 140 94 34547 33233 17525 13779 9730 3746 2366 1497 1380 1246 5293 1357 1209 625
internal_count=113562 78127 35435 888 751 1372 907 282 199 132 109 465 67 327 140 94 34547 33233 17525 13779 9730 3746 2366 1497 1380 1246 5293 1357 1209 625
is_linear=0
shrinkage=0.05


Tree=101
num_leaves=31
num_cat=0
split_feature=0 1 1 1 1 0 1 0 0 1 1 1 0 0 1 1 1 1 1 0 0 1 1 0 1 0 0 1 0 0
split_gain=254.677 361.515 4343.2 3049.92 2520.79 2671.47 1792.3 1666.71 2069.4 2261.28 1490.63 1485.87 1436.31 1245.35 3501.63 1074.01 1715.49 3064.68 1712.72 3155.89 1751.05 1251.29 1066.54 1857.58 1003.42 1188.87 1006.06 864.874 1360.98 1127.47
threshold=4.2068496107325712 0.10646245618626936 0.11521755792358598 0.11971259412532488 0.10274981337978141 4.2118841380027527 0.093442828743540748 4.210111579666008 4.2117494416134305 0.099292957765020493 0.097121003908435088 0.089503271777466475 4.2103275741755049 4.2117908053851538 0.091765911617818843 0.077563300320049114 0.070954679831247813 0.06305828206581815 0.085819128203325809 4.2107734898061189 4.2109709744446677 0.087252154951501473 0.068674339919785943 4.212598639045841 0.10818485666414468 4.2111121912057401 4.2112150699723587 0.067099554831308708 4.2112886141682795 4.2106484328702471
decision_type=2 2 2 2 2 2 2 2 2 2 2 2 2 2 2 2 2 2 2 2 2 2 2 2 2 2 2 2 2 2
left_child=-1 4 12 -4 6 -6 11 -8 -9 10 -10 15 -3 -13 -15 16 17 -2 20 21 -17 -20 27 -24 26 -26 -14 29 -29 -19
right_child=1 2 3 -5 5 -7 7 8 9 -11 -12 13 24 14 -16 18 -18 22 19 -21 -22 -23 23 -25 25 -27 -28 28 -30 -31
leaf_value=-0.0024183436904791685 -0.0017941699980851258 0.0048598229480890931 -0.097018591650026673 0.0043480570743662924 -0.14554570943915421 0.0071050142567020969 -0.10420454997220077 0.17143286072473596 0.020127332405965839 -0.072360277527591568 0.27710405831180868 -0.067092660746147378 -0.0056808277787197201 -0.025679946503283192 0.43042382816879121 0.0057077980262622181 -0.034312121934932306 -0.076980366663713218 0.27577791151546299 -0.052526882001641309 0.13005589476037294 0.056974952072719381 0.082244215373235077 -0.11863924931189058 0.2473475314085446 0.10491766454172986 0.15325427351679122 0.31256443698231773 0.090760889460768879 0.11804374144232946
leaf_weight=53321 13896 341 759 33244 616 536 128 414 122 286 105 1399 231 298 49 493 3379 95 105 924 665 173 431 157 252 350 175 123 158 337
leaf_count=53321 13896 341 759 33244 616 536 128 414 122 286 105 1399 231 298 49 493 3379 95 105 924 665 173 431 157 252 350 175 123 158 337
internal_value=9.84378e-05 0.00232611 0.00557612 0.0020854 -0.00229015 -0.0745207 0.00121533 0.0649208 0.0882736 0.0211626 0.138993 -0.00174778 0.0935635 -0.0460621 0.0387266 0.0019479 -0.00208863 0.00507616 0.0337202 -0.00808776 0.0771167 0.139616 0.0784582 0.028607 0.123571 0.164539 0.0628257 0.11957 0.187849 0.0751565
internal_weight=113562 60241 35352 34003 24889 1152 23737 1055 927 513 227 22682 1349 1746 347 20936 18576 15197 2360 1202 1158 278 1301 588 1008 602 406 713 281 432
internal_count=113562 60241 35352 34003 24889 1152 23737 1055 927 513 227 22682 1349 1746 347 20936 18576 15197 2360 1202 1158 278 1301 588 1008 602 406 713 281 432
is_linear=0
shrinkage=0.05


Tree=102
num_leaves=31
num_cat=0
split_feature=0 0 1 1 1 1 0 0 0 1 1 1 1 0 1 1 1 0 1 0 1 1 1 1 1 1 1 1 0 0
split_gain=229.846 327.773 508.191 736.58 990.634 4854.63 972.048 715.547 681.045 674.995 3311.98 3129.49 2087.07 2772.44 1929.66 2489.04 1733.49 2407.92 1579.59 1445.02 1178.45 996.08 894.337 3253.33 2169 1337.63 957.639 870.847 1196.3 749.74
threshold=4.2068496107325712 4.2115082209862642 0.026335236696960137 0.04090205059513307 0.051099459043624305 0.05597507404019271 4.2106484328702471 4.2095747613513685 4.2110076635606859 0.10726064900172545 0.10274981337978141 0.11521755792358598 0.093442828743540748 4.2101381887050549 0.089503271777466475 0.080077080556547914 0.078315923637913148 4.2101933799811828 0.12189421406015719 4.2102471159256956 0.10818485666414468 0.10646245618626936 0.072205154621690457 0.067099554831308708 0.073903788104018348 0.068674339919785943 0.069757814832467555 0.087252154951501473 4.2102196418742031 4.2112514892550612
decision_type=2 2 2 2 2 2 2 2 2 2 2 2 2 2 2 2 2 2 2 2 2 2 2 2 2 2 2 2 2 2
left_child=-1 2 -2 6 8 7 -4 -6 -5 10 12 19 14 -14 15 16 22 -18 -13 -11 -21 -12 23 -7 -24 -25 -27 28 -17 -28
right_child=1 -3 3 4 5 9 -8 -9 -10 11 21 18 13 -15 -16 27 17 -19 -20 20 -22 -23 24 25 -26 26 29 -29 -30 -31
leaf_value=-0.0022974260167750037 -0.071541845157674144 -0.0034758888495505904 -0.046924430193668383 -0.039611982960599847 -0.015546699489156405 -0.0066376428232804985 0.083480304699366542 0.14087182280822061 0.0153114871768728 0.0092718561764898871 -0.15084133461988983 -0.07137222295464786 -0.095765886918613416 0.17201750080341119 -0.061602842986003797 -0.037678790478145374 0.056225514266407123 -0.35086648942281806 0.0065785702026273669 0.037615882996078973 0.20803843366200994 -0.020923465939149972 -0.15750613736188307 0.2583259124966229 -0.0080385953218834391 -0.039554503923509177 0.15027731127378083 0.024046839863782931 0.16962195326050278 -0.091467651021149426
leaf_weight=53321 218 17841 187 2049 81 3342 606 751 779 242 496 666 132 361 1296 85 64 84 26873 143 349 210 280 136 1823 123 294 310 384 36
leaf_count=53321 218 17841 187 2049 81 3342 606 751 779 242 496 666 132 361 1296 85 64 84 26873 143 349 210 280 136 1823 123 294 310 384 36
internal_value=9.35161e-05 0.00220981 0.00460222 0.00499574 0.00408119 0.00617602 0.0527291 0.125644 -0.0244828 0.00354152 -0.00802266 0.0074092 0.00038274 0.100319 -0.00558414 0.00484543 -0.00576797 -0.174827 0.00469342 0.109303 0.158505 -0.112197 -0.00162136 0.0124581 -0.0279392 0.120808 0.0795221 0.0890714 0.132051 0.123905
internal_weight=113562 60241 42400 42182 41389 38561 793 832 2828 37729 9456 28273 8750 493 8257 6961 6182 148 27539 734 492 706 6034 3931 2103 589 453 779 469 330
internal_count=113562 60241 42400 42182 41389 38561 793 832 2828 37729 9456 28273 8750 493 8257 6961 6182 148 27539 734 492 706 6034 3931 2103 589 453 779 469 330
is_linear=0
shrinkage=0.05


Tree=103
num_leaves=31
num_cat=0
split_feature=0 1 1 1 1 1 0 0 0 1 0 0 1 1 1 1 0 1 1 0 1 0 0 1 1 1 1 0 1 0
split_gain=207.436 325.848 318.043 1295.48 953.817 539.571 361.774 367.502 313.482 1017.31 751.288 749.68 306.307 3677.6 2679.59 2064.63 2217.76 1502.59 1457.86 3959.61 1849.41 1375.28 1673.9 2040.8 1345.3 1296.75 2481.83 1997.59 1257.91 1348.89
threshold=4.2068496107325712 0.9899572276429659 0.52999857268208184 0.49456154115686563 0.56918043419434328 0.16035449363368157 4.2056270700419569 4.2029580716161297 4.2064204226126582 0.70837183041219554 4.2062499956048134 4.2064821181253196 0.10646245618626936 0.11521755792358598 0.12092273166393423 0.10274981337978141 4.2118841380027527 0.093442828743540748 0.1300622843575869 4.2105579519131142 0.13941214932258508 4.210111579666008 4.2117494416134305 0.099292957765020493 0.097121003908435088 0.14591470792853242 0.1503227300650993 4.2099435690630207 0.14214410725072932 4.2123827812707644
decision_type=2 2 2 2 2 2 2 2 2 2 2 2 2 2 2 2 2 2 2 2 2 2 2 2 2 2 2 2 2 2
left_child=2 12 3 5 -4 -1 7 -7 9 10 -6 -10 15 -14 -15 17 -17 -2 19 -16 -20 -19 -23 24 -24 28 27 -27 29 -22
right_child=1 -3 4 -5 8 6 -8 -9 11 -11 -12 -13 13 14 18 16 -18 21 20 -21 25 22 23 -25 -26 26 -28 -29 -30 -31
leaf_value=-0.0011864847133392356 -0.001619620024504382 -0.1902927352623506 0.30375302467081283 -0.20114804288170426 0.2113141545904017 -0.11599369273476659 -0.047265050417292329 -0.010634924163813795 -0.12878361065762448 0.0066083218769497597 0.019692238207374299 -0.003118036313845812 0.086126761224337545 -0.073105618028736982 -0.041454812621605802 -0.13216173449234866 0.0069235578439990758 -0.094206029482302264 -0.04883271033231993 0.1214893204170642 -0.014253725129323947 0.15542825435238761 0.0192947585074628 -0.068568468528923454 0.26342264774299806 -0.46730967916940386 0.0052334711802003936 -0.085180698262189922 0.1547372041052274 0.2991822570562363
leaf_weight=38777 22682 22 27 83 107 84 843 5640 136 6594 98 932 1349 1149 648 616 536 128 1677 878 355 414 122 286 105 38 28576 342 280 38
leaf_count=38777 22682 22 27 83 107 84 843 5640 136 6594 98 932 1349 1149 648 616 536 128 1677 878 355 414 122 286 105 38 28576 342 280 38
internal_value=8.88403e-05 0.00209932 -0.00218255 -0.00379229 0.00708088 -0.00343104 -0.0166848 -0.0121811 0.00606269 0.0100185 0.11971 -0.0191204 0.0021696 0.00516265 0.00194849 -0.00207904 -0.0674484 0.00109346 0.0045751 0.0522968 0.00224893 0.0594234 0.0806365 0.0202783 0.132217 0.00514015 0.00354545 -0.123394 0.0737523 0.0160531
internal_weight=113562 60241 53321 45427 7894 45344 6567 5724 7867 6799 205 1068 60219 35330 33981 24889 1152 23737 32832 1526 31306 1055 927 513 227 29629 28956 380 673 393
internal_count=113562 60241 53321 45427 7894 45344 6567 5724 7867 6799 205 1068 60219 35330 33981 24889 1152 23737 32832 1526 31306 1055 927 513 227 29629 28956 380 673 393
is_linear=0
shrinkage=0.05


Tree=104
num_leaves=31
num_cat=0
split_feature=1 1 1 0 0 0 1 0 0 0 0 1 0 0 0 0 1 0 0 0 0 1 0 1 0 1 1 0 1 0
split_gain=194.974 909.222 594.164 1436.04 1004.35 415.545 879.951 2454.1 1019.26 833.484 882.617 795.868 784.447 407.921 405.66 1108.07 405.048 546.498 480.766 693.396 716.984 527.737 502.75 596.296 1224.24 535.582 887.555 451.634 447.502 395.177
threshold=0.049987693604997809 0.053051794850801269 0.048138544056856865 4.2131591191432927 4.2112150699723587 4.2128584026263836 0.051099459043624305 4.2117908053851538 4.2099435690630207 4.2102471159256956 4.2112514892550612 0.052126693030748704 4.210939725719931 4.2130078604632875 4.2129296307821322 4.2125412868472791 0.044956339808664474 3.5981631387971817 4.2108729930055508 4.2048702447762709 3.7899177110824094 0.026335236696960137 4.2114345719319877 0.038659770375086507 4.2127176275912257 0.026335236696960137 0.037513468545582969 3.7022896494328408 0.041493268284224075 3.367097349452131
decision_type=2 2 2 2 2 2 2 2 2 2 2 2 2 2 2 2 2 2 2 2 2 2 2 2 2 2 2 2 2 2
left_child=2 5 16 4 -4 6 7 8 -2 -10 12 13 -11 -7 15 -6 17 29 19 20 27 -21 25 -24 28 -20 -27 -19 -25 -1
right_child=1 -3 3 -5 14 11 -8 -9 9 10 -12 -13 -14 -15 -16 -17 -18 18 22 21 -22 -23 23 24 -26 26 -28 -29 -30 -31
leaf_value=-0.0035357150102158941 0.051781311829977521 0.00075851261955388034 -0.042854839767925382 0.10549442182927236 -0.26001195651365488 -0.15714127800386887 0.094607588806152346 0.2165993048484067 -0.46118406679319301 -0.14100013390522112 -0.30965806338049118 -0.097299722698179714 0.21932867026847341 0.06124799306455412 -0.39980712413787844 0.066610717459728838 0.025273487907501231 -0.0067086562006954554 -0.064217184678609693 -0.10600810359933931 0.011864131363255349 -0.025148656388431584 -0.040152329590891774 -0.028668471864394602 0.15269023788826808 0.16679669272686756 0.026827538496062127 -0.037795638723169454 0.02902684360864112 0.012384021693122192
leaf_weight=8527 67 76755 611 137 82 23 625 83 23 44 42 138 23 304 20 38 1314 3552 134 211 3653 4622 869 744 140 126 1120 1741 613 7181
leaf_count=8527 67 76755 611 137 82 23 625 83 23 44 42 138 23 304 20 38 1314 3552 134 211 3653 4622 869 744 140 126 1120 1741 613 7181
internal_value=8.43983e-05 0.00147967 -0.00299189 -0.0433755 -0.0705329 0.0418238 0.0615265 -0.0117916 -0.10705 -0.187669 -0.129955 0.00339307 -0.0173052 0.0458873 -0.191328 -0.156581 -0.00195386 -0.0030304 -0.00910071 -0.0134187 -0.00517457 -0.0286788 0.0067823 -0.00720694 0.0119177 0.0307668 0.0409817 -0.0169339 -0.00260567 0.00374208
internal_weight=113562 78127 35435 888 751 1372 907 282 199 132 109 465 67 327 140 120 34547 33233 17525 13779 8946 4833 3746 2366 1497 1380 1246 5293 1357 15708
internal_count=113562 78127 35435 888 751 1372 907 282 199 132 109 465 67 327 140 120 34547 33233 17525 13779 8946 4833 3746 2366 1497 1380 1246 5293 1357 15708
is_linear=0
shrinkage=0.05


Tree=105
num_leaves=31
num_cat=0
split_feature=0 1 1 1 0 0 1 0 0 1 1 1 0 1 1 1 1 0 1 1 1 0 1 1 1 1 1 0 1 1
split_gain=165.136 335.324 1076.98 923.209 914.458 851.509 1545.32 981.884 759.393 715.548 463.499 456.192 837.079 384.155 802.009 687.826 453.68 409.824 381.84 359.399 1849.24 1583.03 1194.99 1131.64 722.673 714.675 2177.29 1682.68 681.02 2331.23
threshold=4.2087814111788378 0.23346936377827318 0.22666625183359088 0.21968849704797191 4.2096520377771407 4.2104702482203038 0.24391940188125902 4.2092521302304364 4.2101933799811828 0.057174585559229642 0.21308951405532847 0.055625457294516741 4.2091428143259337 0.15518290890557315 0.069757814832467555 0.16454200840478964 0.16911800098800575 4.2094499233704212 0.19560049498397875 0.19560049498397875 0.1867254703448655 4.2118841380027527 0.20063688194608473 0.20817236634261524 0.20351948771976511 0.18180554087128556 0.17107705235235798 4.2127827764752741 0.1300622843575869 0.12603380585538851
decision_type=2 2 2 2 2 2 2 2 2 2 2 2 2 2 2 2 2 2 2 2 2 2 2 2 2 2 2 2 2 2
left_child=-1 2 3 4 9 6 7 -3 -5 11 13 -2 -13 14 -11 17 -17 -15 -18 20 25 -22 -21 24 -24 26 28 -27 29 -6
right_child=1 5 -4 8 19 -7 -8 -9 -10 10 -12 12 -14 15 -16 16 18 -19 -20 22 21 -23 23 -25 -26 27 -28 -29 -30 -31
leaf_value=-0.0017204041856252691 -0.01077320677920794 0.31900041041703059 -0.061937592848610529 0.19959706970246383 0.003122188006958486 -0.0084087056222801864 0.015071509256001337 0.086950769472349129 0.028116025357921688 -0.015164331724640132 -0.12517578761533713 -0.10284442901611329 0.20779304303402127 0.022477808632254181 -0.082072473400179688 -0.11357500034669216 0.036471547024921447 0.1640671709844147 -0.050973927209547944 -0.075153335469484245 0.15535088949193612 -0.030362452011294883 0.018767470004108666 -0.027357913301696391 0.13829550256115805 -0.059372293378012655 0.091696591095958097 0.30004791161593269 -0.015418756193904374 0.13847258988903802
leaf_weight=61835 117 58 692 103 26474 4307 7473 213 173 1177 129 29 86 133 723 121 259 83 241 628 362 168 325 867 207 771 685 34 4961 322
leaf_count=61835 117 58 692 103 26474 4307 7473 213 173 1177 129 29 86 133 723 121 259 83 241 628 362 168 325 867 207 771 685 34 4961 322
internal_value=2.52498e-05 0.00210423 -0.000104894 0.000987255 0.000340757 0.00941296 0.0193249 0.136615 0.0921108 -0.0257202 -0.0325571 0.0587381 0.129458 -0.0281918 -0.0406246 3.1019e-05 -0.0267007 0.0768848 -0.00567717 0.00259573 0.00382291 0.0964833 -0.0178535 0.00786797 0.0652756 0.00234578 0.00350055 -0.0441918 0.00159815 0.00474866
internal_weight=113756 51921 39870 39178 38902 12051 7744 271 276 3098 2866 232 115 2737 1900 837 621 216 500 35804 33777 530 2027 1399 532 33247 32442 805 31757 26796
internal_count=113756 51921 39870 39178 38902 12051 7744 271 276 3098 2866 232 115 2737 1900 837 621 216 500 35804 33777 530 2027 1399 532 33247 32442 805 31757 26796
is_linear=0
shrinkage=0.05


Tree=106
num_leaves=31
num_cat=0
split_feature=0 0 1 1 1 0 1 0 0 1 0 1 1 1 0 0 1 1 1 1 0 1 1 1 0 1 1 1 1 1
split_gain=149.035 310.843 302.63 971.972 833.197 825.298 786.073 1396.21 685.352 645.782 644.415 435.116 418.308 411.713 755.464 349.454 346.7 723.813 620.763 409.446 369.866 344.611 324.358 1668.94 1434.59 1078.47 1021.31 652.212 644.994 1965.01
threshold=4.2087814111788378 4.1881520144172528 0.23346936377827318 0.22666625183359088 0.21968849704797191 4.2096520377771407 0.23797488331352729 4.2093042635543387 4.2101933799811828 0.057174585559229642 4.2104702482203038 0.24391940188125902 0.21308951405532847 0.055625457294516741 4.2091428143259337 4.2110433703874595 0.15518290890557315 0.069757814832467555 0.16454200840478964 0.16911800098800575 4.2094499233704212 0.19560049498397875 0.19560049498397875 0.1867254703448655 4.2126569965574676 0.20063688194608473 0.20817236634261524 0.20351948771976511 0.18180554087128556 0.17107705235235798
decision_type=2 2 2 2 2 2 2 2 2 2 2 2 2 2 2 2 2 2 2 2 2 2 2 2 2 2 2 2 2 2
left_child=1 -1 3 4 5 9 7 -4 -6 13 11 -8 16 -2 -15 -9 17 -11 20 -20 -18 -21 23 28 -25 -24 27 -27 29 -7
right_child=2 -3 6 -5 8 22 10 15 -10 12 -12 -13 -14 14 -16 -17 18 -19 19 21 -22 -23 25 24 -26 26 -28 -29 -30 -31
leaf_value=0.0024620318368093704 -0.010234547763044 -0.0047022930481899301 0.420299769270009 -0.058840713882280488 0.18961721482749994 0.0015182448510122602 0.12036252456660174 0.088836479006536517 0.02671022334195286 -0.01440611532988215 -0.0087282486033258555 0.014317933166675081 -0.11891699840509616 -0.09770220970285351 0.19740339524524159 -0.04593332451123458 0.021353918302776224 -0.077968849593394784 -0.10789625047790735 0.034647970742269142 0.15586381144933853 -0.048425231751873785 -0.07139566833884485 0.12583143473149533 -0.10636521039100795 0.017829094683894747 -0.025990016920214916 0.1313807290173383 -0.041982221438647799 0.087111759420729032
leaf_weight=26479 117 35356 29 692 103 31757 98 185 173 1177 4201 7473 129 29 86 65 133 723 121 259 83 241 628 452 78 325 867 207 805 685
leaf_count=26479 117 35356 29 692 103 31757 98 185 173 1177 4201 7473 129 29 86 65 133 723 121 259 83 241 628 452 78 325 867 207 805 685
internal_value=2.39873e-05 -0.00163438 0.00199901 -9.96493e-05 0.000937893 0.000323719 0.00894232 0.0918917 0.0875052 -0.0244342 0.00697639 0.0156906 -0.0309292 0.0558012 0.122985 0.0537963 -0.0267822 -0.0385934 2.9468e-05 -0.0253657 0.0730406 -0.00539331 0.00246594 0.00363176 0.0916591 -0.0169608 0.00747457 0.0620118 0.00222849 0.00332552
internal_weight=113756 61835 51921 39870 39178 38902 12051 279 276 3098 11772 7571 2866 232 115 250 2737 1900 837 621 216 500 35804 33777 530 2027 1399 532 33247 32442
internal_count=113756 61835 51921 39870 39178 38902 12051 279 276 3098 11772 7571 2866 232 115 250 2737 1900 837 621 216 500 35804 33777 530 2027 1399 532 33247 32442
is_linear=0
shrinkage=0.05


Tree=107
num_leaves=31
num_cat=0
split_feature=0 0 1 1 0 1 0 0 1 1 1 1 1 0 1 0 0 1 0 1 1 1 0 0 1 1 1 1 0 1
split_gain=134.504 280.536 301.626 423.887 711.355 307.752 703.551 299.392 844.013 363.627 273.124 877.205 751.96 744.831 709.431 1260.08 618.53 582.818 581.584 392.692 377.523 371.571 681.806 315.601 312.896 653.241 560.238 369.525 333.804 311.011
threshold=4.2087814111788378 4.1881520144172528 0.94133524972883265 0.97366692785173814 4.2045120608299937 0.031197422311893905 4.2042867923315663 4.2053251092588484 0.026335236696960137 0.026335236696960137 0.23346936377827318 0.22666625183359088 0.21968849704797191 4.2096520377771407 0.23797488331352729 4.2093042635543387 4.2101933799811828 0.057174585559229642 4.2104702482203038 0.24391940188125902 0.21308951405532847 0.055625457294516741 4.2091428143259337 4.2112886141682795 0.15518290890557315 0.069757814832467555 0.16454200840478964 0.16911800098800575 4.2094499233704212 0.19560049498397875
decision_type=2 2 2 2 2 2 2 2 2 2 2 2 2 2 2 2 2 2 2 2 2 2 2 2 2 2 2 2 2 2
left_child=1 -1 5 4 -4 6 -3 9 -9 -8 11 12 13 17 15 -12 -14 21 19 -16 24 -2 -23 -17 25 -19 28 -28 -26 -29
right_child=10 2 3 -5 -6 -7 7 8 -10 -11 14 -13 16 -15 18 23 -18 20 -20 -21 -22 22 -24 -25 26 -27 27 29 -30 -31
leaf_value=0.0023389299073680956 -0.0097228198479383434 0.020461822430923829 -0.12892043188552965 0.018871559250227949 0.01896305013188096 -0.0031301336279182784 -0.057839250490989216 -0.10959238816951884 0.074554410257692869 -0.17469975457205314 0.399284787835746 -0.055898677961997739 0.18013635425674684 0.0023426433046485058 0.11434439587958006 0.078137995761456747 0.025374710043041693 -0.013685809395029927 -0.0082918356649153754 0.013602036497228751 -0.11297114612029274 -0.092817097285698202 0.18753322106461193 -0.065646481085964978 0.020286223008052301 -0.074070406980802236 -0.10250143909380456 0.032915573036977008 0.14807062170591698 -0.046003970766635191
leaf_weight=26479 117 366 220 188 129 33924 162 145 109 113 29 692 103 35804 98 203 173 1177 4201 7473 129 29 86 47 133 723 121 259 83 241
leaf_count=26479 117 366 220 188 129 33924 162 145 109 113 29 692 103 35804 98 203 173 1177 4201 7473 129 29 86 47 133 723 121 259 83 241
internal_value=2.27881e-05 -0.00155266 -0.00446718 -0.0416544 -0.0742586 -0.00389365 -0.032834 -0.0697079 -0.0305688 -0.105858 0.00189906 -9.4667e-05 0.000890998 0.000307533 0.0084952 0.0872971 0.08313 -0.0232125 0.00662757 0.0149061 -0.0293827 0.0530112 0.116836 0.0511065 -0.0254431 -0.0366637 2.79947e-05 -0.0240974 0.0693886 -0.00512365
internal_weight=113756 61835 35356 537 349 34819 895 529 254 275 51921 39870 39178 38902 12051 279 276 3098 11772 7571 2866 232 115 250 2737 1900 837 621 216 500
internal_count=113756 61835 35356 537 349 34819 895 529 254 275 51921 39870 39178 38902 12051 279 276 3098 11772 7571 2866 232 115 250 2737 1900 837 621 216 500
is_linear=0
shrinkage=0.05


Tree=108
num_leaves=31
num_cat=0
split_feature=0 1 1 0 0 1 0 1 0 1 1 1 0 1 1 1 1 1 1 1 1 1 1 1 1 1 1 1 1 1
split_gain=125.412 450.438 1088.45 1105.81 1069.62 836.087 697.001 932.072 510.968 1065.8 1241.04 502.905 714.552 490.149 2485.4 1892.96 2030.33 1868.76 1017.82 772.61 2436.52 1695.97 859.472 823.203 795.751 2544.36 1959.89 722.092 653.038 1384.02
threshold=4.2121755439463309 0.051099459043624305 0.039778206153560709 4.2130078604632875 4.2122251150174828 0.055625457294516741 4.2133169568797095 0.034309320840942674 4.2127176275912257 0.035526590940496004 0.038659770375086507 0.037513468545582969 4.2124895846408581 0.1300622843575869 0.11971259412532488 0.11374937157749035 0.11793081682843709 0.10561795215628932 0.13382900492990504 0.099292957765020493 0.091029350426950636 0.093442828743540748 0.097121003908435088 0.10448580712207102 0.08336917217557635 0.077563300320049114 0.075689531124609646 0.080077080556547914 0.069757814832467555 0.06212084033012464
decision_type=2 2 2 2 2 2 2 2 2 2 2 2 2 2 2 2 2 2 2 2 2 2 2 2 2 2 2 2 2 2
left_child=-1 2 4 -4 -2 -3 8 -8 9 -6 11 12 -11 14 15 17 -17 19 -15 20 24 -22 -23 -21 25 26 28 -27 29 -7
right_child=1 5 3 -5 6 13 7 -9 -10 10 -12 -13 -14 18 -16 16 -18 -19 -20 23 21 22 -24 -25 -26 27 -28 -29 -30 -31
leaf_value=0.00057161025639804902 -0.39494387447834017 -0.043016424955586233 0.00066126393717958745 0.098882923259423883 -0.27777188643813133 -0.013480220042345413 -0.015903952592886943 -0.21357949356456382 0.087293326908891855 -0.082919915946754255 -0.18597714026769005 0.31615544712101973 0.25911438831916223 -0.1382351067465018 0.12855828301182814 -0.22196121096308463 0.0028181102472107588 0.13101017787784389 -0.01197133563266841 -0.089508951108940457 0.38575226369573445 -0.016152086912416944 0.19646952902228479 0.045304518784886526 -0.047575263963800601 0.28022336761156719 -0.35046212833102158 0.09995037898784731 -0.033009895232665003 0.10207357738812568
leaf_weight=102507 20 1541 608 542 36 824 173 91 165 37 45 27 26 170 385 197 205 280 2611 444 61 102 89 152 825 84 41 164 926 378
leaf_count=102507 20 1541 608 542 36 824 173 91 165 37 45 27 26 170 385 197 205 280 2611 444 61 102 89 152 825 84 41 164 926 378
internal_value=2.16484e-05 -0.0049899 0.0181641 0.0469536 -0.0352358 -0.00931341 -0.0232456 -0.0840421 0.0245231 -0.0360446 0.028416 0.135613 0.0582371 -0.00277066 0.00635324 -0.00350614 -0.107335 0.00604516 -0.0196897 -0.0025099 0.00646543 0.156227 0.0829229 -0.055127 -0.0051755 0.00929691 -0.00804979 0.161011 -0.00145256 0.0228587
internal_weight=113756 11249 1770 1150 620 9479 600 264 336 171 135 90 63 7938 5157 4772 402 4370 2781 4090 3494 252 191 596 3242 2417 2169 248 2128 1202
internal_count=113756 11249 1770 1150 620 9479 600 264 336 171 135 90 63 7938 5157 4772 402 4370 2781 4090 3494 252 191 596 3242 2417 2169 248 2128 1202
is_linear=0
shrinkage=0.05


Tree=109
num_leaves=31
num_cat=0
split_feature=0 0 0 1 1 1 1 1 1 1 1 0 0 1 1 0 0 1 1 0 0 1 0 1 1 0 1 1 1 0
split_gain=125.892 253.183 285.82 362.591 364.191 1139.17 530.586 492.672 469.684 352.371 350.825 268.965 248.41 603.187 440.065 412.397 676.892 406.52 982.325 997.991 965.335 754.569 629.044 841.195 473.683 461.149 961.886 1120.04 453.872 644.883
threshold=4.2087814111788378 4.1881520144172528 4.2035116318896408 0.9899572276429659 0.94133524972883265 0.88866561193202009 0.8682140037659869 0.82659308966095224 0.97366692785173814 1.0000000180025095e-35 0.023304082315542939 3.2769015374171824 4.2121755439463309 0.8682140037659869 0.74424765479753441 4.2111121912057401 4.2094031629545396 0.051099459043624305 0.039778206153560709 4.2130078604632875 4.2122251150174828 0.055625457294516741 4.2133169568797095 0.034309320840942674 0.041832151660213569 4.2127176275912257 0.035526590940496004 0.038659770375086507 0.037513468545582969 4.2124895846408581
decision_type=2 2 2 2 2 2 2 2 2 2 2 2 2 2 2 2 2 2 2 2 2 2 2 2 2 2 2 2 2 2
left_child=1 11 3 4 5 6 7 9 -6 -3 -4 -1 13 14 -2 16 -16 18 20 -20 -14 -19 25 -24 -21 26 -22 28 29 -28
right_child=12 2 10 -5 8 -7 -8 -9 -10 -11 -12 -13 17 -15 15 -17 -18 21 19 24 22 -23 23 -25 -26 -27 27 -29 -30 -31
leaf_value=-0.006814103341546196 0.0037911925429660017 0.034266267824864048 -0.086981239032745364 0.12357718065763131 -0.12261830668014605 0.10620784408878535 -0.1462594077283261 0.11030275677481005 0.00074676883414508859 -0.05532755413259477 -0.0030622031239787256 0.0050126316117470983 -0.37519668310880666 0.23160586454744997 -0.0034857545244066342 0.11650361035551345 -0.24824410871203459 -0.040865603960823275 0.000628202985114369 0.26180604123152218 -0.26388329077098105 -0.0026321244841748994 -0.015108755131849665 -0.20290049668196797 0.080923224435323043 0.08292864873553768 -0.078773918667355114 -0.17667828533384536 0.30034767720434402 0.24615864845422597
leaf_weight=6312 40509 138 125 39 207 160 102 62 123 536 33864 20167 20 29 57 21 56 1541 608 39 36 7938 173 91 503 165 37 45 27 26
leaf_count=6312 40509 138 125 39 207 160 102 62 123 536 33864 20167 20 29 57 21 56 1541 608 39 36 7938 173 91 503 165 37 45 27 26
internal_value=2.05659e-05 -0.00150361 -0.0042724 -0.026689 -0.031102 -0.0160453 -0.0393872 -0.0245762 -0.0766368 -0.0369834 -0.00337083 0.0021934 0.00183578 0.00365461 0.00349196 -0.0869685 -0.124782 -0.00474041 0.0172558 0.0446059 -0.033474 -0.00884774 -0.0220833 -0.07984 0.0939388 0.023297 -0.0342424 0.0269952 0.128832 0.0553252
internal_weight=113756 61835 35356 1367 1328 998 838 736 330 674 33989 26479 51921 40672 40643 134 113 11249 1770 1150 620 9479 600 264 542 336 171 135 90 63
internal_count=113756 61835 35356 1367 1328 998 838 736 330 674 33989 26479 51921 40672 40643 134 113 11249 1770 1150 620 9479 600 264 542 336 171 135 90 63
is_linear=0
shrinkage=0.05


Tree=110
num_leaves=31
num_cat=0
split_feature=1 1 0 1 0 0 1 1 0 0 0 0 1 1 1 0 0 0 1 0 1 1 1 0 0 1 1 1 1 0
split_gain=340.579 1384.21 2711.47 828.323 912.531 670.333 487.431 683.899 873.645 675.026 2422.62 1782.2 2622.49 674.913 540.77 814.725 1045.42 747.248 457.133 1548.65 3088.48 1308.24 1614.86 2471.55 1290.77 2386.53 1212.15 1814.2 1632.67 1448.18
threshold=0.060082260023257943 0.068674339919785943 4.2098853606104658 0.067099554831308708 4.2112886141682795 4.2125412868472791 0.073903788104018348 0.070954679831247813 4.2131591191432927 4.2099997046384123 4.2105001002925544 4.2096154240925623 0.072205154621690457 0.072205154621690457 0.072205154621690457 4.2110433703874595 4.2123279581038835 4.2106484328702471 0.085819128203325809 4.2107734898061189 0.078315923637913148 0.092454145968363488 0.099292957765020493 4.2106174894882651 4.2127176275912257 0.08336917217557635 0.10561795215628932 0.11521755792358598 0.11971259412532488 4.2101381887050549
decision_type=2 2 2 2 2 2 2 2 2 2 2 2 2 2 2 2 2 2 2 2 2 2 2 2 2 2 2 2 2 2
left_child=-1 2 -2 -4 -5 -6 7 8 -3 11 13 -9 -13 -11 15 -12 -17 -16 19 -8 -21 -20 23 -23 -22 -26 -24 29 -29 -28
right_child=1 6 3 4 5 -7 18 9 -10 10 14 12 -14 -15 17 16 -18 -19 21 20 24 22 26 -25 25 -27 27 28 -30 -31
leaf_value=-0.0035384362121259026 0.00096104738133605911 0.026026239576669413 0.072632749828486151 0.28308644167014529 -1.6889011158662685e-05 0.19855641578926761 -0.0027029590066310698 0.015232485674064737 -0.16180850058349211 0.32679466884963371 0.11725498679521923 0.022663787007331848 -0.74548932665586476 0.078503429877661901 -0.31267741115196895 -0.25164201881993437 -0.06671393159444311 -0.023190125084298185 -0.031261209518290874 -0.0051721364404178818 0.18422583811646609 0.0051036967033423371 -0.039833281481794852 0.14628808779507568 0.13933721912948235 -0.24459834320254492 0.0027677839376053183 -0.067296366083286596 0.0010215813689301322 0.076424434465099389
leaf_weight=43313 2073 814 801 112 85 85 3410 58 67 49 37 20 25 62 23 116 224 724 3139 851 466 859 1795 485 146 56 1252 890 50269 1429
leaf_count=43313 2073 814 801 112 85 85 3410 58 67 49 37 20 25 62 23 116 224 724 3139 851 466 859 1795 485 146 56 1252 890 50269 1429
internal_value=-4.96293e-05 0.00209616 0.034459 0.0985784 0.172275 0.0992698 0.000577752 -0.0224666 0.0117414 -0.0449907 -0.0347344 -0.167966 -0.404088 0.188109 -0.0567413 -0.10556 -0.129807 -0.0321034 0.00136388 0.0160025 0.0579944 0.000163678 0.00189489 0.0560519 0.138466 0.0328996 0.000586594 0.00193417 -0.000166928 0.0420275
internal_weight=113735 70422 3156 1083 282 170 67266 2219 881 1338 1235 103 45 111 1124 377 340 747 65047 4929 1519 60118 56979 1344 668 202 55635 53840 51159 2681
internal_count=113735 70422 3156 1083 282 170 67266 2219 881 1338 1235 103 45 111 1124 377 340 747 65047 4929 1519 60118 56979 1344 668 202 55635 53840 51159 2681
is_linear=0
shrinkage=0.05


Tree=111
num_leaves=31
num_cat=0
split_feature=1 1 0 1 0 0 1 1 0 0 0 0 0 0 1 1 1 1 0 0 0 1 0 1 1 0 1 1 1 0
split_gain=307.373 1249.25 2447.1 747.562 823.559 604.976 439.907 617.219 791.416 668.951 713.715 609.211 2192.01 1608.43 2366.79 630.368 502.324 431.195 950.739 943.496 426.02 412.563 1416.88 1180.69 1457.41 2230.57 1093.97 1637.31 1473.48 1318.61
threshold=0.060082260023257943 0.068674339919785943 4.2098853606104658 0.067099554831308708 4.2112886141682795 4.2125412868472791 0.073903788104018348 0.070954679831247813 4.212598639045841 4.2111466556857016 4.2119832905866774 4.2099997046384123 4.2103868452367754 4.2096154240925623 0.072205154621690457 0.072205154621690457 0.069757814832467555 0.072205154621690457 4.2110433703874595 4.2123279581038835 4.2115481711037113 0.085819128203325809 4.204831364457017 0.092454145968363488 0.099292957765020493 4.2106174894882651 0.10561795215628932 0.11521755792358598 0.11971259412532488 4.2103275741755049
decision_type=2 2 2 2 2 2 2 2 2 2 2 2 2 2 2 2 2 2 2 2 2 2 2 2 2 2 2 2 2 2
left_child=-1 2 -2 -4 -5 -6 7 8 9 -3 -11 13 15 -9 -15 -13 -12 18 -14 -20 -19 22 -8 -23 25 -25 -26 29 -29 -28
right_child=1 6 3 4 5 -7 21 11 -10 10 16 12 17 14 -16 -17 -18 20 19 -21 -22 23 -24 24 26 -27 27 28 -30 -31
leaf_value=-0.0033615147880317383 0.00091299585561374511 0.0074671315093492651 0.069001113003661643 0.26893211411578316 -1.6048235051772174e-05 0.18862859112374925 -0.12410825710235672 0.014470856058700333 -0.09561323002494615 0.22184628083425412 0.17686124002491987 0.36428133123799378 0.1143982132896781 0.021530596613883974 -0.70821486681699763 0.089089163621563633 -0.097096019780093981 -0.094279614547895838 -0.23905991385209152 -0.063378237309266949 -0.0077309602834219407 -0.029698148103613781 0.020360957321169663 0.0048485114433769053 -0.037841617285914744 0.13897368595464943 0.0062333004948415182 -0.063931544090757214 0.0009705022608575769 0.076420182452002355
leaf_weight=43313 2073 580 801 112 85 85 176 58 145 85 27 38 48 20 25 46 44 189 116 224 574 3139 4753 859 1795 485 1394 890 50269 1287
leaf_count=43313 2073 580 801 112 85 85 176 58 145 85 27 38 48 20 25 46 44 189 116 224 574 3139 4753 859 1795 485 1394 890 50269 1287
internal_value=-4.71478e-05 0.00199135 0.0327361 0.0936495 0.163661 0.0943063 0.000548865 -0.0213432 0.0111543 0.0321887 0.124102 -0.0427411 -0.0329977 -0.159567 -0.383884 0.213581 0.00708491 -0.050993 -0.0939087 -0.123317 -0.0291696 0.00129569 0.0152024 0.000155495 0.00180015 0.0532493 0.000557264 0.00183746 -0.000158582 0.0399261
internal_weight=113735 70422 3156 1083 282 170 67266 2219 881 736 156 1338 1235 103 45 84 71 1151 388 340 763 65047 4929 60118 56979 1344 55635 53840 51159 2681
internal_count=113735 70422 3156 1083 282 170 67266 2219 881 736 156 1338 1235 103 45 84 71 1151 388 340 763 65047 4929 60118 56979 1344 55635 53840 51159 2681
is_linear=0
shrinkage=0.05


Tree=112
num_leaves=31
num_cat=0
split_feature=1 1 0 0 1 0 0 1 0 0 0 0 0 0 0 1 1 1 1 0 0 0 0 1 0 1 0 0 1 1
split_gain=279.29 618.52 1296.65 1646 568.311 1664.73 891.59 426.405 394.895 1078.57 367.949 303.991 289.034 333.437 284.973 267.846 1113.99 1038.44 829.265 1048.03 738.232 693.558 2391.59 1429.86 435.402 683.291 1522.1 1835.43 1353.4 620.537
threshold=0.049987693604997809 0.048138544056856865 4.2131591191432927 4.2112150699723587 0.04882569966417271 4.2127827764752741 4.2124895846408581 0.044956339808664474 4.2108051094122301 4.2055386281573091 4.2107416079796964 4.2051216697778928 4.2123827812707644 4.2118347381042174 3.8240175911680279 0.070954679831247813 0.064067982905915782 0.073158175466684919 0.068674339919785943 4.2056270700419569 4.2131591191432927 4.2099997046384123 4.2105001002925544 0.072205154621690457 4.2127176275912257 0.054964433161141774 4.2102471159256956 4.2099997046384123 0.053720187273594504 0.051099459043624305
decision_type=2 2 2 2 2 2 2 2 2 2 2 2 2 2 2 2 2 2 2 2 2 2 2 2 2 2 2 2 2 2
left_child=1 7 3 10 6 12 -5 8 9 -1 -3 -9 13 -6 -2 16 24 21 19 -18 -20 23 -23 -17 25 26 27 -16 -29 -28
right_child=14 2 -4 4 5 -7 -8 11 -10 -11 -12 -13 -14 -15 15 17 18 -19 20 -21 -22 22 -24 -25 -26 -27 29 28 -30 -31
leaf_value=-0.0024338121821374133 0.085135051496692149 -0.043154792634033698 0.099010693377121956 -0.13916371024790264 -0.33331378972530368 0.2127091427212176 -0.58977850264181264 -0.028991909911729632 0.01132523860636736 -0.033338422888791693 0.15654302098167439 0.03505921805893604 -0.42248334926755532 -0.069520672896633981 0.014443234430864836 -0.018024084903299809 -0.057106467095188435 0.00099403452283422034 0.023727811378236926 0.10065130189565633 -0.14893740872616199 0.220056157606312 -0.068748398728846777 -0.54899389289674305 -0.018527018976151395 -0.00078198275429297191 -0.0047486411250499362 -0.32603940694696376 0.073681424458821615 0.10270332276002102
leaf_weight=26006 102 593 133 21 25 23 23 221 3811 3167 24 1145 23 23 975 32 122 65377 814 768 67 79 774 21 2056 6337 166 72 30 705
leaf_count=26006 102 593 133 21 25 23 23 221 3811 3167 24 1145 23 23 975 32 122 65377 814 768 67 79 774 21 2056 6337 166 72 30 705
internal_value=-4.47904e-05 -0.00374283 -0.0449429 -0.0703016 -0.226406 -0.156985 -0.374712 -0.00267774 -0.00381142 -0.00578879 -0.035387 0.0246966 -0.276746 -0.206913 0.00161529 0.00150662 0.00834356 0.000257299 0.0449852 0.0790261 0.0105966 -0.0529056 -0.042001 -0.228408 0.00206831 0.00717923 0.0330777 -0.00666875 -0.208474 0.0822245
internal_weight=113735 35238 888 755 138 94 44 34350 32984 29173 617 1366 71 48 78497 78395 12112 66283 1771 890 881 906 853 53 10341 8285 1948 1077 102 871
internal_count=113735 35238 888 755 138 94 44 34350 32984 29173 617 1366 71 48 78497 78395 12112 66283 1771 890 881 906 853 53 10341 8285 1948 1077 102 871
is_linear=0
shrinkage=0.05


Tree=113
num_leaves=31
num_cat=0
split_feature=1 1 0 1 0 0 1 1 0 0 0 0 0 1 1 1 0 1 0 1 1 1 0 1 1 1 0 1 0 1
split_gain=256.419 1052.43 2081.58 629.131 745.778 503.845 363.907 508.015 668.088 607.025 510.158 1828.42 1426.46 2061.22 542.282 372.71 1379.64 2787.35 1164.92 2153.84 1065.04 1315.72 2013.09 986.889 1478.33 1329.45 1194.31 1734.7 1048.31 1919.64
threshold=0.060082260023257943 0.068674339919785943 4.2098853606104658 0.067099554831308708 4.2112514892550612 4.2125412868472791 0.073903788104018348 0.070954679831247813 4.212598639045841 4.2101662756017779 4.2099997046384123 4.2103868452367754 4.2096154240925623 0.072205154621690457 0.072205154621690457 0.085819128203325809 4.2107734898061189 0.078315923637913148 4.2127176275912257 0.08336917217557635 0.092454145968363488 0.099292957765020493 4.2106174894882651 0.10561795215628932 0.11521755792358598 0.11971259412532488 4.210111579666008 0.10818485666414468 4.2119832905866774 0.11374937157749035
decision_type=2 2 2 2 2 2 2 2 2 2 2 2 2 2 2 2 2 2 2 2 2 2 2 2 2 2 2 2 2 2
left_child=-1 2 -2 -4 -5 -6 7 8 9 -3 12 14 -9 -14 -12 16 -8 -18 -19 -20 -17 22 -22 -23 26 -26 -25 -28 -29 -30
right_child=1 6 3 4 5 -7 15 10 -10 -11 11 -13 13 -15 -16 20 17 18 19 -21 21 23 -24 24 25 -27 27 28 29 -31
leaf_value=-0.0030697665692442219 0.00068807769211856465 -0.0088055462250161889 0.063606727959474238 0.25443219091290631 0.004415800703896417 0.17416459462221934 -0.0032627361187304417 0.018161501054619923 -0.088029794849712281 0.083371677448759327 0.33506444880836894 -0.046347974842255668 0.021355270743370056 -0.65965411875396973 0.079822778685585322 -0.028262942776917061 -0.0059812786123254608 0.17394680207667179 0.13130260854959488 -0.23343617454437271 0.0045563840329521299 -0.035999238094896038 0.13197529772507777 0.0016612814250610208 -0.060784672097946524 0.00086373915735448413 0.017660777653794323 0.16984161957248076 0.114246941197087 -0.25029967777107076
leaf_weight=43313 2073 431 801 107 90 85 3410 58 145 305 38 1151 20 25 46 3139 851 466 146 56 859 1795 485 1231 890 50269 776 460 168 46
leaf_count=43313 2073 431 801 107 90 85 3410 58 145 305 38 1151 20 25 46 3139 851 466 146 56 859 1795 485 1231 890 50269 776 460 168 46
internal_value=-4.25508e-05 0.00181934 0.0300383 0.0862185 0.150446 0.0868652 0.000495351 -0.0194161 0.0100668 0.0293929 -0.0388289 -0.0299127 -0.145737 -0.356983 0.195289 0.0011746 0.0143926 0.0540269 0.130474 0.0301869 9.08802e-05 0.00165291 0.0505372 0.000471986 0.00168792 -0.000208742 0.0378801 0.0686287 0.12731 0.0358865
internal_weight=113735 70422 3156 1083 282 175 67266 2219 881 736 1338 1235 103 45 84 65047 4929 1519 668 202 60118 56979 1344 55635 53840 51159 2681 1450 674 214
internal_count=113735 70422 3156 1083 282 175 67266 2219 881 736 1338 1235 103 45 84 65047 4929 1519 668 202 60118 56979 1344 55635 53840 51159 2681 1450 674 214
is_linear=0
shrinkage=0.05


Tree=114
num_leaves=31
num_cat=0
split_feature=1 1 0 1 0 0 0 0 1 0 1 0 1 1 0 0 0 0 1 1 0 1 0 1 1 0 0 1 0 1
split_gain=231.418 949.818 1878.62 567.791 675.875 495.499 357.583 1299.06 2550.64 383.179 597.899 417.294 328.426 458.483 623.829 460.418 1660.31 1287.38 1860.25 468.165 452.92 336.37 1261.73 961.195 1187.44 1816.81 959.815 2515.59 1051.34 1943.84
threshold=0.060082260023257943 0.068674339919785943 4.2098853606104658 0.067099554831308708 4.2112886141682795 4.2125412868472791 4.2102196418742031 4.2106484328702471 0.064067982905915782 4.2127176275912257 0.064067982905915782 4.2112150699723587 0.073903788104018348 0.070954679831247813 4.2131591191432927 4.2099997046384123 4.2105001002925544 4.2096154240925623 0.072205154621690457 0.072205154621690457 4.2122251150174828 0.085819128203325809 4.204831364457017 0.092454145968363488 0.099292957765020493 4.2106174894882651 4.2107734898061189 0.078315923637913148 4.2127176275912257 0.08336917217557635
decision_type=2 2 2 2 2 2 2 2 2 2 2 2 2 2 2 2 2 2 2 2 2 2 2 2 2 2 2 2 2 2
left_child=-1 2 -2 6 -5 -6 -4 8 -8 10 -9 -12 13 14 -3 17 19 -15 -19 -17 -18 22 -14 -23 25 -25 -24 -28 -29 -30
right_child=1 12 3 4 5 -7 7 9 -10 -11 11 -13 21 15 -16 16 20 18 -20 -21 -22 23 26 24 -26 -27 27 28 29 -31
leaf_value=-0.0029162782012248437 0.00065367493924028454 0.021634364603155955 0.13397356015867998 0.23828940221241546 -0.0052686040541704967 0.16545637358637419 0.048841433790398812 0.040135286905699313 -0.45602581699689226 0.015470198401633432 0.05242236580765039 0.21307002614727982 -0.11778941310264848 0.017253429468335777 -0.13708905633260957 0.27157080806031519 -0.081398460838976533 0.020287508368492128 -0.62667139931023119 0.064777128554640281 -0.017656851131058804 -0.026849795851238457 0.0031420221418342756 0.0043285660846096525 0.00044838683447631709 0.12537653466629001 -0.0056822155721564412 0.16524945923522949 0.12473748253837025 -0.22176437210291625
leaf_weight=43313 2073 814 137 112 85 85 82 180 36 170 57 139 176 58 67 49 511 20 25 62 613 3139 3234 859 55635 485 851 466 146 56
leaf_count=43313 2073 814 137 112 85 85 82 180 36 170 57 139 176 58 67 49 511 20 25 62 613 3139 3234 859 55635 485 851 466 146 56
internal_value=-4.04234e-05 0.00172837 0.0285364 0.0819076 0.142923 0.0800939 0.0604264 0.0452518 -0.105186 0.0777639 0.105929 0.166351 0.000470583 -0.0184453 0.00956346 -0.0368875 -0.0284171 -0.13845 -0.339134 0.156064 -0.0466355 0.00111587 0.0136729 8.6336e-05 0.00157026 0.0480103 0.0185409 0.0513256 0.123951 0.0286776
internal_weight=113735 70422 3156 1083 282 170 801 664 118 546 376 196 67266 2219 881 1338 1235 103 45 111 1124 65047 4929 60118 56979 1344 4753 1519 668 202
internal_count=113735 70422 3156 1083 282 170 801 664 118 546 376 196 67266 2219 881 1338 1235 103 45 111 1124 65047 4929 60118 56979 1344 4753 1519 668 202
is_linear=0
shrinkage=0.05


Tree=115
num_leaves=31
num_cat=0
split_feature=0 0 1 1 1 0 0 0 1 0 0 1 0 1 1 1 0 0 0 1 0 0 1 0 1 0 1 1 1 1
split_gain=155.526 986.464 358.841 367.202 340.613 936.833 1199.22 483.437 453.956 428.862 592.961 426.013 430.666 476.107 417.978 391.743 564.115 538.689 981.179 312.552 228.372 227.268 467.372 215.72 440.7 797.633 545.528 544.908 649.158 559.14
threshold=3.4656563857364762 3.3976557356948374 -0.00035974781911036661 -0.67005597180591814 -0.6616821142420839 2.955481300684514 3.1486491245954151 2.7880469424112762 -0.66287125926451729 3.1798972002998278 3.2339217085615384 -0.66476311403078769 3.3150374316227009 -0.66325312116481017 -0.00035974781911036661 -0.66926218500895385 2.5172558643058736 3.3329922903862736 3.2769015374171824 -0.0011725711818398666 3.2090593733856294 2.6743727390994265 -0.66377067496524145 4.2080529843511281 0.67611158993753573 4.2096908238533937 0.8471138667079785 0.44135527888097464 0.35835823550598178 0.45112986590810861
decision_type=2 2 2 2 2 2 2 2 2 2 2 2 2 2 2 2 2 2 2 2 2 2 2 2 2 2 2 2 2 2
left_child=1 4 3 -3 8 7 -7 -6 11 -8 19 15 21 -14 -12 -1 -17 18 20 -11 -18 22 -13 -2 27 -26 -27 28 -25 -29
right_child=23 2 -4 -5 5 6 9 -9 -10 10 14 12 13 -15 -16 16 17 -19 -20 -21 -22 -23 -24 24 25 26 -28 29 -30 -31
leaf_value=-0.0082161607988531244 -0.0037283836019858076 -0.01719701044699725 -0.11774705366084451 0.044831074168189627 -0.0068139833672081727 0.21027956791222097 -0.13837783183806981 -0.2715365675517491 -0.02589495078465992 0.098494275570070997 0.032549271919847883 0.22648191221934907 0.067134432271972341 -0.008477576899209192 -0.12404241975472899 -0.30590329927702747 -0.03116280877719755 -0.21961131817416144 0.27780730790272357 0.34501820411067458 -0.19274927532231367 -0.00014993739904432902 0.012424030140334484 0.00035375037184226505 0.065605560400032709 -0.1093218649289649 0.025436491368931127 -0.081728920447018238 0.024604986705026612 -0.011737879784228198
leaf_weight=2494 46417 272 38 1943 34 101 39 35 1977 36 327 34 614 315 49 24 115 38 25 20 27 2991 102 47407 655 131 176 307 2930 4046
leaf_count=2494 46417 272 38 1943 34 101 39 35 1977 36 327 34 614 315 49 24 115 38 25 20 27 2991 102 47407 655 131 176 307 2930 4046
internal_value=-0.00058676 0.00488641 0.0346004 0.0372141 -0.00223774 0.032945 0.0539391 -0.141094 -0.00481337 0.0204139 0.0347493 0.00133478 0.0116049 0.0414963 0.0121424 -0.0139628 -0.0765488 -0.0496976 -0.0110346 0.186539 -0.061887 0.00272439 0.0659385 -0.00121146 0.000887801 0.0344359 -0.0320663 0.000297689 0.00176536 -0.0166741
internal_weight=113719 11650 2253 2215 9397 641 572 69 8756 471 432 6779 4056 929 376 2723 229 205 167 56 142 3127 136 102069 55652 962 307 54690 50337 4353
internal_count=113719 11650 2253 2215 9397 641 572 69 8756 471 432 6779 4056 929 376 2723 229 205 167 56 142 3127 136 102069 55652 962 307 54690 50337 4353
is_linear=0
shrinkage=0.05


Tree=116
num_leaves=31
num_cat=0
split_feature=0 0 1 1 1 0 0 0 1 0 0 1 0 1 1 1 0 0 0 1 1 0 0 1 0 1 1 1 0 1
split_gain=140.362 890.283 323.854 331.4 307.403 845.491 1082.3 436.302 409.695 387.048 535.147 384.477 388.676 429.687 377.225 353.548 509.113 486.167 885.514 282.078 217.534 496.754 206.106 205.247 198.238 368.171 1830.36 3003.77 1159.85 1012.44
threshold=3.4656563857364762 3.3976557356948374 -0.00035974781911036661 -0.67005597180591814 -0.6616821142420839 2.955481300684514 3.1486491245954151 2.7880469424112762 -0.66287125926451729 3.1798972002998278 3.2339217085615384 -0.66476311403078769 3.3150374316227009 -0.66325312116481017 -0.00035974781911036661 -0.66926218500895385 2.5172558643058736 3.3329922903862736 3.2769015374171824 -0.0011725711818398666 -0.66425039543226838 2.8775961260131271 3.2090593733856294 -0.66401739011758709 4.2089088136697255 0.13941214932258508 0.1300622843575869 0.12603380585538851 4.2098241418237548 0.14591470792853242
decision_type=2 2 2 2 2 2 2 2 2 2 2 2 2 2 2 2 2 2 2 2 2 2 2 2 2 2 2 2 2 2
left_child=1 4 3 -3 8 7 -7 -6 11 -8 19 15 20 23 -12 -1 -17 18 22 -11 21 -13 -18 -14 -2 26 27 -26 -28 -27
right_child=24 2 -4 -5 5 6 9 -9 -10 10 14 12 13 -15 -16 16 17 -19 -20 -21 -22 -23 -24 -25 25 29 28 -29 -30 -31
leaf_value=-0.0078053537804003044 -0.0033597856098186427 -0.016337158366599502 -0.11185969741720903 0.0425895184882314 -0.0064732834148932914 0.19976559005456396 -0.13145894408226014 -0.25795973471232825 -0.024600202645402219 0.093569561699405321 0.03092180767127908 0.24518254825047087 0.11648261068572462 -0.0080536972373605725 -0.11784029700318162 -0.29060812828441462 -0.029604669812580815 -0.20863076652351178 0.26391694551706313 0.32776729159057139 -0.0014081571892169877 0.022387510715646947 -0.18311181929376391 0.047921576439237751 -0.0012865033024924632 0.066196207310976973 -0.43213869690895079 0.14999113083222365 -0.049046018450818046 0.0041278132231754158
leaf_weight=2494 50910 272 38 1943 34 101 39 35 1977 36 327 28 142 315 49 24 115 38 25 20 2864 235 27 472 28216 679 20 332 1630 20282
leaf_count=2494 50910 272 38 1943 34 101 39 35 1977 36 327 28 142 315 49 24 115 38 25 20 2864 235 27 472 28216 679 20 332 1630 20282
internal_value=-0.000557422 0.00464209 0.0328704 0.0353534 -0.00212586 0.0312977 0.0512422 -0.134039 -0.0045727 0.0193932 0.0330118 0.00126804 0.0110246 0.0394215 0.0115353 -0.0132647 -0.0727214 -0.0472127 -0.0104828 0.177212 0.00258817 0.0461071 -0.0587926 0.0637777 -0.00115089 0.00104726 -0.00248661 0.000472785 -0.0536896 0.00613843
internal_weight=113719 11650 2253 2215 9397 641 572 69 8756 471 432 6779 4056 929 376 2723 229 205 167 56 3127 263 142 614 102069 51159 30198 28548 1650 20961
internal_count=113719 11650 2253 2215 9397 641 572 69 8756 471 432 6779 4056 929 376 2723 229 205 167 56 3127 263 142 614 102069 51159 30198 28548 1650 20961
is_linear=0
shrinkage=0.05


Tree=117
num_leaves=31
num_cat=0
split_feature=1 0 0 1 1 0 1 0 0 1 0 1 0 0 1 1 0 1 0 1 1 0 1 1 1 1 0 0 0 0
split_gain=132.668 309.278 412.504 561.957 414.077 291.131 277.369 320.308 310.674 275.349 270.338 1185.1 702.135 676.237 351.58 349.632 273.194 837.427 622.138 434.1 372.525 255.653 252.443 941.169 883.466 710.784 677.858 687.479 378.739 1367.78
threshold=-0.66274421679704876 3.2769015374171824 3.4656563857364762 -0.66292656314367393 -0.66926218500895385 3.5079858025000532 0.037513468545582969 4.2051609688693388 3.7276973426772373 -0.67076768662632824 3.7587056847616118 1.0000000180025095e-35 4.1959841330863972 3.7107793083163441 -0.66258612056614341 0.023304082315542939 4.2044682993536604 0.031197422311893905 4.2046397453202937 0.026335236696960137 0.026335236696960137 3.367097349452131 0.070954679831247813 0.067099554831308708 0.068674339919785943 0.074573776278504686 4.2125412868472791 4.2101662756017779 4.2099997046384123 4.2096154240925623
decision_type=2 2 2 2 2 2 2 2 2 2 2 2 2 2 2 2 2 2 2 2 2 2 2 2 2 2 2 2 2 2
left_child=1 -1 4 -4 9 -5 7 10 -8 -3 13 12 -12 -2 -15 -13 19 20 -19 -17 -18 -6 23 -10 -25 28 27 -26 29 -24
right_child=6 2 3 5 21 -7 8 -9 22 -11 11 15 -14 14 -16 16 17 18 -20 -21 -22 -23 25 24 26 -27 -28 -29 -30 -31
leaf_value=-0.0065517051031205214 -0.0062571796317978977 0.032103384084671553 -0.0030968706305228304 -0.039033167620739308 0.012774607608577772 0.06194270939182709 0.1795913472150763 -0.025889086433089622 0.001685917398937473 -0.024491383240110104 0.069088782652527186 -0.12173546212060112 0.298545299993979 0.078974088886752725 -0.10854495638429862 0.071355479293399388 -0.03190335785901105 0.088461412122454564 0.0026832590393826997 -0.048021028539297558 -0.19627962767456969 0.043721262135017147 -0.0046101865156755583 0.10276323031827506 -0.0041696214181486911 -0.00098403148225741934 -0.078643022406726118 0.093597960651697482 -0.024419848627982257 -0.26941421172405416
leaf_weight=4979 6155 318 6319 83 1097 510 24 2182 19744 663 337 63 37 28 233 90 81 301 710 495 60 1704 143 443 434 64387 155 307 1563 74
leaf_count=4979 6155 318 6319 83 1097 510 24 2182 19744 663 337 63 37 28 233 90 81 301 710 495 60 1704 143 443 434 64387 155 307 1563 74
internal_value=-0.000529551 0.0037419 0.00853448 0.00127053 0.0218101 0.0478095 -0.00121236 -0.00878205 -0.000278051 -0.00614568 -0.00443658 0.0108015 0.091789 -0.00959985 -0.088428 -0.00602594 -0.00182923 0.0123013 0.0282216 -0.0296554 -0.101851 0.0316011 -0.000327528 0.00443704 0.0450033 -0.00184568 0.0164456 0.036336 -0.0330136 -0.094912
internal_weight=113719 15673 10694 6912 3782 593 98046 10772 87274 981 8590 2174 374 6416 261 1800 1737 1152 1011 585 141 2801 87250 21083 1339 66167 896 741 1780 217
internal_count=113719 15673 10694 6912 3782 593 98046 10772 87274 981 8590 2174 374 6416 261 1800 1737 1152 1011 585 141 2801 87250 21083 1339 66167 896 741 1780 217
is_linear=0
shrinkage=0.05


Tree=118
num_leaves=31
num_cat=0
split_feature=1 0 0 1 1 0 1 0 0 1 0 1 0 0 1 1 0 1 0 1 1 0 0 0 1 1 1 1 0 0
split_gain=119.733 279.124 372.285 507.167 373.704 262.746 250.325 289.078 280.384 248.503 243.98 1069.55 633.677 611.406 358.211 315.543 246.557 755.778 561.48 391.775 336.204 246.098 319.672 230.727 227.83 849.405 797.328 641.483 611.767 637.172
threshold=-0.66274421679704876 3.2769015374171824 3.4656563857364762 -0.66292656314367393 -0.66926218500895385 3.5079858025000532 0.037513468545582969 4.2051609688693388 3.7276973426772373 -0.67076768662632824 3.7587056847616118 1.0000000180025095e-35 4.1959841330863972 3.7022896494328408 -0.66258612056614341 0.023304082315542939 4.2044682993536604 0.031197422311893905 4.2046397453202937 0.026335236696960137 0.026335236696960137 4.2039867446699422 4.2043531102966334 3.367097349452131 0.070954679831247813 0.067099554831308708 0.068674339919785943 0.074573776278504686 4.2125412868472791 4.2107110260850016
decision_type=2 2 2 2 2 2 2 2 2 2 2 2 2 2 2 2 2 2 2 2 2 2 2 2 2 2 2 2 2 2
left_child=1 -1 4 -4 9 -5 7 10 -8 -3 13 12 -12 -2 -15 -13 19 20 -19 -17 -18 -21 -23 -6 25 -10 -27 -26 29 -28
right_child=6 2 3 5 23 -7 8 -9 24 -11 11 15 -14 14 -16 16 17 18 -20 21 -22 22 -24 -25 27 26 28 -29 -30 -31
leaf_value=-0.0062241195923932909 -0.0041760049995983144 0.030498216383206017 -0.0029420264106054315 -0.037081513347395935 0.012135877650029069 0.058845573722330097 0.17061178121172516 -0.02459463293708547 0.0016016218485055368 -0.023266812711307951 0.065634343483504637 -0.11564869729299394 0.28361803776509054 0.1002959501984365 -0.066825744971884399 0.067787705593638947 -0.030308189509827416 0.084038342935252822 0.0025490964681539737 0.029679023482826319 -0.18646564871072768 -0.10456802635541503 -0.01574690842367325 0.041535198549027319 -0.031362879109788647 0.097625068856012201 0.0057487631484726886 -0.00093482991074753411 -0.074710869231531696 0.10923845289835653
leaf_weight=4979 5819 318 6319 83 1097 510 24 2182 19744 663 337 63 37 34 563 90 81 301 710 89 60 212 194 1704 1780 443 535 64387 155 206
leaf_count=4979 5819 318 6319 83 1097 510 24 2182 19744 663 337 63 37 34 563 90 81 301 710 89 60 212 194 1704 1780 443 535 64387 155 206
internal_value=-0.000503073 0.00355481 0.00810776 0.001207 0.0207196 0.045419 -0.00115174 -0.00834295 -0.000264148 -0.00583839 -0.00421475 0.0102614 0.0871996 -0.00911986 -0.0573079 -0.00572465 -0.00173776 0.0116862 0.0268105 -0.0281726 -0.0967582 -0.04562 -0.0621264 0.0300211 -0.000311151 0.00421519 0.0427531 -0.00175339 0.0156234 0.0345192
internal_weight=113719 15673 10694 6912 3782 593 98046 10772 87274 981 8590 2174 374 6416 597 1800 1737 1152 1011 585 141 495 406 2801 87250 21083 1339 66167 896 741
internal_count=113719 15673 10694 6912 3782 593 98046 10772 87274 981 8590 2174 374 6416 597 1800 1737 1152 1011 585 141 495 406 2801 87250 21083 1339 66167 896 741
is_linear=0
shrinkage=0.05


Tree=119
num_leaves=31
num_cat=0
split_feature=0 0 1 0 0 0 1 0 0 1 1 1 1 0 0 0 0 0 1 1 1 0 0 0 0 1 1 1 1 1
split_gain=109.858 695.883 283.822 763.056 976.773 393.762 360.875 349.311 482.97 340.446 321.315 357.623 326.452 459.247 504.088 726.659 309.819 315.974 281.038 271.851 254.576 224.515 197.696 186.118 180.051 341.453 2456.02 717.402 660.531 2710.83
threshold=3.4656563857364762 3.3976557356948374 -0.6616821142420839 2.955481300684514 3.1486491245954151 2.7880469424112762 -0.66287125926451729 3.1798972002998278 3.2339217085615384 -0.00035974781911036661 -0.66476311403078769 -0.66352079279499898 -0.66926218500895385 2.6743727390994265 3.3329922903862736 3.2769015374171824 3.3150374316227009 2.7880469424112762 -0.00035974781911036661 -0.67005597180591814 -0.0011725711818398666 3.2090593733856294 2.955481300684514 3.1486491245954151 4.2089088136697255 0.15518290890557315 0.16454200840478964 0.16911800098800575 0.1300622843575869 0.12603380585538851
decision_type=2 2 2 2 2 2 2 2 2 2 2 2 2 2 2 2 2 2 2 2 2 2 2 2 2 2 2 2 2 2
left_child=1 2 6 5 -5 -4 10 -6 20 -10 12 16 22 -14 15 21 17 -12 19 -3 -9 -15 -1 -13 -2 28 -27 -28 29 -26
right_child=24 18 3 4 7 -7 -8 8 9 -11 11 23 13 14 -16 -17 -18 -19 -20 -21 -22 -23 -24 -25 25 26 27 -29 -30 -31
leaf_value=0.012411999736591441 -0.0031080857070196945 -0.015424789200701259 -0.005627957512350644 0.19029896930690007 -0.12436433541469086 -0.24454008851732528 -0.02300909684972624 0.089412747613257848 0.029897376559718355 -0.11142662216205985 0.097981412465048726 -0.020578932322484554 -0.22789440131010977 -0.011003936292363866 -0.20055637743912247 0.24947556972503665 0.064333972928412794 0.0086270896587393158 -0.1057450598792026 0.037945696065965435 0.31190058147534727 -0.17331745657655928 -0.017101338492415703 0.0088328326975699121 -0.0011242455390045787 0.092956016040655953 -0.045404797781919762 0.0047340702083956141 -0.021863361375014281 0.14258751880815143
leaf_weight=873 50910 272 34 101 39 35 1977 36 327 49 107 917 38 101 38 25 418 1313 38 1943 20 27 1621 1301 28216 786 744 17365 3716 332
leaf_count=873 50910 272 34 101 39 35 1977 36 327 49 107 917 38 101 38 25 418 1313 38 1943 20 27 1621 1301 28216 786 744 17365 3716 332
internal_value=-0.00047792 0.00412203 -0.00186155 0.0302545 0.0492017 -0.126815 -0.00421267 0.0189452 0.0318829 0.0114802 0.00126904 0.0101883 -0.0120165 -0.0691494 -0.0375666 0.00291451 0.0264978 0.0153601 0.0290788 0.0313918 0.168873 -0.0452419 -0.00677049 -0.00332704 -0.00100295 0.00109194 0.00642971 0.00267414 -0.00203406 0.000547056
internal_weight=113719 11650 9397 641 572 69 8756 471 432 376 6779 4056 2723 229 191 153 1838 1420 2253 2215 56 128 2494 2218 102069 51159 18895 18109 32264 28548
internal_count=113719 11650 9397 641 572 69 8756 471 432 376 6779 4056 2723 229 191 153 1838 1420 2253 2215 56 128 2494 2218 102069 51159 18895 18109 32264 28548
is_linear=0
shrinkage=0.05


Tree=120
num_leaves=31
num_cat=0
split_feature=0 1 1 1 1 1 1 1 0 1 1 1 0 1 0 1 1 0 1 1 1 1 0 1 0 1 0 0 1 0
split_gain=207.889 514.398 3511.59 1413.13 2923.11 887.758 928.732 878.597 851.336 594.69 587.956 2940.95 912.88 1890.45 734.097 596.324 1952.99 987.777 2010.99 806.761 1142.14 783.082 661.882 3376.75 558.632 553.266 768.805 552.047 2489.71 944.34
threshold=4.2104702482203038 0.1300622843575869 0.12092273166393423 0.11521755792358598 0.10726064900172545 0.13941214932258508 0.14591470792853242 0.15190889732296017 4.2129296307821322 0.12603380585538851 0.10072043667280038 0.092454145968363488 4.2126569965574676 0.099292957765020493 4.2127176275912257 0.085819128203325809 0.078315923637913148 4.2129296307821322 0.08336917217557635 0.070954679831247813 0.06212084033012464 0.054190096393135871 4.2127176275912257 0.091029350426950636 4.2121265642130519 0.10561795215628932 4.21166595333648 4.212433616505538 0.11793081682843709 4.2108729930055508
decision_type=2 2 2 2 2 2 2 2 2 2 2 2 2 2 2 2 2 2 2 2 2 2 2 2 2 2 2 2 2 2
left_child=-1 2 3 4 10 -3 24 -8 -6 -4 11 15 -13 -14 25 16 19 -18 -19 20 21 -2 -17 -24 -7 -12 -27 29 -29 -5
right_child=1 5 9 27 8 6 7 -9 -10 -11 14 12 13 -15 -16 22 17 18 -20 -21 -22 -23 23 -25 -26 26 -28 28 -30 -31
leaf_value=-0.0010699674228149133 0.010548470403746811 -0.042511402530489927 0.077237651653744008 0.032126037075893205 0.12751932499028981 0.038231727521591853 -0.065793403221287156 0.00091478985428371262 -0.033217711668265495 0.16452055260272963 -0.076660793878390157 0.14414858779787743 0.097056690733749562 -0.29566753292695069 0.031946435216718021 -0.041490711359523341 0.11563712919736446 0.094993928711391187 -0.29969348831379666 -0.027097664096223786 0.055121778764066535 -0.019832408613458277 -0.0045549190998569414 0.60508037209510812 0.17091733457453484 -0.055939078978670079 0.083331061187405256 -0.18942449692840457 0.079117726135629951 -0.11866994667861414
leaf_weight=82136 6602 1374 644 134 620 278 522 9071 95 280 665 487 143 39 387 1439 566 103 47 2189 1074 3125 424 24 111 263 159 128 265 461
leaf_count=82136 6602 1374 644 134 620 278 522 9071 95 280 665 487 143 39 387 1439 566 103 47 2189 1074 3125 424 24 111 263 159 128 265 461
internal_value=0.000257742 0.00369583 0.00845085 0.00392396 0.00704351 -0.00483062 0.000356056 -0.00271511 0.106163 0.103687 0.00304768 0.00578847 0.108443 0.0129015 -0.0271903 0.00138419 0.00501227 0.0854042 -0.0286748 0.000581118 0.00619068 0.000787984 -0.0249679 0.0281041 0.0760932 -0.0482445 -0.00346526 -0.0543341 -0.00834641 -0.0847092
internal_weight=113855 31719 20363 19439 18451 11356 9982 9593 715 924 17736 16262 669 182 1474 15593 13706 716 150 12990 10801 9727 1887 448 389 1087 422 988 393 595
internal_count=113855 31719 20363 19439 18451 11356 9982 9593 715 924 17736 16262 669 182 1474 15593 13706 716 150 12990 10801 9727 1887 448 389 1087 422 988 393 595
is_linear=0
shrinkage=0.05


Tree=121
num_leaves=31
num_cat=0
split_feature=0 1 1 1 1 1 0 0 1 1 1 0 1 0 1 1 0 1 1 1 1 0 1 0 1 0 1 1 1 1
split_gain=187.62 464.245 3169.21 1275.35 2638.11 842.594 770.402 732.838 536.707 530.63 2654.21 823.874 1706.13 662.523 538.182 1762.57 891.469 1814.92 728.102 1030.78 706.732 597.349 3047.52 540.915 516.45 505.005 1914.59 915.098 866.992 761.768
threshold=4.2104702482203038 0.1300622843575869 0.12092273166393423 0.11521755792358598 0.10726064900172545 0.13382900492990504 4.2128584026263836 4.2114345719319877 0.12603380585538851 0.10072043667280038 0.092454145968363488 4.2126569965574676 0.099292957765020493 4.2127176275912257 0.085819128203325809 0.078315923637913148 4.2129296307821322 0.08336917217557635 0.070954679831247813 0.06212084033012464 0.054190096393135871 4.2127176275912257 0.091029350426950636 4.2105001002925544 0.099292957765020493 4.2111802113758516 0.093442828743540748 0.093442828743540748 0.097121003908435088 0.097121003908435088
decision_type=2 2 2 2 2 2 2 2 2 2 2 2 2 2 2 2 2 2 2 2 2 2 2 2 2 2 2 2 2 2
left_child=-1 2 3 4 9 7 -6 -3 -4 10 14 24 -13 -11 15 18 -17 -18 19 20 -2 -16 -23 -22 25 26 -12 -27 -28 -29
right_child=1 5 8 -5 6 -7 -8 -9 -10 13 11 12 -14 -15 21 16 17 -19 -20 -21 23 22 -24 -25 -26 27 28 29 -30 -31
leaf_value=-0.0010164691528582843 0.010021046453452663 0.029583470423061115 0.073375765439874924 -0.051617398626747947 0.12226724480012047 -0.002174680200914934 -0.024945213373463889 -0.12912043953730054 0.15629452267395599 -0.045832269451216379 -0.17765032893321553 0.092203857736675054 -0.28088416044528669 0.030349114375039746 -0.039416175119998231 0.10985527172974269 0.090244239915921856 -0.28470881746170368 -0.025742780803560246 0.05236569037608927 0.17385277824683323 -0.0043271722496083043 0.57482636769612627 -0.021086489213446646 0.24222268151476031 0.38074228882789618 0.27568513824515145 0.017499050072261265 0.012815980044278233 0.23432991104583217
leaf_weight=82136 6602 104 644 988 611 11010 104 242 280 1087 61 143 39 387 1439 566 103 47 2189 1074 36 424 24 3089 94 40 73 91 55 73
leaf_count=82136 6602 104 644 988 611 11010 104 242 280 1087 61 143 39 387 1439 566 103 47 2189 1074 36 424 24 3089 94 40 73 91 55 73
internal_value=0.000244855 0.00351104 0.0080283 0.00372776 0.00669134 -0.00458909 0.100855 -0.0814175 0.0985027 0.00289529 0.00549904 0.103021 0.0122564 -0.0258308 0.00131498 0.00476165 0.081134 -0.0272411 0.000552062 0.00588114 0.000748585 -0.0237195 0.0266989 -0.0188408 0.136941 0.111759 0.0528742 0.166315 0.162734 0.114015
internal_weight=113855 31719 20363 19439 18451 11356 715 346 924 17736 16262 669 182 1474 15593 13706 716 150 12990 10801 9727 1887 448 3125 487 393 189 204 128 164
internal_count=113855 31719 20363 19439 18451 11356 715 346 924 17736 16262 669 182 1474 15593 13706 716 150 12990 10801 9727 1887 448 3125 487 393 189 204 128 164
is_linear=0
shrinkage=0.05


Tree=122
num_leaves=31
num_cat=0
split_feature=0 1 1 1 1 1 1 1 1 1 1 1 1 0 1 1 1 0 0 1 0 1 0 1 1 1 0 1 0 1
split_gain=169.327 418.981 2860.21 1151.01 2380.89 762.423 838.18 798.516 698.132 839.766 725.538 1605.45 1061.07 697.068 553.301 747.322 707.561 504.165 501.671 1428.09 707.528 486.533 514.076 484.378 478.894 2395.42 743.546 1539.78 597.927 499.322
threshold=4.2104702482203038 0.1300622843575869 0.12092273166393423 0.11521755792358598 0.10726064900172545 0.13941214932258508 0.14591470792853242 0.15334665499628061 0.18180554087128556 0.18400588574646118 0.19560049498397875 0.20063688194608473 0.20817236634261524 4.2129296307821322 0.17107705235235798 0.17663744513061333 0.16454200840478964 4.2121265642130519 4.2128584026263836 0.11793081682843709 4.2108410464115407 0.15518290890557315 4.210939725719931 0.12603380585538851 0.10072043667280038 0.092454145968363488 4.2126569965574676 0.099292957765020493 4.2127176275912257 0.10561795215628932
decision_type=2 2 2 2 2 2 2 2 2 2 2 2 2 2 2 2 2 2 2 2 2 2 2 2 2 2 2 2 2 2
left_child=-1 2 3 4 24 -3 17 -8 14 -10 -11 -12 -13 -6 16 -16 21 -7 20 -20 -5 -9 -23 -4 25 -2 -27 -28 29 -26
right_child=1 5 23 18 13 6 7 8 9 10 11 12 -14 -15 15 -17 -18 -19 19 -21 -22 22 -24 -25 28 26 27 -29 -30 -31
leaf_value=-0.00096564576818023221 0.001249229466563551 -0.039279350755347164 0.069706979345223685 0.038146845591068269 0.11513684829576842 0.036428870648654889 -0.053035894174056533 -0.0029607636828767772 -0.088602450978139347 0.049084382099530761 -0.093141818660455691 0.091443584156839189 -0.0045572962215185064 -0.030309563216410186 0.14522231301362409 0.020920554736106517 -0.021510268923241732 0.16248020332742918 -0.14415470903065611 0.10055804500710562 -0.09250308003374752 0.1980164584422181 0.055925822905739969 0.14847979693806598 -0.070536141949390674 0.13009410320457981 0.087593661967691014 -0.26683995127677917 0.028831657270951445 -0.0010003826779564975
leaf_weight=82136 15593 1374 644 125 620 278 722 221 290 637 497 304 5411 95 214 278 688 111 94 163 606 86 245 280 665 487 143 39 387 422
leaf_count=82136 15593 1374 644 125 620 278 722 221 290 637 497 304 5411 95 214 278 688 111 94 163 606 86 245 280 665 487 143 39 387 422
internal_value=0.000232612 0.00333549 0.00762689 0.00354137 0.00635677 -0.00435963 0.000446987 -0.00247062 0.00164482 -0.00526406 -0.00173535 -0.00694658 0.000549312 0.0958118 0.030122 0.0749868 0.0123208 0.0723972 -0.0490365 0.0110522 -0.0701621 0.0544872 0.0928436 0.0935775 0.00275053 0.00522409 0.0978699 0.0116436 -0.0245392 -0.0435407
internal_weight=113855 31719 20363 19439 18451 11356 9982 9593 8871 7139 6849 6212 5715 715 1732 492 1240 389 988 257 731 552 331 924 17736 16262 669 182 1474 1087
internal_count=113855 31719 20363 19439 18451 11356 9982 9593 8871 7139 6849 6212 5715 715 1732 492 1240 389 988 257 731 552 331 924 17736 16262 669 182 1474 1087
is_linear=0
shrinkage=0.05


Tree=123
num_leaves=31
num_cat=0
split_feature=0 1 1 1 1 1 0 0 0 1 0 1 1 1 0 1 0 1 1 1 0 1 1 1 1 0 1 0 0 1
split_gain=152.818 378.13 2581.34 1038.78 2148.76 724.494 661.386 630.804 470.948 2111.08 781.302 437.151 432.201 2161.87 671.051 1389.65 540.598 732.281 485.709 1590.72 804.551 1637.97 657.112 930.28 637.825 539.107 2750.39 488.176 480.063 1620.66
threshold=4.2104702482203038 0.1300622843575869 0.12092273166393423 0.11521755792358598 0.10726064900172545 0.13382900492990504 4.2114345719319877 4.2128584026263836 4.212433616505538 0.11793081682843709 4.2108729930055508 0.12603380585538851 0.10072043667280038 0.092454145968363488 4.2126569965574676 0.099292957765020493 4.212598639045841 0.10561795215628932 0.085819128203325809 0.078315923637913148 4.2129296307821322 0.08336917217557635 0.070954679831247813 0.06212084033012464 0.054190096393135871 4.2127176275912257 0.091029350426950636 4.2105001002925544 4.2107416079796964 0.087252154951501473
decision_type=2 2 2 2 2 2 2 2 2 2 2 2 2 2 2 2 2 2 2 2 2 2 2 2 2 2 2 2 2 2
left_child=-1 2 3 4 12 6 -3 -6 10 -10 -5 -4 13 18 -15 -16 -14 -18 19 22 -21 -22 23 24 -2 28 -27 -26 29 -20
right_child=1 5 11 8 7 -7 -8 -9 9 -11 -12 -13 16 14 15 -17 17 -19 25 20 21 -23 -24 -25 27 26 -28 -29 -30 -31
leaf_value=-0.00091736337952622428 0.0094575338652179725 0.030068255172899142 0.066221630702848019 0.031632009126357184 0.11039704125581856 -0.0019028339302584953 -0.120700450321036 -0.022811807229971656 -0.17085066488361919 0.07643032065821144 -0.10553042857812762 0.14105580551366856 -0.0430969031880378 0.12358939492237397 0.083213977984615148 -0.25349795102882083 -0.00052551813902462666 0.19925435010630352 0.39323382151347624 0.10430004786528885 0.085669562943930772 -0.27053583904783779 -0.024518103410020583 0.049684945377738009 0.16509767677634957 -0.004173274120351054 0.54602259000142417 -0.020094626832799459 -0.04980941115857878 -0.020222753835553976
leaf_weight=82136 6602 104 644 134 611 11010 242 104 128 265 461 280 1033 487 143 39 389 52 27 566 103 47 2189 1074 36 424 24 3089 1218 194
leaf_count=82136 6602 104 644 134 611 11010 242 104 128 265 461 280 1033 487 143 39 389 52 27 566 103 47 2189 1074 36 424 24 3089 1218 194
internal_value=0.000220981 0.00316871 0.00724554 0.0033643 0.00603893 -0.00414165 -0.0753827 0.0910212 -0.0465847 -0.00410903 -0.0746401 0.0888987 0.002613 0.00496289 0.0929764 0.0110614 -0.0233123 0.0230313 0.00118677 0.00446111 0.0770148 -0.0259415 0.000461998 0.00552463 0.000648695 -0.022596 0.0253015 -0.0179612 -0.0375078 0.03029
internal_weight=113855 31719 20363 19439 18451 11356 346 715 988 393 595 924 17736 16262 669 182 1474 441 15593 13706 716 150 12990 10801 9727 1887 448 3125 1439 221
internal_count=113855 31719 20363 19439 18451 11356 346 715 988 393 595 924 17736 16262 669 182 1474 441 15593 13706 716 150 12990 10801 9727 1887 448 3125 1439 221
is_linear=0
shrinkage=0.05


Tree=124
num_leaves=31
num_cat=0
split_feature=0 0 1 1 1 1 1 1 1 1 1 0 1 0 1 1 1 1 1 1 1 1 0 0 1 1 1 1 0 0
split_gain=139.907 158.171 341.262 2329.66 937.501 1941.34 654.764 756.458 727.436 642.78 1951.09 605.623 1254.16 561.511 475.723 757.889 654.798 1448.92 957.619 615.233 674.458 466.096 488.679 469.319 1111.74 801.875 897.562 549.055 455.009 449.082
threshold=2.7880469424112762 4.2104702482203038 0.1300622843575869 0.12092273166393423 0.11521755792358598 0.10646245618626936 0.13941214932258508 0.14591470792853242 0.15190889732296017 0.10072043667280038 0.092454145968363488 4.2126569965574676 0.099292957765020493 4.2127176275912257 0.18180554087128556 0.18400588574646118 0.19560049498397875 0.20063688194608473 0.20817236634261524 0.17107705235235798 0.17663744513061333 0.099292957765020493 4.2115891265843155 4.2115481711037113 0.093442828743540748 0.093442828743540748 0.097121003908435088 0.097121003908435088 4.2121265642130519 4.2112150699723587
decision_type=2 2 2 2 2 2 2 2 2 2 2 2 2 2 2 2 2 2 2 2 2 2 2 2 2 2 2 2 2 2
left_child=-1 -2 3 4 5 9 -4 28 -9 10 -3 21 -13 -11 19 -16 -17 -18 29 -10 -21 23 -23 24 -12 -25 -27 -26 -8 -19
right_child=1 2 6 -5 -6 -7 7 8 14 13 11 12 -14 -15 15 16 17 18 -20 20 -22 22 -24 25 27 26 -28 -29 -30 -31
leaf_value=0.016240449442310075 -0.0011563730211234496 0.0011274289859816032 -0.036295058437503788 0.084453720091897555 -0.044255466826084763 0.076778961233061049 0.034702575443942341 -0.059648059813798164 0.0065691618956285926 -0.053692062226993131 -0.11071350598657453 0.079053279786155783 -0.24082305160088416 0.018962384269587577 -0.084077188542176939 0.046725308481644801 -0.088389586301621664 0.015706295461859556 -0.0042342905653253368 0.13805634359454858 0.019969674548228011 0.33143073697673514 0.10342398950275272 0.41055806212955059 0.19970117487858252 -0.012233752812912215 0.26461122709398088 0.020224423471250034 0.15445133042228115 0.13879218777556987
leaf_weight=1345 80791 15593 1374 924 988 914 278 522 1440 897 74 143 39 378 290 637 497 128 5411 214 278 47 47 27 97 67 52 76 111 176
leaf_count=1345 80791 15593 1374 924 988 914 278 522 1440 897 74 143 39 378 290 637 497 128 5411 214 278 47 47 27 97 67 52 76 111 176
internal_value=0.000209933 1.82958e-05 0.00301028 0.00688327 0.00319609 0.00573699 -0.00393457 0.00051978 -0.00225195 0.00203439 0.00471474 0.0883276 0.0105084 -0.0321522 0.00105097 -0.00490572 -0.00155344 -0.00650411 0.000616988 0.0230617 0.0713326 0.11741 0.217427 0.0934872 0.0514788 0.164556 0.108741 0.120856 0.0688725 0.0869665
internal_weight=113855 112510 31719 20363 19439 18451 11356 9982 9593 17537 16262 669 182 1275 9071 7139 6849 6212 5715 1932 492 487 94 393 247 146 119 173 389 304
internal_count=113855 112510 31719 20363 19439 18451 11356 9982 9593 17537 16262 669 182 1275 9071 7139 6849 6212 5715 1932 492 487 94 393 247 146 119 173 389 304
is_linear=0
shrinkage=0.05


Tree=125
num_leaves=31
num_cat=0
split_feature=1 1 1 1 0 0 1 1 1 0 0 1 0 0 1 1 0 0 1 1 1 0 0 0 1 1 1 0 1 0
split_gain=202.083 1661.28 615.363 1941.07 1013.23 2195.21 826.892 593.735 1331.91 1284.34 1569.4 3414.48 685.024 1158.74 976.782 1783.37 648.215 659.682 651.124 593.655 1184.14 1392.23 544.368 1350.32 536.953 800.307 530.5 498.821 427.801 791.832
threshold=0.15518290890557315 0.16035449363368157 0.14591470792853242 0.14214410725072932 4.2116258040956565 4.2094907304715852 0.1503227300650993 0.11521755792358598 0.10818485666414468 4.2099435690630207 4.2121755439463309 0.11374937157749035 4.2104436574005799 4.2067386580003294 0.12092273166393423 0.1300622843575869 4.2126569965574676 4.2106484328702471 0.11793081682843709 0.13705372802052079 0.1300622843575869 4.2098853606104658 4.2112514892550612 4.210939725719931 0.13382900492990504 0.13819718639271167 0.13382900492990504 4.210939725719931 0.15190889732296017 4.2113970735839166
decision_type=2 2 2 2 2 2 2 2 2 2 2 2 2 2 2 2 2 2 2 2 2 2 2 2 2 2 2 2 2 2
left_child=2 -2 3 7 5 -5 22 8 -1 -10 -11 -12 13 24 16 -16 17 -14 -18 20 -15 -22 23 -4 -9 -26 -23 -7 29 -8
right_child=1 -3 6 4 -6 27 28 12 9 10 11 -13 14 19 15 -17 18 -19 -20 -21 21 26 -24 -25 25 -27 -28 -29 -30 -31
leaf_value=-0.00014470790835368222 0.070683558369640673 0.0022824889492077884 -0.10743708321661281 0.034521081271599884 -0.046941577185961335 0.24061716763923566 0.0766941152168093 -0.027036444571352816 -0.0025919518123579321 0.13917051597326247 0.07636136276726152 -0.47500531719199252 0.070736534772692511 -0.067180339066335595 0.071796478569466887 -0.015819857636695061 -0.085176939008022673 -0.08744551260364096 0.063823215971284042 -0.011007118555186671 -0.56528059098124506 -0.35723781666407983 -0.040094962548617843 -0.54163981758058077 0.076819498116351873 -0.051010988362622071 -0.089966164529323586 0.46560508666499967 -0.030403800385889329 -0.065845420055476764
leaf_weight=61399 907 41671 171 201 88 120 297 986 610 533 142 35 74 780 915 1590 109 603 224 316 25 24 243 20 370 183 82 31 876 145
leaf_count=61399 907 41671 171 201 88 120 297 986 610 533 142 35 74 780 915 1590 109 603 224 316 25 24 243 20 370 183 82 31 876 145
internal_value=0.00101471 0.00373957 -0.00061495 0.000123434 0.104808 0.142746 -0.0298806 -0.000544122 0.000923644 0.0506174 0.0963324 -0.0326659 -0.0152005 -0.0338147 -0.000552723 0.0161837 -0.0420624 -0.0701553 0.0150514 -0.0700586 -0.0905418 -0.229641 -0.089741 -0.152903 -0.0049186 0.0345175 -0.150481 0.286807 -0.0101693 0.0299334
internal_weight=113770 42578 71192 69440 440 352 1752 69000 62719 1320 710 177 6281 2766 3515 2505 1010 677 333 1227 911 131 434 191 1539 553 106 151 1318 442
internal_count=113770 42578 71192 69440 440 352 1752 69000 62719 1320 710 177 6281 2766 3515 2505 1010 677 333 1227 911 131 434 191 1539 553 106 151 1318 442
is_linear=0
shrinkage=0.05


Tree=126
num_leaves=31
num_cat=0
split_feature=1 1 1 1 0 0 1 1 1 0 0 1 1 0 1 0 0 1 1 1 0 0 0 1 0 0 0 1 0 0
split_gain=182.38 1499.3 555.365 1751.82 914.444 1981.17 746.27 535.846 1202.05 1159.12 1416.38 3081.57 619.612 1037.01 1560.07 628.138 604.229 587.639 513.774 757.666 491.292 1218.67 450.186 421.348 418.597 1283 436.607 386.09 714.628 495.923
threshold=0.15518290890557315 0.16035449363368157 0.14591470792853242 0.14214410725072932 4.2116258040956565 4.2094907304715852 0.1503227300650993 0.11521755792358598 0.10818485666414468 4.2099435690630207 4.2121755439463309 0.11374937157749035 0.12092273166393423 4.210586601949605 0.1300622843575869 4.2064821181253196 4.2126569965574676 0.11793081682843709 0.13382900492990504 0.13819718639271167 4.2112514892550612 4.210939725719931 4.210939725719931 0.11006202520343815 4.2067386580003294 4.2098241418237548 4.2055806660131987 0.15190889732296017 4.2113970735839166 4.209794181981672
decision_type=2 2 2 2 2 2 2 2 2 2 2 2 2 2 2 2 2 2 2 2 2 2 2 2 2 2 2 2 2 2
left_child=2 -2 3 7 5 -5 20 8 -1 -10 -11 23 16 15 -15 18 -9 -18 -14 -20 21 24 -7 -12 26 -26 -4 28 29 -8
right_child=1 -3 6 4 -6 22 27 12 9 10 11 -13 13 14 -16 -17 17 -19 19 -21 -22 -23 -24 -25 25 -27 -28 -29 -30 -31
leaf_value=-0.00013747239773534669 0.067149382725649617 0.0021683645996967119 -0.17019811176827976 0.032795026002275705 -0.044594498774544765 0.22858630624910195 0.022226949788771735 -0.063169944717681586 -0.0024623542049991304 0.13221198893929736 -0.097471346526310371 -0.45125506196703236 -0.029484903961254805 0.072370946875520384 -0.012793225882988838 -0.053119581414527876 -0.080918095400343323 0.060632058971324503 0.077027021100654403 -0.048460436592519779 -0.038090214830796415 -0.5145578084141017 0.4423248407340819 0.11617537640628561 -0.47352873277664181 -0.068635109646452794 0.11818241442952837 -0.028883610996332649 -0.0625531492382288 0.15530518914729488
leaf_weight=61399 907 41671 21 201 88 120 184 1031 610 533 29 35 789 843 1485 1266 109 224 351 183 243 20 31 113 25 90 35 876 145 113
leaf_count=61399 907 41671 21 201 88 120 184 1031 610 533 29 35 789 843 1485 1266 109 224 351 183 243 20 31 113 25 90 35 876 145 113
internal_value=0.000963979 0.0035526 -0.000584202 0.000117263 0.099568 0.135609 -0.0283866 -0.000516916 0.000877461 0.0480865 0.0915158 -0.0310326 -0.0144405 -0.00616921 0.0180459 -0.0279431 -0.0442571 0.0142988 -0.00385137 0.0340229 -0.085254 -0.145258 0.272466 0.0725433 -0.102065 -0.156655 0.0100397 -0.00966085 0.0284367 0.0728594
internal_weight=113770 42578 71192 69440 440 352 1752 69000 62719 1320 710 177 6281 4917 2328 2589 1364 333 1323 534 434 191 151 142 171 115 56 1318 442 297
internal_count=113770 42578 71192 69440 440 352 1752 69000 62719 1320 710 177 6281 4917 2328 2589 1364 333 1323 534 434 191 151 142 171 115 56 1318 442 297
is_linear=0
shrinkage=0.05


Tree=127
num_leaves=31
num_cat=0
split_feature=1 1 0 1 0 1 1 0 0 1 0 1 0 0 1 1 0 1 0 1 1 0 0 0 0 1 1 1 0 0
split_gain=174.23 809.6 1406.54 737.538 410.245 394.971 394.763 860.613 914.054 655.706 1807.88 578.884 1297.44 875.098 581.704 1301.91 1158.32 503.828 811.31 501.217 1581.02 841.8 996.753 1075.62 1126.84 673.508 483.601 1084.85 1046.1 1278.28
threshold=0.20351948771976511 0.20817236634261524 4.2100832585189698 0.19560049498397875 4.21166595333648 0.20063688194608473 0.1867254703448655 4.2093540619516814 4.2118841380027527 0.18180554087128556 4.2128584026263836 0.17107705235235798 4.2127176275912257 4.2093042635543387 0.16454200840478964 0.15518290890557315 4.2094499233704212 0.18400588574646118 4.2107110260850016 0.14591470792853242 0.14214410725072932 4.2130078604632875 4.2094907304715852 4.2116258040956565 4.2125412868472791 0.1503227300650993 0.11521755792358598 0.10818485666414468 4.2099435690630207 4.2121755439463309
decision_type=2 2 2 2 2 2 2 2 2 2 2 2 2 2 2 2 2 2 2 2 2 2 2 2 2 2 2 2 2 2
left_child=3 2 -2 6 -3 -5 9 -8 -9 11 17 14 13 -13 15 19 -17 -11 -19 20 26 22 -22 -24 -25 -21 27 -1 -29 -30
right_child=1 4 -4 5 -6 -7 7 8 -10 10 -12 12 -14 -15 -16 16 -18 18 -20 25 21 -23 23 24 -26 -27 -28 28 29 -31
leaf_value=-0.0001305986830191204 0.0040998331431286233 0.0041541757776453392 0.1900693457269069 -0.056313805763015284 -0.02195908401205781 0.0015872617218757987 -0.026673554908484221 0.11402734301675477 -0.032123749310503137 -0.094609818601897933 0.33882793347040813 -0.021078456611521232 0.30293739558479121 0.060766687334736405 -0.032782907233136857 0.0047518869673446968 0.097579469792342069 -0.083044918167799325 0.053540354707966677 -0.080991292664188946 0.031155276769281027 -0.19334196125467618 0.25884308071424628 -0.13236629702367408 0.31446941849731269 -0.0091778109976470654 -0.013718461202713472 -0.0023392360933796796 0.12560139187519032 -0.029481020296192442
leaf_weight=61399 282 33386 159 895 1575 439 358 386 148 427 30 595 43 724 1348 704 643 229 207 434 201 24 151 43 21 1318 6281 610 533 177
leaf_count=61399 282 33386 159 895 1575 439 358 386 148 427 30 595 43 724 1348 704 643 229 207 434 201 24 151 43 21 1318 6281 610 533 177
internal_value=0.00091578 0.00382699 0.0711501 -0.000399329 0.00297777 -0.0372594 0.000238978 0.0333084 0.073521 -0.000148429 -0.0427413 0.000357032 0.0326576 0.0238464 -0.000238383 0.000366395 0.0490638 -0.0560056 -0.0181982 -0.000554992 0.0001114 0.0945896 0.111201 0.186034 0.0142517 -0.0269672 -0.00049107 0.000833589 0.0456822 0.08694
internal_weight=113770 35402 441 78368 34961 1334 77034 892 534 76142 893 75249 1362 1319 73887 72539 1347 863 436 71192 69440 440 416 215 64 1752 69000 62719 1320 710
internal_count=113770 35402 441 78368 34961 1334 77034 892 534 76142 893 75249 1362 1319 73887 72539 1347 863 436 71192 69440 440 416 215 64 1752 69000 62719 1320 710
is_linear=0
shrinkage=0.05


Tree=128
num_leaves=31
num_cat=0
split_feature=1 1 0 1 0 1 1 1 0 1 1 1 0 1 0 1 1 0 1 0 1 1 1 1 0 1 0 1 1 1
split_gain=157.242 730.664 1269.4 665.628 373.07 596.61 751.691 612.346 602.781 536.618 525.768 655.74 1941.84 519.742 479.876 465.776 776.923 2907.73 560.605 806.567 417.761 669.066 444.194 408.853 1119.18 1959.93 1290.91 1038.72 984.81 838.856
threshold=0.20351948771976511 0.20817236634261524 4.2100832585189698 0.19560049498397875 4.2104702482203038 0.18400588574646118 0.18180554087128556 0.15518290890557315 4.2127176275912257 0.17107705235235798 0.14591470792853242 0.14214410725072932 4.2116258040956565 0.16454200840478964 4.2117077052705172 0.078315923637913148 0.080077080556547914 4.2102196418742031 0.08336917217557635 4.2101381887050549 0.16911800098800575 0.17368075333817284 0.17107705235235798 0.13568807367758204 4.2066285382127502 0.1300622843575869 4.2049040222917133 0.089503271777466475 0.16035449363368157 0.084677851579915114
decision_type=2 2 2 2 2 2 2 2 2 2 2 2 2 2 2 2 2 2 2 2 2 2 2 2 2 2 2 2 2 2
left_child=3 2 -2 4 15 6 7 10 13 -10 11 -6 -13 -9 -8 -1 17 -17 19 -18 -15 22 -22 24 26 27 -20 29 -25 -26
right_child=1 -3 -4 -5 5 -7 14 8 9 -11 -12 12 -14 20 -16 16 18 -19 23 -21 21 -23 -24 28 25 -27 -28 -29 -30 -31
leaf_value=0.00047544697117672739 0.0038948422444799375 0.0028288799258302522 0.18056587713694425 -0.035396435734207816 0.003701359538660496 0.053504738003541719 -0.13444342363461759 0.083396106666796629 -0.0073305248593290642 0.28779052166744717 -0.034148475485545435 0.32863845214247706 -0.040246533145281399 -0.023180981250185716 -0.0052027799302840055 -0.04838655412605649 0.024896799724059879 -0.6732778242230415 -0.059206715331772186 0.31715288546777542 0.042029280686259864 -0.011620680409580914 0.16063357303348871 0.021870503334747673 -0.19215055386225383 -0.26528341638806618 0.013262152680951192 -0.044641973343236149 -0.020965762646531105 0.087840710857860479
leaf_weight=39018 282 34961 159 1334 21949 623 159 336 24 43 921 60 88 475 131 269 99 20 762 31 201 335 130 2690 30 95 3175 2446 2677 247
leaf_count=39018 282 34961 159 1334 21949 623 159 336 24 43 921 60 88 475 131 269 99 20 762 31 201 335 130 2690 30 95 3175 2446 2677 247
internal_value=0.000869991 0.00363564 0.0675926 -0.000379363 0.000227029 0.00517719 0.00396569 0.00491057 0.0353928 0.182076 0.00286589 0.00440864 0.109301 0.028739 -0.0760623 -0.00221882 -0.0106013 -0.0916316 -0.00868996 0.0945886 0.0126436 0.0381942 0.088611 -0.00979755 -0.0179826 -0.0420383 -0.00076408 -0.0342498 0.00050425 0.0575167
internal_weight=113770 35402 441 78368 77034 25475 24852 24562 1544 67 23018 22097 148 1477 290 51559 12541 289 12252 130 1141 666 331 12122 6755 2818 3937 2723 5367 277
internal_count=113770 35402 441 78368 77034 25475 24852 24562 1544 67 23018 22097 148 1477 290 51559 12541 289 12252 130 1141 666 331 12122 6755 2818 3937 2723 5367 277
is_linear=0
shrinkage=0.05


Tree=129
num_leaves=31
num_cat=0
split_feature=1 1 1 0 0 0 1 1 1 1 1 1 1 0 0 1 0 0 1 0 1 0 0 1 1 0 1 1 0 0
split_gain=144.243 954.853 448.653 453.305 614.724 744.955 793.922 817.042 561.36 495.434 586.412 472.43 519.024 469.577 353.773 346.948 737.053 845.812 567.929 1615.19 508.762 1047 752.708 504.231 1106.81 994.369 438.985 1346.63 734.517 859.001
threshold=0.20063688194608473 0.19560049498397875 0.28594241921769475 4.2107416079796964 4.2093042635543387 4.2094031629545396 0.74424765479753441 0.82659308966095224 0.33493972129302357 0.52999857268208184 0.44135527888097464 0.29651250649177335 0.30238758275585748 4.2106174894882651 4.2100283525022411 0.1867254703448655 4.2093540619516814 4.2118841380027527 0.18180554087128556 4.2128584026263836 0.17107705235235798 4.2127176275912257 4.2093042635543387 0.16454200840478964 0.15518290890557315 4.2094499233704212 0.14591470792853242 0.14214410725072932 4.2130078604632875 4.2094907304715852
decision_type=2 2 2 2 2 2 2 2 2 2 2 2 2 2 2 2 2 2 2 2 2 2 2 2 2 2 2 2 2 2
left_child=1 15 -2 4 8 -6 9 -8 -4 10 11 -7 -13 -12 -11 18 -17 -18 20 -20 23 22 -22 24 26 -26 27 -1 29 -29
right_child=2 -3 3 -5 5 6 7 -9 -10 14 13 12 -14 -15 -16 16 17 -19 19 -21 21 -23 -24 -25 25 -27 -28 28 -30 -31
leaf_value=-0.00045414078295684504 0.013470842342400997 -0.051728292860756711 -0.031568214228763332 -0.021264797162924273 0.085026684023525423 -0.042344907810571639 -0.30934364756471233 0.058701026499271391 0.00088991943381161996 0.088744491994380947 -0.039179153113802212 0.11636272590196889 0.020976518890691374 0.14354003780596966 -0.017075447739996748 -0.024291587416759002 0.10739674825532547 -0.033192801635989269 -0.0523246332324247 0.32087468783060713 -0.01897624462733374 0.27340099052634348 0.056930060156052467 -0.030535205653889341 0.0041722272121908401 0.090179632792342035 -0.025239970617753255 0.028503985184045573 -0.18166253318389258 0.1722832779413046
leaf_weight=69000 8518 895 1431 2232 392 274 38 25 19273 350 708 152 2309 37 102 358 386 148 863 30 595 43 724 1348 704 643 1752 201 24 215
leaf_count=69000 8518 895 1431 2232 392 274 38 25 19273 350 708 152 2309 37 102 358 386 148 863 30 595 43 724 1348 704 643 1752 201 24 215
internal_value=0.000826492 -0.000380889 0.0034517 0.000328208 0.00224904 0.0192508 0.0127967 -0.163294 -0.00135349 0.0156181 0.00922171 0.019934 0.0268679 -0.0301045 0.0648648 0.000215678 0.0312177 0.0684319 -0.00014751 -0.0397871 0.000322904 0.0306041 0.0226888 -0.000235286 0.000327781 0.0452285 -0.00052177 0.000101881 0.0872961 0.102813
internal_weight=113770 77929 35841 27323 25091 4387 3995 63 20704 3932 3480 2735 2461 745 452 77034 892 534 76142 893 75249 1362 1319 73887 72539 1347 71192 69440 440 416
internal_count=113770 77929 35841 27323 25091 4387 3995 63 20704 3932 3480 2735 2461 745 452 77034 892 534 76142 893 75249 1362 1319 73887 72539 1347 71192 69440 440 416
is_linear=0
shrinkage=0.05


Tree=130
num_leaves=31
num_cat=0
split_feature=1 0 1 0 1 0 0 1 0 0 1 0 1 1 1 0 0 1 0 1 0 0 1 1 0 0 0 1 0 0
split_gain=680.413 255.475 406.26 210.77 197.107 486.313 492.397 251.605 231.391 218.634 204.307 638.492 999.616 657.549 517.993 533.361 303.812 408.976 424.647 326.809 300.173 292.188 644.484 605.632 283.033 276.365 265.844 494.068 285.297 296.353
threshold=0.99518812659106171 4.2143146377585605 0.037513468545582969 4.0016850225900411 0.99391701702360902 4.1763048044315134 4.1108919008022484 0.9899572276429659 4.1763048044315134 3.7587056847616118 0.78217850835714009 4.163209113926416 0.94133524972883265 0.90581773459918347 0.95832438602939451 4.1317818897369714 4.2051609688693388 0.92374597262104541 4.2047591896279792 0.88866561193202009 4.2045120608299937 4.1481006113486876 0.92374597262104541 0.92374597262104541 4.1763048044315134 4.2045120608299937 4.2085508141781736 0.8682140037659869 4.2090309300640696 4.2109709744446677
decision_type=2 2 2 2 2 2 2 2 2 2 2 2 2 2 2 2 2 2 2 2 2 2 2 2 2 2 2 2 2 2
left_child=1 4 -3 -2 7 6 -6 10 9 -9 -1 13 16 -12 21 -16 17 18 -13 -20 -14 23 -23 -15 -19 -26 -18 28 -28 -30
right_child=3 2 -4 -5 5 -7 -8 8 -10 -11 11 12 20 14 15 -17 26 24 19 -21 -22 22 -24 -25 25 -27 27 -29 29 -31
leaf_value=7.0180087428837169e-05 0.07561457982430092 -0.23338215738534929 -0.025840872906327968 -0.071222189309290571 0.034893553683461691 0.22585230427128927 -0.032911161098145049 0.10515224225819111 0.075424055670792203 -0.036918799955289343 0.24747468650341037 0.0082873523546862574 -0.067455918147903624 0.28725347518920902 0.037587321041798107 0.1596496270375049 -0.0013149542010995885 0.012657635833354705 0.14803575365189112 -0.0127865336338679 0.012405668387843951 -0.18714823126792909 0.018274143394082783 0.013249279300043408 0.20631580861744944 0.0053731059486215767 0.18772792546522052 0.26270499759250215 -0.095762166604399679 0.09557088299873559
leaf_weight=105683 26 25 415 407 924 28 377 28 53 824 40 758 574 22 245 141 2002 47 106 45 148 56 120 242 77 22 21 27 50 34
leaf_count=105683 26 25 415 407 924 28 377 28 53 824 40 758 574 22 245 141 2002 47 106 45 148 56 120 242 77 22 21 27 50 34
internal_value=0.000152778 0.000392208 -0.037633 -0.0624052 0.000540672 0.0196825 0.0152453 0.000312239 -0.025944 -0.0322498 0.000527357 0.0106416 0.00203991 0.0494884 0.0399007 0.0821748 0.0140676 0.0360167 0.0235404 0.100109 -0.0510854 0.00281477 -0.0470875 0.036083 0.113695 0.161662 0.00321653 0.0719441 0.0228913 -0.0183178
internal_weight=113567 113134 440 433 112694 1329 1301 111365 905 852 110460 4777 3911 866 826 386 3189 1055 909 151 722 440 176 264 146 99 2134 132 105 84
internal_count=113567 113134 440 433 112694 1329 1301 111365 905 852 110460 4777 3911 866 826 386 3189 1055 909 151 722 440 176 264 146 99 2134 132 105 84
is_linear=0
shrinkage=0.05


Tree=131
num_leaves=31
num_cat=0
split_feature=1 0 1 0 1 0 0 1 0 0 1 0 1 1 1 0 0 1 0 1 0 0 1 1 0 0 0 1 1 0
split_gain=614.072 230.566 366.65 190.22 177.889 438.898 444.389 227.073 208.831 197.317 184.387 576.24 902.154 593.438 467.489 481.358 274.19 369.101 383.244 294.945 270.907 263.7 581.647 546.582 255.438 249.419 239.924 445.897 270.853 258.738
threshold=0.99518812659106171 4.2143146377585605 0.037513468545582969 4.0016850225900411 0.99391701702360902 4.1763048044315134 4.1108919008022484 0.9899572276429659 4.1763048044315134 3.7587056847616118 0.78217850835714009 4.163209113926416 0.94133524972883265 0.90581773459918347 0.95832438602939451 4.1317818897369714 4.2051609688693388 0.92374597262104541 4.2047591896279792 0.88866561193202009 4.2045120608299937 4.1481006113486876 0.92374597262104541 0.92374597262104541 4.1763048044315134 4.2045120608299937 4.2085508141781736 0.8682140037659869 0.92374597262104541 4.2090870767876725
decision_type=2 2 2 2 2 2 2 2 2 2 2 2 2 2 2 2 2 2 2 2 2 2 2 2 2 2 2 2 2 2
left_child=1 4 -3 -2 7 6 -6 10 9 -9 -1 13 16 -12 21 -16 17 18 -13 -20 -14 23 -23 -15 -19 -26 28 29 -18 -28
right_child=3 2 -4 -5 5 -7 -8 8 -10 -11 11 12 20 14 15 -17 26 24 19 -21 -22 22 -24 -25 25 -27 27 -29 -30 -31
leaf_value=6.6671020566713221e-05 0.071833858810938331 -0.22171303057670594 -0.024548829976379513 -0.067661081391320335 0.033148880220860953 0.21455969900957178 -0.03126560503355072 0.099894628101693736 0.071652850452459088 -0.035072859171416289 0.23510095268487929 0.0078729836433624606 -0.064083120128860249 0.27289078235626224 0.035707955658435819 0.15166714633187506 0.0031852506455053707 0.012024747818074328 0.14063396427147795 -0.012147205505106186 0.01178538417695342 -0.1777908163411277 0.017360433886448545 0.012586821135410592 0.19600001614202153 0.0051044462079351607 0.16593925077468158 0.24956974812127927 -0.077521864749829889 -0.020976952238031379
leaf_weight=105683 26 25 415 407 924 28 377 28 53 824 40 758 574 22 245 141 1892 47 106 45 148 56 120 242 77 22 24 27 110 81
leaf_count=105683 26 25 415 407 924 28 377 28 53 824 40 758 574 22 245 141 1892 47 106 45 148 56 120 242 77 22 24 27 110 81
internal_value=0.000145139 0.000372597 -0.0357513 -0.0592849 0.000513639 0.0186983 0.014483 0.000296627 -0.0246468 -0.0306373 0.000500989 0.0101095 0.00193791 0.047014 0.0379057 0.0780661 0.0133643 0.0342159 0.0223634 0.0951032 -0.0485311 0.00267403 -0.0447331 0.0342788 0.10801 0.153579 0.00305571 0.0683469 -0.00124921 0.0217468
internal_weight=113567 113134 440 433 112694 1329 1301 111365 905 852 110460 4777 3911 866 826 386 3189 1055 909 151 722 440 176 264 146 99 2134 132 2002 105
internal_count=113567 113134 440 433 112694 1329 1301 111365 905 852 110460 4777 3911 866 826 386 3189 1055 909 151 722 440 176 264 146 99 2134 132 2002 105
is_linear=0
shrinkage=0.05


Tree=132
num_leaves=31
num_cat=0
split_feature=1 0 1 0 1 0 0 1 0 0 1 0 1 1 1 0 0 1 0 1 0 0 1 1 0 0 0 1 1 0
split_gain=554.2 208.086 330.902 171.674 160.545 396.105 401.061 204.934 188.47 180.352 166.41 520.056 814.194 535.578 421.909 434.426 247.457 333.114 345.878 266.188 244.493 237.989 524.936 493.291 230.532 225.101 216.531 402.422 244.445 234.317
threshold=0.99518812659106171 4.2143146377585605 0.037513468545582969 4.0016850225900411 0.99391701702360902 4.1763048044315134 4.1108919008022484 0.9899572276429659 4.1763048044315134 3.8240175911680279 0.78217850835714009 4.163209113926416 0.94133524972883265 0.90581773459918347 0.95832438602939451 4.1317818897369714 4.2051609688693388 0.92374597262104541 4.2047591896279792 0.88866561193202009 4.2045120608299937 4.1481006113486876 0.92374597262104541 0.92374597262104541 4.1763048044315134 4.2045120608299937 4.2085508141781736 0.8682140037659869 0.92374597262104541 4.2090309300640696
decision_type=2 2 2 2 2 2 2 2 2 2 2 2 2 2 2 2 2 2 2 2 2 2 2 2 2 2 2 2 2 2
left_child=1 4 -3 -2 7 6 -6 10 9 -9 -1 13 16 -12 21 -16 17 18 -13 -20 -14 23 -23 -15 -19 -26 28 29 -18 -28
right_child=3 2 -4 -5 5 -7 -8 8 -10 -11 11 12 20 14 15 -17 26 24 19 -21 -22 22 -24 -25 25 -27 27 -29 -30 -31
leaf_value=6.3337362352899686e-05 0.068242156276336091 -0.21062739515304565 -0.023321384760629699 -0.064278027426259238 0.031491433658584943 0.20383170326905595 -0.029702325287801201 0.049636905581287263 0.068070211837876524 -0.035826131039933796 0.22334591418504718 0.0074793323706147455 -0.060878965048888505 0.25924625396728518 0.033922552776579955 0.14408379514695061 0.0030259874550528222 0.011423511454399597 0.13360226176819712 -0.011539846691820357 0.011196116345456324 -0.16890127775924546 0.016492403478672108 0.011957478991224747 0.18620001379545634 0.0048492211509834635 0.17004456668205203 0.23709126239021622 -0.073645772673189641 -0.016686875503953726
leaf_weight=105683 26 25 415 407 924 28 377 67 53 785 40 758 574 22 245 141 1892 47 106 45 148 56 120 242 77 22 21 27 110 84
leaf_count=105683 26 25 415 407 924 28 377 67 53 785 40 758 574 22 245 141 1892 47 106 45 148 56 120 242 77 22 21 27 110 84
internal_value=0.000137882 0.000353967 -0.0339638 -0.0563207 0.000487957 0.0177634 0.0137589 0.000281796 -0.0234145 -0.0291054 0.00047594 0.00960407 0.00184101 0.0446633 0.0360104 0.0741628 0.0126961 0.0325051 0.0212452 0.090348 -0.0461046 0.00254033 -0.0424965 0.0325649 0.10261 0.1459 0.00290292 0.0649296 -0.00118675 0.0206594
internal_weight=113567 113134 440 433 112694 1329 1301 111365 905 852 110460 4777 3911 866 826 386 3189 1055 909 151 722 440 176 264 146 99 2134 132 2002 105
internal_count=113567 113134 440 433 112694 1329 1301 111365 905 852 110460 4777 3911 866 826 386 3189 1055 909 151 722 440 176 264 146 99 2134 132 2002 105
is_linear=0
shrinkage=0.05


Tree=133
num_leaves=31
num_cat=0
split_feature=1 0 1 0 0 0 1 0 0 1 0 0 1 0 1 0 1 1 1 1 0 0 0 0 1 1 1 0 0 1
split_gain=500.166 187.797 298.639 159.149 149.583 154.341 144.892 357.485 361.957 187.094 162.454 231.183 101.891 212.788 477.843 207.223 618.461 590.125 305.243 380.773 392.069 283.987 252.524 214.785 473.755 445.195 207.507 326.051 365.412 208.113
threshold=0.99518812659106171 4.2143146377585605 0.037513468545582969 4.2035116318896408 4.1881520144172528 4.0016850225900411 0.99391701702360902 4.1763048044315134 4.1108919008022484 0.99350906400522165 4.0844980415780485 4.163209113926416 0.78217850835714009 4.2086262929321903 0.8682140037659869 4.163209113926416 0.94133524972883265 0.90581773459918347 0.9899572276429659 0.95832438602939451 4.1317818897369714 4.2055386281573091 3.8240175911680279 4.1481006113486876 0.92374597262104541 0.92374597262104541 0.92374597262104541 4.2049753771465506 4.1881520144172528 0.80403983572463045
decision_type=2 2 2 2 2 2 2 2 2 2 2 2 2 2 2 2 2 2 2 2 2 2 2 2 2 2 2 2 2 2
left_child=1 6 -3 4 5 -2 9 8 -8 12 -11 -12 -1 15 -15 17 21 -14 19 23 -21 26 -20 25 -25 -19 29 28 -28 -17
right_child=3 2 -4 -5 -6 -7 7 -9 -10 10 11 -13 13 14 -16 16 -18 18 22 20 -22 -23 -24 24 -26 -27 27 -29 -30 -31
leaf_value=6.0170648134095271e-05 0.064830049184652475 -0.2000960078239441 -0.022155315705002791 -0.15904061785250001 0.073622341871261598 -0.061447893706467915 0.029916862571144329 0.19364011947597778 -0.028217209069260868 -0.0076516280047678594 -0.093294576803843177 0.068205091414543298 0.21217860579490663 0.016294677235591828 0.23801362818339841 0.14007635704108648 -0.039773329629734823 0.24628393650054933 0.10670434708396595 0.032226429843172734 0.1368796005263819 -0.0029901854796801812 -0.032291233177575693 -0.16045621633529664 0.015667796004563569 0.011359602804026328 0.045922711146650495 -0.063929561665281659 0.21291904324834998 0.016200821885815047
leaf_weight=105683 26 25 415 33 25 349 924 28 377 269 150 26 40 101 32 35 785 22 36 245 141 1776 354 56 120 242 81 32 55 1084
leaf_count=105683 26 25 415 33 25 349 924 28 377 269 150 26 40 101 32 35 785 22 36 245 141 1776 354 56 120 242 81 32 55 1084
internal_value=0.000130988 0.000336269 -0.0322656 -0.0535047 -0.0447979 -0.0526926 0.000463559 0.0168753 0.0130709 0.000267706 -0.032088 -0.0694367 0.000397514 0.00720512 0.0696406 0.00557818 -0.000177684 0.0232124 0.0169964 0.0342099 0.0704547 0.00997007 -0.0194609 0.00241331 -0.0403717 0.0309366 0.0278546 0.0796699 0.113458 0.0200754
internal_weight=113567 113134 440 433 400 375 112694 1329 1301 111365 445 176 110920 5237 133 5104 3848 1256 1216 826 386 3063 390 440 176 264 1287 168 136 1119
internal_count=113567 113134 440 433 400 375 112694 1329 1301 111365 445 176 110920 5237 133 5104 3848 1256 1216 826 386 3063 390 440 176 264 1287 168 136 1119
is_linear=0
shrinkage=0.05


Tree=134
num_leaves=31
num_cat=0
split_feature=1 0 1 0 0 0 1 0 0 1 0 0 1 1 1 1 1 0 0 1 1 0 1 1 0 0 0 0 1 0
split_gain=451.4 169.487 269.521 143.632 134.998 139.293 130.765 322.63 326.667 168.852 146.615 208.642 100.723 1190.67 512.177 1108.05 1765.64 850.985 1723.25 682.478 679.464 656.536 590.997 528.26 849.921 470.319 360.773 351.065 605.961 388.968
threshold=0.99518812659106171 4.2143146377585605 0.037513468545582969 4.2035116318896408 4.1881520144172528 4.0016850225900411 0.99391701702360902 4.1763048044315134 4.1108919008022484 0.99350906400522165 4.0844980415780485 4.163209113926416 0.08336917217557635 0.080077080556547914 0.093442828743540748 0.10072043667280038 0.10448580712207102 4.2103275741755049 4.2122774011156929 0.099292957765020493 0.099292957765020493 4.2045965417176916 0.097121003908435088 0.097121003908435088 4.2131591191432927 4.2126569965574676 4.2115891265843155 4.2065496251831069 0.099292957765020493 4.2058690901958622
decision_type=2 2 2 2 2 2 2 2 2 2 2 2 2 2 2 2 2 2 2 2 2 2 2 2 2 2 2 2 2 2
left_child=1 6 -3 4 5 -2 9 8 -8 12 -11 -12 13 -1 21 17 -17 22 19 -19 23 -14 -16 -20 -25 -22 -21 28 29 -24
right_child=3 2 -4 -5 -6 -7 7 -9 -10 10 11 -13 14 -15 15 16 -18 18 20 26 25 -23 27 24 -26 -27 -28 -29 -30 -31
leaf_value=0.001278883303157336 0.061588556949908918 -0.19009120416641237 -0.021047551340861136 -0.15108858347296272 0.069941221237182619 -0.058375500134034967 0.028421019653495385 0.18395810872316362 -0.026806350107692598 -0.0072690540183764848 -0.088629846324523295 0.064794832897874022 -0.25435010359205051 0.084251766460477773 -0.062831952474193598 -0.070393726920995575 0.00036178451313325049 0.11959561161773723 -0.051495012674438824 0.36256630880614887 0.017877515600147574 -0.015680581518678096 0.22622852543718183 0.27241401516578417 -0.057736828518765319 -0.27405337920865497 0.14482959871490797 -0.061671175521153671 0.011009342867874973 0.069272984227943188
leaf_weight=52005 26 25 415 33 25 349 924 28 377 269 150 26 29 436 205 897 51703 291 89 52 22 4494 64 44 35 37 30 78 306 103
leaf_count=52005 26 25 415 33 25 349 924 28 377 269 150 26 29 436 205 897 51703 291 89 52 22 4494 64 44 35 37 30 78 306 103
internal_value=0.000124439 0.000319456 -0.0306523 -0.0508294 -0.042558 -0.050058 0.000440381 0.0160315 0.0124174 0.000254321 -0.0304836 -0.0659648 0.000377638 0.00196873 -0.00104917 0.000305624 -0.000844826 0.0449322 0.0893939 0.155498 -0.019226 -0.0172109 0.00964511 0.0320379 0.126145 -0.165198 0.282907 0.0366103 0.0528173 0.129424
internal_weight=113567 113134 440 433 400 375 112694 1329 1301 111365 445 176 110920 52441 58479 53956 52600 1356 600 373 227 4523 756 168 79 59 82 551 473 167
internal_count=113567 113134 440 433 400 375 112694 1329 1301 111365 445 176 110920 52441 58479 53956 52600 1356 600 373 227 4523 756 168 79 59 82 551 473 167
is_linear=0
shrinkage=0.05


Tree=135
num_leaves=31
num_cat=0
split_feature=0 0 0 1 0 0 0 1 1 1 1 0 0 0 1 1 0 0 1 0 0 0 0 1 0 1 0 0 0 1
split_gain=209.488 173.206 407.671 306.641 553.116 487.322 472.577 375.066 281.056 283.099 262.124 233.432 441.367 195.669 177.323 368.021 411.955 207.713 568.039 341.46 319.507 258.098 335.755 221.433 341.014 200.725 400.832 162.554 194.365 152.699
threshold=4.2143146377585605 3.4521320138615228 3.3976557356948374 -0.6616821142420839 2.955481300684514 3.1486491245954151 2.7880469424112762 -0.66287125926451729 -0.00035974781911036661 -0.67005597180591814 -0.66266939082252119 3.1798972002998278 3.2090593733856294 3.2962372605943853 -0.66476311403078769 -0.66352079279499898 2.6743727390994265 3.2562269708225906 -0.66926218500895385 2.5172558643058736 3.1121988692531684 3.017657434145895 2.8775961260131271 -0.66926218500895385 3.3329922903862736 -0.66346757874425399 3.2769015374171824 3.3829345773626645 3.367097349452131 0.037513468545582969
decision_type=2 2 2 2 2 2 2 2 2 2 2 2 2 2 2 2 2 2 2 2 2 2 2 2 2 2 2 2 2 2
left_child=1 2 3 7 6 -6 -5 14 9 -4 -9 -7 -13 -12 17 16 -16 18 20 -20 -1 22 -21 -19 -25 26 -17 28 -14 -3
right_child=-2 29 8 4 5 11 -8 10 -10 -11 13 12 27 -15 15 25 -18 23 19 21 -22 -23 -24 24 -26 -27 -28 -29 -30 -31
leaf_value=0.0078692537003857265 -0.03459804848237423 -0.0055395178672831055 -0.024089612122451035 0.016021317711898259 0.15379690790766889 -0.084597727438298673 -0.25956867220146312 -0.048245930033160751 -0.13899653387069702 0.037246221444363931 0.0061128136588472597 0.24000966761691067 0.027660512391033523 -0.033991314083417837 0.16782559355099996 -0.10594931737634175 0.023703632759652832 0.0078584925128103236 -0.26410692046795575 -0.083041971411023818 -0.038085332886749139 -0.13350819626098706 0.17376916252076627 0.2141549214720726 -0.0081796843664986747 0.0015473708311875291 0.074741641299000808 -0.045653861183382105 0.14192047543114139 -0.00010255465039205993
leaf_weight=1231 446 15163 214 35 94 41 28 591 25 1556 852 26 327 473 51 114 1784 766 28 35 546 72 20 34 35 2036 42 64 42 87070
leaf_count=1231 446 15163 214 35 94 41 28 591 25 1556 852 26 327 473 51 114 1784 766 28 35 546 72 20 34 35 2036 42 64 42 87070
internal_value=-0.00039777 -0.000263255 0.00565072 0.00146774 0.0344068 0.0493476 -0.106463 -0.00101688 0.0274791 0.0298305 -0.0205549 0.0297111 0.0399217 -0.0082036 0.0044931 0.0111889 0.0277092 -0.00525176 -0.0142579 -0.106056 -0.00625073 -0.07121 0.0103439 0.0155863 0.101376 -0.0026408 -0.0573018 0.0279072 0.0406657 -0.000908954
internal_weight=113841 113395 11162 9367 657 594 63 8710 1795 1770 1916 500 459 1325 6794 4027 1835 2767 1932 155 1777 127 55 835 69 2192 156 433 369 102233
internal_count=113841 113395 11162 9367 657 594 63 8710 1795 1770 1916 500 459 1325 6794 4027 1835 2767 1932 155 1777 127 55 835 69 2192 156 433 369 102233
is_linear=0
shrinkage=0.05


Tree=136
num_leaves=31
num_cat=0
split_feature=0 1 1 0 0 0 1 0 0 1 0 0 0 0 0 1 0 1 1 0 0 1 1 1 0 0 1 0 1 0
split_gain=189.063 166.296 235.503 557.747 509.591 1353.33 1270.42 568.465 781.9 571.34 280.131 1060.9 343.133 206.798 745.661 1722.93 407.687 423.913 345.326 526.949 344.615 201.573 546.034 407.315 745.583 930.77 370.987 572.897 2441.01 1366.12
threshold=4.2143146377585605 -0.66287125926451729 0.037513468545582969 4.2056270700419569 4.2122774011156929 4.212078499839305 0.035526590940496004 4.2128584026263836 4.2130827047167756 0.034309320840942674 4.2126569965574676 4.2124895846408581 4.2131591191432927 4.2117077052705172 4.2113589837547467 0.035526590940496004 4.2118347381042174 0.035526590940496004 0.033651016964345741 4.2107734898061189 4.2119323686059484 0.069757814832467555 0.067099554831308708 0.068674339919785943 4.2130827047167756 4.2112886141682795 0.073158175466684919 4.2109709744446677 0.072205154621690457 4.2097280195538902
decision_type=2 2 2 2 2 2 2 2 2 2 2 2 2 2 2 2 2 2 2 2 2 2 2 2 2 2 2 2 2 2
left_child=1 -1 3 -3 5 13 7 -6 -9 -10 11 -8 -12 14 18 -16 17 -15 -5 -20 -18 22 -4 -24 25 -25 27 28 29 -23
right_child=-2 2 21 4 6 -7 10 8 9 -11 12 -13 -14 16 15 -17 20 -19 19 -21 -22 26 23 24 -26 -27 -28 -29 -30 -31
leaf_value=0.0047087654267083095 -0.032868145356234578 -0.0031993813399393955 0.0024965556646583723 -0.044185464085110288 -0.21960436461063534 -0.31932153469986391 0.05949128515580121 0.21635846882127227 -0.018782984246225917 -0.27328679847717285 -0.044567869449483939 0.50509619929573757 0.19470713676944856 -0.019301867499374428 0.024881706872221198 -0.33373480222242724 -0.18768271798717565 0.26356208765948258 -0.10215998659742641 0.098690929925330337 0.06563472694158555 -0.066860980880928456 0.075974026812447443 -0.01599093969065719 -0.2567203996181488 0.16114347712912908 -0.00089193616619386246 -0.050196930148102198 -0.22571153909147507 0.1410178033574935
leaf_weight=14713 446 9950 19519 823 39 45 34 32 187 25 29 22 31 26 66 68 29 27 47 107 25 116 450 326 25 96 65301 906 83 248
leaf_count=14713 446 9950 19519 823 39 45 34 32 187 25 29 22 31 26 66 68 29 27 47 107 25 116 450 326 25 96 65301 906 83 248
internal_value=-0.000377882 -0.000250092 -0.000989434 -0.00767795 -0.0344901 -0.0500515 0.0147684 -0.0423523 -0.014021 -0.0487952 0.154123 0.23455 0.0790576 -0.0401031 -0.0464969 -0.157103 0.0262841 0.124799 -0.0313267 0.0373923 -0.0704061 -9.74269e-05 0.00424948 0.0423936 0.00858773 0.024305 -0.00142888 -0.0273436 0.0189765 0.0747707
internal_weight=113841 113395 98682 11612 1662 1263 399 283 244 212 116 56 60 1218 1111 134 107 53 977 154 54 87070 20416 897 447 422 66654 1353 447 364
internal_count=113841 113395 98682 11612 1662 1263 399 283 244 212 116 56 60 1218 1111 134 107 53 977 154 54 87070 20416 897 447 422 66654 1353 447 364
is_linear=0
shrinkage=0.05


Tree=137
num_leaves=31
num_cat=0
split_feature=0 1 1 0 0 0 1 0 0 1 0 0 0 0 1 0 0 1 0 1 1 0 0 0 1 1 1 0 0 1
split_gain=170.629 150.082 212.541 503.367 459.906 1221.38 1146.55 516.603 752.518 359.588 252.819 957.46 309.678 198.145 193.377 186.635 672.959 1554.95 367.937 382.581 311.657 475.571 311.015 201.358 185.212 492.796 367.602 672.889 840.02 333.492
threshold=4.2143146377585605 -0.66287125926451729 0.037513468545582969 4.2056270700419569 4.2122774011156929 4.212078499839305 0.035526590940496004 4.2127827764752741 4.2130078604632875 0.034309320840942674 4.2126569965574676 4.2124895846408581 4.2131591191432927 3.7107793083163441 -0.66979476814466532 4.2117077052705172 4.2113589837547467 0.035526590940496004 4.2118347381042174 0.035526590940496004 0.033651016964345741 4.2107734898061189 4.2119323686059484 4.2115891265843155 0.069757814832467555 0.067099554831308708 0.068674339919785943 4.2130827047167756 4.2112886141682795 0.073158175466684919
decision_type=2 2 2 2 2 2 2 2 2 2 2 2 2 2 2 2 2 2 2 2 2 2 2 2 2 2 2 2 2 2
left_child=1 14 3 -3 5 15 7 -6 -9 -10 11 -8 -12 -4 -1 16 20 -18 19 -17 -5 -22 -20 -19 25 -15 -27 28 -28 -26
right_child=-2 2 13 4 6 -7 10 8 9 -11 12 -13 -14 24 -16 18 17 23 22 -21 21 -23 -24 -25 29 26 27 -29 -30 -31
leaf_value=-0.0055574160907147551 -0.031224736111497533 -0.0030394114861871766 0.1534748797792764 -0.041976191096216045 -0.22943281718762593 -0.30335546228620741 0.056516713254592003 0.2441871342584491 -0.01929323072785262 -0.20019830316305162 -0.042339500065507567 0.47984137751839379 0.18497175093620055 0.0023717280079192582 0.0077490772160068487 -0.018336773835695708 0.023637621861064075 -0.38265285658281906 -0.1782985920536107 0.25038398460105615 -0.09705198863719372 0.093756388503814417 0.062352982938289649 -0.20420784473419193 -0.025976453716119827 0.072175324744648411 -0.015191394712296 -0.24388438987731936 0.15308630438327481 -0.00089698356583878692
leaf_weight=3622 446 9950 21 823 32 45 34 25 194 32 29 22 31 19519 11091 26 66 43 29 27 47 107 25 25 1353 450 326 25 96 65280
leaf_count=3622 446 9950 21 823 32 45 34 25 194 32 29 22 31 19519 11091 26 66 43 29 27 47 107 25 25 1353 450 326 25 96 65280
internal_value=-0.000358988 -0.000237588 -0.000939962 -0.00729405 -0.0327656 -0.0475489 0.01403 -0.0402346 -0.0161138 -0.0449081 0.146417 0.222823 0.0751046 -9.25557e-05 0.00447333 -0.038098 -0.044172 -0.149248 0.0249699 0.118559 -0.0297604 0.0355227 -0.0668858 -0.317048 -0.000129603 0.004037 0.0402739 0.00815835 0.0230898 -0.00140623
internal_weight=113841 113395 98682 11612 1662 1263 399 283 251 226 116 56 60 87070 14713 1218 1111 134 107 53 977 154 54 68 87049 20416 897 447 422 66633
internal_count=113841 113395 98682 11612 1662 1263 399 283 251 226 116 56 60 87070 14713 1218 1111 134 107 53 977 154 54 68 87049 20416 897 447 422 66633
is_linear=0
shrinkage=0.05


Tree=138
num_leaves=31
num_cat=0
split_feature=0 0 0 1 0 0 0 1 1 1 1 0 0 0 0 0 0 1 1 1 0 1 1 1 1 0 0 1 1 1
split_gain=153.993 143.715 367.831 285.987 499.187 439.808 426.501 318.472 251.983 252.917 236.567 210.673 398.334 176.592 151.278 146.705 175.415 144.707 128.447 348.444 145.475 128 187.204 123.75 556.053 294.975 222.443 239.628 220.772 250.023
threshold=4.2143146377585605 3.4521320138615228 3.3976557356948374 -0.6616821142420839 2.955481300684514 3.1486491245954151 2.7880469424112762 -0.66287125926451729 -0.00035974781911036661 -0.67005597180591814 -0.66266939082252119 3.1798972002998278 3.2090593733856294 3.2962372605943853 3.3150374316227009 3.3829345773626645 3.367097349452131 -0.67126694340699067 -0.00063768614818836657 -0.0009042703902457 3.3329922903862736 -0.66926218500895385 -0.66401739011758709 0.037513468545582969 -0.6616821142420839 3.5079858025000532 3.5517692714646878 -0.66237459076634098 -0.66274421679704876 -0.66352079279499898
decision_type=2 2 2 2 2 2 2 2 2 2 2 2 2 2 2 2 2 2 2 2 2 2 2 2 2 2 2 2 2 2
left_child=1 2 3 7 6 -6 -5 14 9 -4 -9 -7 -13 -12 -1 16 18 -16 19 -14 -20 -19 -23 24 25 -3 28 -28 29 -27
right_child=-2 23 8 4 5 11 -8 10 -10 -11 13 12 15 -15 17 -17 -18 21 20 -21 -22 22 -24 -25 -26 26 27 -29 -30 -31
leaf_value=3.2680480507699224e-06 -0.029663502442287156 -0.015831970609827675 -0.022842697297858303 0.015532194674015046 0.14641900042745662 -0.08005590119012973 -0.24627829412264482 -0.045521694091786892 -0.13173477363586425 0.035131420160028459 0.0061191126194557379 0.22832112858215203 0.021718751429481077 -0.031979809500497079 0.10652369673053425 -0.04305922693165485 0.13513639484133042 -0.0087473988030627187 -0.089377002106156456 0.20541709127097296 0.073847556412220003 0.068745576825981244 0.014235324616732071 -8.7927638901853433e-05 -0.01562786938903735 0.013501235721174232 0.0015839912790896187 0.048103528853333626 -0.022473349944566904 0.06361017081562248
leaf_weight=5358 446 1580 214 35 94 41 28 591 25 1556 852 26 235 473 45 64 42 393 43 29 20 196 802 87070 6781 528 5327 292 184 471
leaf_count=5358 446 1580 214 35 94 41 28 591 25 1556 852 26 235 473 45 64 42 393 43 29 20 196 802 87070 6781 528 5327 292 184 471
internal_value=-0.000341038 -0.000225708 0.00516132 0.00118799 0.0329984 0.0471921 -0.100828 -0.00121149 0.0258957 0.0281221 -0.0192152 0.0285375 0.0382375 -0.00748148 0.0038658 0.0268237 0.0389444 0.0182776 0.0265894 0.0418977 -0.0375597 0.0154228 0.0249407 -0.000813875 -0.00498246 0.00362963 0.00815026 0.00400145 0.0278563 0.0371262
internal_weight=113841 113395 11162 9367 657 594 63 8710 1795 1770 1916 500 459 1325 6794 433 369 1436 327 264 63 1391 998 102233 15163 8382 6802 5619 1183 999
internal_count=113841 113395 11162 9367 657 594 63 8710 1795 1770 1916 500 459 1325 6794 433 369 1436 327 264 63 1391 998 102233 15163 8382 6802 5619 1183 999
is_linear=0
shrinkage=0.05


Tree=139
num_leaves=31
num_cat=0
split_feature=0 0 0 1 0 0 0 1 1 1 1 0 1 0 0 1 1 0 0 1 0 0 1 0 0 0 1 0 0 0
split_gain=138.979 129.703 331.967 258.104 450.516 403.019 384.917 334.594 287.421 227.415 228.258 215.289 213.501 165.744 159.374 145.322 327.878 367.232 185.006 415.814 353.841 266.743 175.356 201.154 159.308 303.019 126.334 374.115 366.034 183.046
threshold=4.2143146377585605 3.4521320138615228 3.3976557356948374 -0.6616821142420839 2.955481300684514 3.1121988692531684 2.7880469424112762 -0.00035974781911036661 -0.66287125926451729 -0.00035974781911036661 -0.67005597180591814 3.1486491245954151 -0.66266939082252119 3.3150374316227009 3.2962372605943853 -0.66476311403078769 -0.6635774510576854 2.6743727390994265 3.2769015374171824 -0.66926218500895385 2.5172558643058736 3.1121988692531684 -0.66363956179557315 2.955481300684514 3.017657434145895 2.8775961260131271 -0.0015408843540269332 3.1798972002998278 3.3150374316227009 3.3329922903862736
decision_type=2 2 2 2 2 2 2 2 2 2 2 2 2 2 2 2 2 2 2 2 2 2 2 2 2 2 2 2 2 2
left_child=1 2 3 8 6 -6 -5 11 15 10 -4 -7 -10 -9 -14 18 17 -17 19 21 -21 -1 -19 -24 25 -22 -13 -28 -29 -30
right_child=-2 -3 9 4 5 7 -8 13 12 -11 -12 26 14 -15 -16 16 -18 22 -20 20 24 -23 23 -25 -26 -27 27 28 29 -31
leaf_value=0.007429963844176911 -0.028180325593415129 -0.00077318100960025403 -0.021700563971127306 0.014755583192620958 0.16232513461261988 0.19465634074548019 -0.23396438807914302 -0.14272483101016598 -0.043245608420717944 -0.12514803552627562 0.033374849539986338 0.012735752946637729 0.0058131571089304508 0.015996795070582423 -0.030380818244054066 0.15881125313394212 -0.0022566729581764886 0.016874630491967895 0.016548556455250444 -0.25152462156755584 -0.079512926510402149 -0.032163667967686292 0.20798324527947801 0.049041599792906565 -0.10191482008458713 0.16445765495300294 -0.13336713966869174 0.16538129613241728 -0.11135390995070338 0.058197456693802135
leaf_weight=1231 446 102233 214 35 65 23 28 38 591 25 1556 235 852 29 473 51 2360 1445 725 28 35 650 23 148 78 20 21 85 20 78
leaf_count=1231 446 102233 214 35 65 23 28 38 591 25 1556 235 852 29 473 51 2360 1445 725 28 35 650 23 148 78 20 21 85 20 78
internal_value=-0.000323986 -0.000214423 0.00490325 0.00112859 0.0313485 0.0448325 -0.0957866 0.0303958 -0.00115092 0.0246009 0.026716 0.045539 -0.0182544 -0.0740244 -0.00710741 0.0036725 0.0097341 0.0267096 -0.00514935 -0.0128531 -0.0899742 -0.00625205 0.0225406 0.0704197 -0.0559636 0.00920365 0.0377265 0.0665148 0.0894521 0.0235951
internal_weight=113841 113395 11162 9367 657 594 63 529 8710 1795 1770 462 1916 67 1325 6794 4027 1667 2767 2042 161 1881 1616 171 133 55 439 204 183 98
internal_count=113841 113395 11162 9367 657 594 63 529 8710 1795 1770 462 1916 67 1325 6794 4027 1667 2767 2042 161 1881 1616 171 133 55 439 204 183 98
is_linear=0
shrinkage=0.05


Tree=140
num_leaves=31
num_cat=0
split_feature=1 1 1 1 0 1 0 0 1 0 0 1 0 1 0 1 0 1 0 1 0 1 1 1 0 0 1 1 1 0
split_gain=224.954 297.076 309.082 688.745 453.234 360.408 418.045 915.159 658.856 336.421 309.825 324.403 298.629 423.809 336.255 262.422 449.686 370.61 491.965 1101.71 360.606 327.749 269.967 476.457 232.888 335.011 301.563 231.026 227.275 2413.67
threshold=-0.66274421679704876 0.035526590940496004 0.070954679831247813 0.073903788104018348 4.2122774011156929 0.067099554831308708 4.2118347381042174 4.2101662756017779 0.069757814832467555 4.2129296307821322 4.2103575503606576 0.068674339919785943 4.2130078604632875 0.068674339919785943 4.2125412868472791 -0.00035974781911036661 3.7587056847616118 -0.0009042703902457 4.1881520144172528 -0.6616821142420839 3.6940139724464429 -0.66249311328193683 -0.0022132866865079664 -0.6616821142420839 3.4521320138615228 3.3829345773626645 1.0000000180025095e-35 0.068674339919785943 0.072205154621690457 4.2112514892550612
decision_type=2 2 2 2 2 2 2 2 2 2 2 2 2 2 2 2 2 2 2 2 2 2 2 2 2 2 2 2 2 2
left_child=-1 15 5 4 28 -3 7 -7 12 -10 11 -9 14 -14 27 16 20 18 19 -18 -2 -22 23 -23 25 26 -17 -8 29 -4
right_child=1 2 3 -5 -6 6 8 10 9 -11 -12 -13 13 -15 -16 24 17 -19 -20 -21 21 22 -24 -25 -26 -27 -28 -29 -30 -31
leaf_value=0.0051362235784377618 -0.0012361584512977702 0.0031539732985402047 0.11525940915247553 -0.0013385231633029227 -0.0044727193276023767 0.0086531239773045068 -0.056310183554887774 0.32257192827040154 -0.16436304521321515 -0.016887903631337593 0.085082113417803043 0.1142045908785881 0.047937507152557374 -0.19502445783998287 0.16678025313294853 0.04458520332839163 0.019537510234574423 0.16956351943183365 -0.083115322887897497 0.33367103970412054 0.074043826245802594 -0.034916536886658932 -0.039199278336841184 -0.28729138076305388 -0.016821005982932267 -0.26658870686184277 -0.15572441342998955 0.11261112110955374 -0.080887504997908297 -0.21784507424125207
leaf_weight=15623 4835 20075 133 64895 585 595 48 31 81 74 298 47 50 28 65 42 181 57 72 33 56 45 498 32 4335 22 34 35 532 92
leaf_count=15623 4835 20075 133 64895 585 595 48 31 81 74 298 47 50 28 65 42 181 57 72 33 56 45 498 32 4335 22 34 35 532 92
internal_value=-0.000435452 -0.00132453 -0.000383118 -0.00207172 -0.0375268 0.00483683 0.0298245 0.0472404 -0.0145609 -0.0939556 0.108303 0.197017 0.0398912 -0.0392796 0.0816163 -0.00938235 -0.00239076 0.0531436 0.029941 0.0679787 -0.00587563 -0.0414253 -0.052671 -0.1398 -0.0185441 -0.0947653 -0.045027 0.0149217 -0.0630705 -0.0209433
internal_weight=113529 97906 87664 66237 1342 21427 1352 971 381 155 376 78 226 78 148 10242 5809 343 286 214 5466 631 575 77 4433 98 76 83 757 225
internal_count=113529 97906 87664 66237 1342 21427 1352 971 381 155 376 78 226 78 148 10242 5809 343 286 214 5466 631 575 77 4433 98 76 83 757 225
is_linear=0
shrinkage=0.05


Tree=141
num_leaves=31
num_cat=0
split_feature=1 1 1 1 0 1 0 0 0 0 0 1 0 0 1 0 0 1 0 1 0 1 0 0 0 0 1 0 1 0
split_gain=203.021 268.111 278.947 621.592 414.091 721.195 1964.73 600.734 1381.98 1783.58 338.47 325.268 377.285 825.931 594.618 308.245 303.62 298.454 279.617 292.773 269.512 382.487 303.47 256.083 250.782 239.136 236.836 407.996 296.628 567.378
threshold=-0.66274421679704876 0.035526590940496004 0.070954679831247813 0.073903788104018348 4.2117908053851538 0.072205154621690457 4.2112514892550612 4.2106800729713258 4.2095747613513685 4.210111579666008 4.2105001002925544 0.067099554831308708 4.2118347381042174 4.2101662756017779 0.069757814832467555 4.2099727524140613 4.2129296307821322 0.072205154621690457 4.2103575503606576 0.068674339919785943 4.2130078604632875 0.068674339919785943 4.2125412868472791 4.2073187007920287 4.2123827812707644 4.2103275741755049 -0.00035974781911036661 3.8240175911680279 -0.0009042703902457 4.1881520144172528
decision_type=2 2 2 2 2 2 2 2 2 2 2 2 2 2 2 2 2 2 2 2 2 2 2 2 2 2 2 2 2 2
left_child=-1 26 11 4 5 6 15 8 23 -10 25 -3 13 -13 20 -4 -16 24 19 -15 22 -22 -14 -7 -6 -11 27 -2 29 -29
right_child=1 2 3 -5 17 7 -8 -9 9 10 -12 12 14 18 16 -17 -18 -19 -20 -21 21 -23 -24 -25 -26 -27 -28 28 -30 -31
leaf_value=0.0048794127626685981 -0.0050280268445303915 0.0029962748301966156 -0.031546168327331543 -0.0012715970736600643 -0.14336059829520603 -0.057223407285554077 -0.28277838680161432 -0.049093113657904836 -0.57350929738844136 -0.16705100221888108 -0.28322825886068809 0.0082204661712426113 0.014175601249717805 0.3064433320876091 -0.15614489081465169 0.15057680982987859 -0.01604350815350945 0.0098081225518546356 0.080828009960835417 0.10849435760619792 0.04554063081741333 -0.18527323602964837 0.15844124301121787 0.1679422617606495 -0.028597854990568924 0.034387416765093805 -0.017616909889606416 0.10094414714964972 0.16108535308586924 -0.07895954218175677
leaf_weight=15623 5568 20075 30 64895 62 28 42 205 34 34 31 595 83 31 81 103 74 519 298 47 50 28 65 23 205 26 4433 112 57 72
leaf_count=15623 5568 20075 30 64895 62 28 42 205 34 34 31 595 83 31 81 103 74 519 298 47 50 28 65 23 205 26 4433 112 57 72
internal_value=-0.000413679 -0.00125831 -0.000363962 -0.00196813 -0.0356504 -0.0686734 0.0153505 -0.107267 -0.175026 -0.26452 -0.149074 0.00459499 0.0283333 0.0448784 -0.0138329 0.109496 -0.0892578 -0.0122907 0.102888 0.187166 0.0378966 -0.0373156 0.0775355 0.0443219 -0.0552469 -0.079761 -0.00891323 -0.00227122 0.0614213 0.0305471
internal_weight=113529 97906 87664 66237 1342 556 175 381 176 125 91 21427 1352 971 381 133 155 786 376 78 226 78 148 51 267 60 10242 5809 241 184
internal_count=113529 97906 87664 66237 1342 556 175 381 176 125 91 21427 1352 971 381 133 155 786 376 78 226 78 148 51 267 60 10242 5809 241 184
is_linear=0
shrinkage=0.05


Tree=142
num_leaves=31
num_cat=0
split_feature=1 1 1 1 1 0 0 1 0 1 0 0 1 0 1 0 1 0 0 1 0 1 0 1 0 1 0 0 1 1
split_gain=183.226 242.524 263.242 573.899 288.983 340.5 745.403 536.643 275.189 554.319 274.017 252.354 264.228 243.235 345.195 273.882 208.501 198.237 193.608 1357.09 320.681 191.992 372.75 337.742 437.695 638.126 449.137 325.447 295.793 243.645
threshold=-0.66274421679704876 0.037513468545582969 0.070954679831247813 0.073158175466684919 0.067099554831308708 4.2118347381042174 4.2101662756017779 0.069757814832467555 4.2099997046384123 0.072205154621690457 4.2129296307821322 4.2103575503606576 0.068674339919785943 4.2130078604632875 0.068674339919785943 4.2125412868472791 0.068674339919785943 3.7107793083163441 4.2105001002925544 0.072205154621690457 4.2123827812707644 -0.00035974781911036661 3.7587056847616118 -0.66237459076634098 4.1881520144172528 -0.0009042703902457 4.163209113926416 3.6940139724464429 -0.66249311328193683 -0.0022132866865079664
decision_type=2 2 2 2 2 2 2 2 2 2 2 2 2 2 2 2 2 2 2 2 2 2 2 2 2 2 2 2 2 2
left_child=-1 21 4 8 -3 6 -6 13 9 -4 -9 12 -8 15 -15 16 -7 -5 19 -10 -20 22 27 -24 26 -26 -25 -2 -29 -30
right_child=1 2 3 17 5 7 11 10 18 -11 -12 -13 -14 14 -16 -17 -18 -19 20 -21 -22 -23 23 24 25 -27 -28 28 29 -31
leaf_value=0.0046354414025485957 -0.00092294924368586093 0.0030172025150123493 -0.013120873897306382 0.14873869886452554 0.0078094425233973174 -0.054203459868828456 0.29112116982859954 -0.14833765044624422 0.20104504811763763 -0.33708868078563525 -0.015241332462913282 0.076786608598976333 0.10306964199593727 0.043263598442077639 -0.17600956596434117 0.15051917002751278 0.10627177715301515 -0.0013764975863390101 -0.078978005899850934 -0.21594117046333849 -0.013443009749587093 -0.015606183666718954 -0.020108496290394816 0.098056224484462301 -0.075011573731899261 0.16339547698912416 0.33390005871101663 0.070593039022891643 -0.13255820915332767 -0.036987912591666464
leaf_weight=15623 4835 19622 31 22 595 48 31 81 50 23 74 298 47 50 28 65 35 65323 336 32 420 4886 118 80 72 46 27 56 77 498
leaf_count=15623 4835 19622 31 22 595 48 31 81 50 23 74 298 47 50 28 65 35 65323 336 32 420 4886 118 80 72 46 27 56 77 498
internal_value=-0.000392996 -0.00119539 -0.00032393 -0.00186973 0.00455778 0.0269166 0.0426345 -0.0131412 -0.0417044 -0.151107 -0.0847949 0.0977432 0.177808 0.0360018 -0.0354498 0.0736587 0.0134668 -0.00132596 -0.0346546 0.0383187 -0.0425697 -0.00830161 -0.00215766 0.0484034 0.084334 0.0179268 0.157568 -0.00533044 -0.0391026 -0.049786
internal_weight=113529 97906 87211 66237 20974 1352 971 381 892 54 155 376 78 226 78 148 83 65345 838 82 756 10695 5809 343 225 118 107 5466 631 575
internal_count=113529 97906 87211 66237 20974 1352 971 381 892 54 155 376 78 226 78 148 83 65345 838 82 756 10695 5809 343 225 118 107 5466 631 575
is_linear=0
shrinkage=0.05


Tree=143
num_leaves=31
num_cat=0
split_feature=1 0 1 0 1 0 1 0 1 1 1 1 1 1 1 1 1 1 1 1 1 0 1 1 0 0 1 1 0 1
split_gain=165.362 220.593 875.748 378.616 350.606 339.928 315.587 308.657 528.488 536.952 285.284 876.898 814.6 751.402 917.621 581.95 577.198 401.782 277.753 199.387 184.324 463.471 168.195 201.711 168.64 160.697 155.7 244.366 529 223.37
threshold=-0.66274421679704876 4.2043531102966334 0.99518812659106171 4.1881520144172528 0.026335236696960137 4.2112514892550612 0.9899572276429659 4.2029580716161297 0.34951173794613027 0.026335236696960137 0.88866561193202009 0.94133524972883265 0.8682140037659869 0.46250386419151496 1.0000000180025095e-35 -0.0009042703902457 0.95832438602939451 0.0010278446395201334 -0.00063768614818836657 0.97366692785173814 0.041217938180536672 4.2041056891266901 0.21308951405532847 0.20063688194608473 4.2042016169960439 4.2046791003581641 -0.66979476814466532 -0.66401739011758709 2.7880469424112762 -0.66346757874425399
decision_type=2 2 2 2 2 2 2 2 2 2 2 2 2 2 2 2 2 2 2 2 2 2 2 2 2 2 2 2 2 2
left_child=26 3 4 -2 5 25 7 10 9 -9 12 -12 13 14 15 -5 -13 -16 -17 -18 21 -11 23 -22 -25 -3 -1 28 -28 -29
right_child=1 2 -4 6 -6 -7 -8 8 -10 20 11 16 -14 -15 17 18 19 -19 -20 -21 22 -23 -24 24 -26 -27 27 29 -30 -31
leaf_value=-0.0048080935958301199 -0.0018213317605736052 0.0081230370724787483 -0.27971561102728759 -0.08871760385137209 0.00027025857916702142 0.0007696176221553278 0.10909556582411553 0.11619761324290075 0.025586131577696038 0.018219902759248559 0.084743607674043736 -0.17863375115252678 -0.20121919353409567 0.11490002630162054 -0.33724811923119336 0.25825646856556767 -0.074064238812472372 -0.12484193576523397 0.041169686433745599 0.018727330229252822 -0.014956469444522325 -0.1094437397312169 -0.036005948724003846 -0.00023809137972111399 0.13851756877833751 -0.080234403074874713 -0.066612226693186824 -0.0065962483892952339 0.026060283711690238 0.0093108553189356728
leaf_weight=3546 10701 61 28 71 82341 364 47 66 666 110 138 84 101 64 31 23 111 79 41 121 887 201 1153 47 41 329 164 3546 2523 5844
leaf_count=3546 10701 61 28 71 82341 364 47 66 666 110 138 84 101 64 31 23 111 79 41 121 887 201 1153 47 41 329 164 3546 2523 5844
internal_value=-0.000373346 -0.00113562 -0.000134742 -0.00676344 -4.05333e-05 -0.0339807 -0.0197192 -0.0212197 -0.0140012 -0.0245262 -0.0477125 -0.0204091 -0.0779459 -0.0376527 -0.0775033 0.00984375 -0.0663302 -0.184702 0.119185 -0.0256686 -0.0283342 -0.0642894 -0.0230795 -0.00779319 0.0644094 -0.0664144 0.00440367 0.00710839 0.0204041 0.00330376
internal_weight=113529 97906 83123 14783 83095 754 4082 4035 3171 2505 864 454 410 309 245 135 316 110 64 232 2439 311 2128 975 88 390 15623 12077 2687 9390
internal_count=113529 97906 83123 14783 83095 754 4082 4035 3171 2505 864 454 410 309 245 135 316 110 64 232 2439 311 2128 975 88 390 15623 12077 2687 9390
is_linear=0
shrinkage=0.05


Tree=144
num_leaves=31
num_cat=0
split_feature=1 1 1 1 1 1 0 0 0 1 0 0 0 0 0 0 0 1 1 1 0 1 0 1 0 0 1 1 1 0
split_gain=149.239 206.336 224.582 519.481 264.393 309.061 390.794 323.352 248.358 500.273 223.223 611.869 441.284 310.042 230.428 221.521 571.825 260.569 200.465 182.318 334.644 303.559 397.342 517.562 405.346 293.716 266.953 219.89 430.003 212.708
threshold=-0.66274421679704876 0.035526590940496004 0.070954679831247813 0.073158175466684919 0.067099554831308708 0.068674339919785943 4.2125412868472791 4.2101662756017779 4.2099997046384123 0.072205154621690457 4.2113213406035168 4.2099997046384123 4.2125412868472791 4.2105001002925544 4.2064821181253196 4.2117908053851538 4.2113970735839166 0.069757814832467555 0.069757814832467555 -0.00035974781911036661 3.7587056847616118 -0.66237459076634098 4.1881520144172528 -0.0009042703902457 4.163209113926416 3.6940139724464429 -0.66249311328193683 -0.0022132866865079664 -0.6616821142420839 3.4521320138615228
decision_type=2 2 2 2 2 2 2 2 2 2 2 2 2 2 2 2 2 2 2 2 2 2 2 2 2 2 2 2 2 2
left_child=-1 19 4 8 -3 10 7 -7 9 -4 11 14 -12 -13 -6 16 18 -17 -9 20 25 -22 24 -24 -23 -2 -27 28 -28 -21
right_child=1 2 3 -5 5 6 -8 15 -10 -11 12 13 -14 -15 -16 17 -18 -19 -20 29 21 22 23 -25 -26 26 27 -29 -30 -31
leaf_value=0.0041834860494260658 -0.00078573523885145508 0.0027139234128814066 -0.012478344478914815 -0.0012163058593993564 0.04794688158444245 -0.0042319947087736893 -0.061569447433690971 -0.016418134289629318 -0.032935366258409281 -0.32024776067422783 -0.067829239368438723 0.25519311872579287 0.093329829183118107 0.09168257471500782 -0.12638018236241558 0.095023004428760438 0.26256964069146377 -0.080004057951271537 0.090561044652287551 -0.088274848899015282 -0.019012006416411723 0.093244485721224929 -0.066967408690187677 0.14774004842924035 0.31729612968586113 0.067154452828357789 -0.026200329553749825 -0.035047450039842463 -0.26595643162727356 -0.013783948423948908
leaf_weight=15623 4835 20075 31 65345 137 428 162 68 838 23 83 59 87 57 22 37 39 50 123 98 118 80 72 46 27 56 45 498 32 4335
leaf_count=15623 4835 20075 31 65345 137 428 162 68 838 23 83 59 87 57 22 37 39 50 123 98 118 80 72 46 27 56 45 498 32 4335
internal_value=-0.000354678 -0.00107884 -0.000294265 -0.00173365 0.00415529 0.0255573 0.00881245 0.024117 -0.0396327 -0.143565 0.0596866 0.0875297 0.0146463 0.174847 0.0238262 0.0623926 0.0880991 -0.00556726 0.0524742 -0.00779423 -0.00196662 0.0459403 0.0800042 0.0167321 0.149781 -0.00497286 -0.0370564 -0.0472057 -0.125839 -0.0154307
internal_weight=113529 97906 87664 66237 21427 1352 907 745 892 54 445 275 170 116 159 317 230 87 191 10242 5809 343 225 118 107 5466 631 575 77 4433
internal_count=113529 97906 87664 66237 21427 1352 907 745 892 54 445 275 170 116 159 317 230 87 191 10242 5809 343 225 118 107 5466 631 575 77 4433
is_linear=0
shrinkage=0.05


Tree=145
num_leaves=31
num_cat=0
split_feature=0 1 0 0 1 0 0 1 1 1 1 0 0 1 0 1 1 1 0 1 0 1 0 1 1 1 1 1 0 0
split_gain=206.95 453.338 341.707 248.648 244.679 255.958 195.375 353.564 288.397 271.388 191.667 190.233 295.795 585.975 249.677 341.029 184.093 198.454 328.535 169.742 169.032 250.751 264.066 217.16 206.895 191.787 842.121 183.413 571.215 337.958
threshold=3.6838237122462423 0.0010278446395201334 3.7587056847616118 3.2769015374171824 -0.66266939082252119 2.8775961260131271 4.0844980415780485 -0.00063768614818836657 -0.66926218500895385 0.023304082315542939 -0.0015408843540269332 2.955481300684514 3.1486491245954151 -0.0015408843540269332 2.7880469424112762 -0.6616821142420839 -0.66476311403078769 -0.66287125926451729 3.2090593733856294 -0.66476311403078769 4.2044682993536604 0.34951173794613027 4.2035116318896408 0.026335236696960137 0.99518812659106171 0.13568807367758204 0.13819718639271167 0.94133524972883265 4.1317818897369714 4.1763048044315134
decision_type=2 2 2 2 2 2 2 2 2 2 2 2 2 2 2 2 2 2 2 2 2 2 2 2 2 2 2 2 2 2
left_child=1 3 -2 4 5 -1 8 10 -4 -9 -8 14 13 -13 -6 -16 -7 -18 -19 -10 21 22 -11 -24 -22 -25 -27 28 -23 -29
right_child=2 -3 6 -5 11 16 7 9 19 20 -12 12 -14 -15 15 -17 17 18 -20 -21 24 27 23 25 -26 26 -28 29 -30 -31
leaf_value=0.009788250033087819 -0.020043096988780144 0.15526370587944985 -0.042135319638713871 0.0086932571134223577 0.023878521008900724 -0.031055064227977255 -0.0065561041235923769 -0.039692477166652682 0.11129498226649089 -0.063485162117782309 0.12642329934807051 0.040639671868103536 0.0051961804343018739 0.23119100332260134 -0.019185842438509654 -0.19022658148573504 -0.0023848173159940304 -0.08232227952949242 0.040318619917563511 0.014487481163891067 -6.4558283821342745e-05 0.25994683348614239 0.065007942353977874 -0.032944543142594505 -0.15341766107488763 0.18279489572895202 -0.012353908236193367 0.0023923921783448234 0.0091445414927933399 -0.04091066643824709
leaf_weight=1420 2271 50 230 12083 258 1223 40 450 46 293 84 253 394 48 153 36 2204 194 76 2895 81477 23 85 1072 22 57 1834 1724 1756 610
leaf_count=1420 2271 50 230 12083 258 1223 40 450 46 293 84 253 394 48 153 36 2204 194 76 2895 81477 23 85 1072 22 57 1834 1724 1756 610
internal_value=5.86782e-05 0.00491321 -0.000881465 0.00450335 -0.00358525 -0.00825552 -0.000412026 -0.000844033 0.0117848 -0.000961053 0.0835267 0.017341 0.0337069 0.0710266 -0.00810499 -0.051765 -0.015186 -0.00734133 -0.0478011 0.0160016 -0.000765117 -0.00797212 -0.0181472 -0.0137889 -0.000105955 -0.0160494 -0.00647158 0.000293112 0.0123871 -0.00892503
internal_weight=113361 18392 94969 18342 6259 5117 92698 89527 3171 89403 124 1142 695 301 447 189 3697 2474 270 2941 88953 7454 3341 3048 81499 2963 1891 4113 1779 2334
internal_count=113361 18392 94969 18342 6259 5117 92698 89527 3171 89403 124 1142 695 301 447 189 3697 2474 270 2941 88953 7454 3341 3048 81499 2963 1891 4113 1779 2334
is_linear=0
shrinkage=0.05


Tree=146
num_leaves=31
num_cat=0
split_feature=0 1 0 0 1 0 0 1 1 1 1 0 0 1 0 1 1 1 0 1 1 0 1 0 1 1 0 1 1 1
split_gain=186.772 409.137 308.39 224.405 220.823 231.002 176.326 319.091 260.279 244.928 172.979 171.685 266.955 528.843 225.333 307.779 166.144 179.105 296.503 153.192 165.321 152.551 226.303 238.32 195.987 186.723 183.206 521.829 359.681 177.832
threshold=3.6838237122462423 0.0010278446395201334 3.7587056847616118 3.2769015374171824 -0.66266939082252119 2.8775961260131271 4.0844980415780485 -0.00063768614818836657 -0.66926218500895385 0.023304082315542939 -0.0015408843540269332 2.955481300684514 3.1486491245954151 -0.0015408843540269332 2.7880469424112762 -0.6616821142420839 -0.66476311403078769 -0.66287125926451729 3.2090593733856294 -0.66476311403078769 -0.66391941515277819 4.2044682993536604 0.34951173794613027 4.2035116318896408 0.026335236696960137 0.99518812659106171 4.2045550661939233 0.031197422311893905 0.033651016964345741 0.040578828952832442
decision_type=2 2 2 2 2 2 2 2 2 2 2 2 2 2 2 2 2 2 2 2 2 2 2 2 2 2 2 2 2 2
left_child=1 3 -2 4 5 -1 8 10 -4 -9 -8 14 13 -13 -6 -16 -7 -18 -19 -10 -21 22 23 -11 -25 26 27 -23 -29 -26
right_child=2 -3 6 -5 11 16 7 9 19 21 -12 12 -14 -15 15 -17 17 18 -20 20 -22 25 -24 24 29 -27 -28 28 -30 -31
leaf_value=0.0092988362800802138 -0.019040941991275304 0.14750052312016487 -0.040028553296528435 0.0082585933830888782 0.022684594527493385 -0.029502310589236115 -0.0062283164262771605 -0.037707851678133009 0.1057302252591952 -0.060310904655618273 0.12010213129577184 0.038607687963975283 0.004936371278963265 0.21963145203577975 -0.018226549836496513 -0.18071525314137238 -0.0022655762584132908 -0.078206166148800216 0.038302686420808502 -0.020616023956487577 0.017915757211463174 -0.16124177961736114 0.00027845577993958919 0.061757543157128725 -0.041491612308430223 -0.14574677524241536 -0.00030978524363881862 0.14553029336153517 0.021358939456771229 -0.0095298145570115872
leaf_weight=1420 2271 50 230 12083 258 1223 40 450 46 293 84 253 394 48 153 36 2204 194 76 312 2583 37 4113 85 530 22 80592 63 785 2433
leaf_count=1420 2271 50 230 12083 258 1223 40 450 46 293 84 253 394 48 153 36 2204 194 76 312 2583 37 4113 85 530 22 80592 63 785 2433
internal_value=5.57445e-05 0.00466755 -0.000837392 0.00427819 -0.00340599 -0.00784274 -0.000391425 -0.000801831 0.0111956 -0.000913 0.0793504 0.0164739 0.0320216 0.0674753 -0.00769974 -0.0491768 -0.0144267 -0.00697426 -0.0454111 0.0152016 0.0137631 -0.00072686 -0.00757352 -0.0172398 -0.0130995 -0.000100657 -6.133e-05 0.0225641 0.0305839 -0.0152469
internal_weight=113361 18392 94969 18342 6259 5117 92698 89527 3171 89403 124 1142 695 301 447 189 3697 2474 270 2941 2895 88953 7454 3341 3048 81499 81477 885 848 2963
internal_count=113361 18392 94969 18342 6259 5117 92698 89527 3171 89403 124 1142 695 301 447 189 3697 2474 270 2941 2895 88953 7454 3341 3048 81499 81477 885 848 2963
is_linear=0
shrinkage=0.05


Tree=147
num_leaves=31
num_cat=0
split_feature=0 1 0 0 1 0 0 1 1 1 1 0 0 1 0 1 1 1 1 1 1 0 1 1 1 1 0 0 1 1
split_gain=168.562 369.247 278.322 202.525 199.293 208.479 159.134 287.98 234.901 221.047 156.114 154.946 240.927 477.28 203.363 277.77 149.945 170.015 187.355 138.256 156.824 204.131 167.973 446.651 266.067 333.545 275.408 383.085 187.302 174.446
threshold=3.6838237122462423 0.0010278446395201334 3.7587056847616118 3.2769015374171824 -0.66266939082252119 2.8775961260131271 4.0844980415780485 -0.00063768614818836657 -0.66926218500895385 0.023304082315542939 -0.0015408843540269332 2.955481300684514 3.1486491245954151 -0.0015408843540269332 2.7880469424112762 -0.6616821142420839 -0.66476311403078769 -0.66352079279499898 -0.66346757874425399 -0.66476311403078769 0.9942354902712599 4.0016850225900411 0.9899572276429659 -0.66280767692497322 -0.66314670257716057 -0.66346757874425399 3.7899177110824094 3.9345095588988146 0.99350906400522165 -0.6616821142420839
decision_type=2 2 2 2 2 2 2 2 2 2 2 2 2 2 2 2 2 2 2 2 2 2 2 2 2 2 2 2 2 2
left_child=1 3 -2 4 5 -1 8 10 -4 -9 -8 14 13 -13 -6 -16 -7 -18 -19 -10 22 -22 23 24 25 -21 -27 -28 -24 -25
right_child=2 -3 6 -5 11 16 7 9 19 -11 -12 12 -14 -15 15 -17 17 18 -20 20 21 -23 28 29 -26 26 27 -29 -30 -31
leaf_value=0.0088338947762705688 -0.018088894618638666 0.14012549772858621 -0.038027127028807353 0.0078456641431719504 0.021550364190236079 -0.028027195312868642 -0.0059168881177902224 -0.035822461041311419 0.1004437187605578 -0.00069051783544822035 0.11409703163164003 0.036677303525946829 0.0046895530523949772 0.2086498785453538 -0.017315222388681242 -0.17167948995839755 0.008958696407334106 -0.084041846370456197 -0.012780831673492988 -0.0032234962492626398 0.076639770448207856 0.016192692634096416 -0.048391291438316816 0.053610485673086829 -0.045001178629210464 -0.023626687172530355 0.1200086366096566 -0.082652299630421186 0.0048177105021500171 0.15180682905933315
leaf_weight=1420 2271 50 230 12083 258 1223 40 450 46 88953 84 253 394 48 153 36 1025 99 1350 705 200 463 245 219 230 69 171 27 509 57
leaf_count=1420 2271 50 230 12083 258 1223 40 450 46 88953 84 253 394 48 153 36 1025 99 1350 705 200 463 245 219 230 69 171 27 509 57
internal_value=5.2957e-05 0.00443417 -0.000795523 0.00406428 -0.00323569 -0.0074506 -0.000371854 -0.00076174 0.0106358 -0.000867351 0.0753829 0.0156502 0.0304205 0.0641015 -0.00731476 -0.0467179 -0.0137054 -0.00662555 -0.0176496 0.0144415 0.013075 0.0344271 0.00673245 0.0165294 0.00335839 0.0148015 0.0623956 0.0923731 -0.0124717 0.0738902
internal_weight=113361 18392 94969 18342 6259 5117 92698 89527 3171 89403 124 1142 695 301 447 189 3697 2474 1449 2941 2895 663 2232 1478 1202 972 267 198 754 276
internal_count=113361 18392 94969 18342 6259 5117 92698 89527 3171 89403 124 1142 695 301 447 189 3697 2474 1449 2941 2895 663 2232 1478 1202 972 267 198 754 276
is_linear=0
shrinkage=0.05


Tree=148
num_leaves=31
num_cat=0
split_feature=0 1 0 0 1 0 1 1 1 0 1 1 0 0 1 0 1 1 0 1 0 0 1 1 0 0 1 1 1 1
split_gain=152.127 333.245 252.679 182.779 179.862 190.154 177.04 652.647 172.52 261.394 154.625 150.345 139.839 217.437 432.062 183.535 250.688 136.077 223.827 281.739 135.51 261.908 251.525 251.061 268.458 330.021 203.978 218.096 200.126 281.497
threshold=3.6838237122462423 0.0010278446395201334 3.7276973426772373 3.2769015374171824 -0.66266939082252119 2.6743727390994265 -0.66442365959318073 -0.66926218500895385 -0.66287125926451729 3.2090593733856294 -0.66476311403078769 -0.66377067496524145 2.955481300684514 3.1486491245954151 -0.6616821142420839 2.7880469424112762 -0.6616821142420839 -0.67024524724628454 3.1798972002998278 -0.67126694340699067 3.4388022870276038 3.3976557356948374 -0.66335966830573134 -0.0015408843540269332 3.3505180837725921 3.3329922903862736 -0.67005597180591814 -0.66377067496524145 -0.664127978980389 -0.66476311403078769
decision_type=2 2 2 2 2 2 2 2 2 2 2 2 2 2 2 2 2 2 2 2 2 2 2 2 2 2 2 2 2 2
left_child=1 3 -2 4 5 6 7 -1 10 -10 17 -8 15 14 -14 -6 -17 18 19 -7 21 22 -5 -24 25 -25 -23 28 29 -28
right_child=2 -3 -4 20 12 8 11 -9 9 -11 -12 -13 13 -15 -16 16 -18 -19 -20 -21 -22 26 23 24 -26 -27 27 -29 -30 -31
leaf_value=0.017704958496270358 -0.019242920352705185 0.13311922250222416 -0.00039594936485242273 0.021182572885110103 0.020472846588827382 -0.072137586127841075 0.16031290062012213 -0.19446681126570092 -0.067943923463699998 0.037026596324224219 -0.00061759885910021915 0.038926269406349301 0.0205283015921424 0.0044550751217730762 0.14979218992781132 -0.016449461436641763 -0.16309551658729715 -0.038643206514346717 -0.04427919083802434 0.024520152314560409 0.0033657014577685457 -0.018867068670823904 -0.013579225897293552 0.058728130106729538 -0.013409734488161932 0.29057581301778557 0.12656576312505283 0.029871545851596931 0.1359179752544292 -0.030053051887080073
leaf_weight=513 1813 50 93156 1517 258 89 31 39 270 76 2550 144 207 394 94 153 36 626 286 493 7571 167 1485 66 83 20 52 955 103 64
leaf_count=513 1813 50 93156 1517 258 89 31 39 270 76 2550 144 207 394 94 153 36 626 286 493 7571 167 1485 66 83 20 52 955 103 64
internal_value=5.03092e-05 0.00421246 -0.000755746 0.00386106 -0.00307391 -0.00707807 0.0166073 0.00271456 -0.0110005 -0.0448868 -0.00810118 0.060429 0.0148677 0.0288995 0.0608964 -0.00694902 -0.044382 -0.0208744 -0.00805951 0.00973916 0.00745338 0.0143124 0.00647852 -0.00700761 0.0507371 0.112646 0.0328368 0.0401916 0.0851944 0.0401554
internal_weight=113361 18392 94969 18342 6259 5117 727 552 4390 346 4044 175 1142 695 301 447 189 1494 868 582 12083 4512 3171 1654 169 86 1341 1174 219 116
internal_count=113361 18392 94969 18342 6259 5117 727 552 4390 346 4044 175 1142 695 301 447 189 1494 868 582 12083 4512 3171 1654 169 86 1341 1174 219 116
is_linear=0
shrinkage=0.05


Tree=149
num_leaves=31
num_cat=0
split_feature=0 1 0 0 1 0 0 1 1 1 0 1 0 0 1 0 1 1 1 0 0 1 1 1 1 1 1 1 1 1
split_gain=137.295 300.754 229.233 164.958 162.325 176.69 143.618 259.902 211.999 199.495 147.645 472.062 150.335 137.677 204.238 215.084 176.878 168.518 167.924 471.979 165.344 470.95 324.612 162.383 760.014 161.75 135.14 540.128 133.378 403.932
threshold=3.6838237122462423 0.0010278446395201334 3.7587056847616118 3.2769015374171824 -0.66266939082252119 2.8775961260131271 4.0844980415780485 -0.00063768614818836657 -0.66926218500895385 0.023304082315542939 4.1881520144172528 -0.0009042703902457 4.1959841330863972 4.2044682993536604 0.34951173794613027 4.2035116318896408 0.026335236696960137 0.99518812659106171 0.95832438602939451 4.1108919008022484 4.2045550661939233 0.031197422311893905 0.033651016964345741 0.13568807367758204 0.13819718639271167 0.97366692785173814 -0.66442365959318073 -0.66979476814466532 -0.66320120985392572 -0.66249311328193683
decision_type=2 2 2 2 2 2 2 2 2 2 2 2 2 2 2 2 2 2 2 2 2 2 2 2 2 2 2 2 2 2
left_child=1 3 26 4 5 -1 8 10 -4 -9 -8 12 -12 14 15 -11 -17 20 19 -16 21 -15 -23 -18 -25 -22 27 -2 -28 -30
right_child=2 -3 6 -5 -6 -7 7 9 -10 13 11 -13 -14 17 18 16 23 -19 -20 -21 25 22 -24 24 -26 -27 28 -29 29 -31
leaf_value=0.0082674763512692716 -0.043784484342820403 0.1264632584899664 -0.036105971838469093 0.0070807119757715503 0.014124314070576491 -0.012482388530941182 0.19246432156789872 -0.03401153963887029 0.013739205887294964 -0.057241036680625572 -0.052158983683182031 0.24120245762169362 0.10646623849868775 -0.15312537430105985 0.25185138702392579 0.058723990145851584 -0.029976401396213905 -0.13840511881492354 -0.010111123825447276 0.0078047953193145963 -0.00028021273090642485 0.13830810009487091 0.020345315490011423 0.17418597318362772 -0.011205398607524286 0.12445123307406902 -0.041741948673392044 0.11065237960234907 0.038189380957938536 -0.026082302024686227
leaf_weight=1420 138 50 230 12083 1142 3697 21 450 2941 293 59 24 20 37 20 85 1072 22 1991 2102 80566 63 785 57 1834 26 544 96 308 1185
leaf_count=1420 138 50 230 12083 1142 3697 21 450 2941 293 59 24 20 37 20 85 1072 22 1991 2102 80566 63 785 57 1834 26 544 96 308 1185
internal_value=4.77939e-05 0.00400184 -0.000717959 0.00366801 -0.00292021 -0.00672417 -0.000333463 -0.000703855 0.0101238 -0.000804185 0.0716335 0.0469981 -0.0120007 -0.000636194 -0.00714052 -0.0163235 -0.0123902 -4.13006e-05 0.000318857 0.010105 -3.94029e-06 0.0214902 0.0291091 -0.0144302 -0.00561719 -0.000239973 -0.0164124 0.0195742 -0.0205463 -0.0128233
internal_weight=113361 18392 94969 18342 6259 5117 92698 89527 3171 89403 124 103 79 88953 7454 3341 3048 81499 4113 2122 81477 885 848 2963 1891 80592 2271 234 2037 1493
internal_count=113361 18392 94969 18342 6259 5117 92698 89527 3171 89403 124 103 79 88953 7454 3341 3048 81499 4113 2122 81477 885 848 2963 1891 80592 2271 234 2037 1493
is_linear=0
shrinkage=0.05


Tree=150
num_leaves=31
num_cat=0
split_feature=1 1 1 1 0 1 0 1 1 0 0 0 1 1 0 0 1 0 0 0 0 0 1 0 0 0 1 0 0 1
split_gain=207.05 1175.43 968.081 572.478 731.762 3157.47 577.459 543.5 886.35 564.837 495.384 1176.15 506.448 952.416 435.471 573.539 942.593 498.288 433.372 406.677 726.279 506.228 396.834 744.172 678.71 782.381 1347.78 482.126 476.512 442.867
threshold=0.093442828743540748 0.10072043667280038 0.10561795215628932 0.088587236822054147 4.2123279581038835 0.091029350426950636 4.2056737378928934 0.11521755792358598 0.11971259412532488 4.2049753771465506 4.2103868452367754 4.2114709799813381 0.099292957765020493 0.097121003908435088 4.2109709744446677 4.212433616505538 0.11793081682843709 4.2105579519131142 4.2093042635543387 4.2115082209862642 4.21166595333648 4.2110771142248113 0.10818485666414468 4.212598639045841 4.2099435690630207 4.2118841380027527 0.11374937157749035 4.2055386281573091 4.2111466556857016 0.10726064900172545
decision_type=2 2 2 2 2 2 2 2 2 2 2 2 2 2 2 2 2 2 2 2 2 2 2 2 2 2 2 2 2 2
left_child=3 10 -3 -1 6 -6 -5 9 14 -4 18 12 13 -12 17 19 -17 -9 -2 21 -21 -16 23 27 -24 -26 -27 29 -29 -11
right_child=1 2 7 4 5 -7 -8 8 -10 22 11 -13 -14 -15 15 16 -18 -19 -20 20 -22 -23 24 -25 25 26 -28 28 -30 -31
leaf_value=-0.0016375404966415949 0.042109433182974491 -0.041372414179117384 -0.076630604241404748 0.037073640232435139 -0.018801219901875641 0.41910899542272095 -0.043760430265872702 -0.042167403418570761 0.001173871982082051 0.16445177429461783 0.23379860501928429 0.025069057316196425 0.30485487944549988 -0.001720843841503193 -0.24992154104554137 -0.1292134428918926 0.04797329792415659 0.097488302091757462 -0.047200509867930819 -0.39813264627630512 -0.12737478602310301 0.019526202014336982 0.0048573541278583987 0.17628555348704733 0.11320056571576537 0.059837953311701622 -0.2498527757650198 -0.034053605851563119 0.042285981188620717 0.0038492618406072579
leaf_weight=54639 584 1353 134 247 289 48 2094 220 50103 79 97 349 54 77 23 132 174 90 177 30 142 72 528 63 517 192 43 743 282 94
leaf_count=54639 584 1353 134 247 289 48 2094 220 50103 79 97 349 54 77 23 132 174 90 177 30 142 72 528 63 517 192 43 743 282 94
internal_value=-0.000627889 0.00152427 0.000398096 -0.00274381 -0.025315 0.0435717 -0.0352316 0.00145129 0.000298696 0.02342 0.0478286 0.0827682 0.171088 0.129574 -0.0493604 -0.0751873 -0.0284602 -0.0016222 0.0213369 -0.12874 -0.1746 -0.0457085 0.0286962 0.00878852 0.0483083 0.0788164 0.00317114 -1.9751e-05 -0.0130509 0.077188
internal_weight=113669 56352 55014 57317 2678 337 2341 53661 50986 2675 1338 577 228 174 883 573 306 310 761 267 172 95 2541 1261 1280 752 235 1198 1025 173
internal_count=113669 56352 55014 57317 2678 337 2341 53661 50986 2675 1338 577 228 174 883 573 306 310 761 267 172 95 2541 1261 1280 752 235 1198 1025 173
is_linear=0
shrinkage=0.05


Tree=151
num_leaves=31
num_cat=0
split_feature=1 1 1 1 0 1 0 1 1 0 0 0 1 1 0 0 1 0 0 0 0 0 0 0 1 0 0 0 1 0
split_gain=186.863 1060.82 873.693 516.661 660.415 2849.62 521.157 490.509 799.93 509.765 447.085 1061.48 457.069 859.556 393.013 517.619 850.69 449.705 391.118 371.416 368.685 367.026 655.466 456.87 358.143 673.048 612.535 706.099 1216.37 514.6
threshold=0.093442828743540748 0.10072043667280038 0.10561795215628932 0.088587236822054147 4.2123279581038835 0.091029350426950636 4.2056737378928934 0.11521755792358598 0.11971259412532488 4.2049753771465506 4.2103868452367754 4.2114709799813381 0.099292957765020493 0.097121003908435088 4.2109709744446677 4.212433616505538 0.11793081682843709 4.2105579519131142 4.2093042635543387 4.2128584026263836 4.2132364079176474 4.2115082209862642 4.21166595333648 4.2110771142248113 0.10818485666414468 4.2119323686059484 4.2099435690630207 4.2118841380027527 0.11374937157749035 4.206360742460606
decision_type=2 2 2 2 2 2 2 2 2 2 2 2 2 2 2 2 2 2 2 2 2 2 2 2 2 2 2 2 2 2
left_child=3 10 -3 -1 6 -6 -5 9 14 -4 18 12 13 -12 17 21 19 -9 -2 -17 -21 23 -23 -16 25 29 -26 -28 -29 -11
right_child=1 2 7 4 5 -7 -8 8 -10 24 11 -13 -14 -15 15 16 -18 -19 -20 20 -22 22 -24 -25 26 -27 27 28 -30 -31
leaf_value=-0.0015556635904406058 0.040003959549397984 -0.039303793787201821 -0.072799072877517843 0.03521995650310266 -0.01786115702199766 0.39815354694922767 -0.0415724086805817 -0.040059033606878736 0.0011151781906070044 0.044055709272120776 0.22210868461844849 0.023815602858291998 0.28961212436358136 -0.0016348027563714363 -0.23742547811049486 -0.26802211680985766 0.045574633798551284 0.092613888978958128 -0.044840483862043777 0.035783727224483051 -0.1588810175890103 -0.37822598266104857 -0.12100604176041703 0.018549890071153641 0.0046144880197420152 0.10521480735320195 0.10754053942909612 0.056846053564610581 -0.23736012928014577 -0.028976397594078419
leaf_weight=54639 584 1353 134 247 289 48 2094 220 50103 356 97 349 54 77 23 33 174 90 177 43 56 30 142 72 528 157 517 192 43 748
leaf_count=54639 584 1353 134 247 289 48 2094 220 50103 356 97 349 54 77 23 33 174 90 177 43 56 30 142 72 528 157 517 192 43 748
internal_value=-0.000596495 0.00144805 0.000378191 -0.00260662 -0.0240492 0.0413932 -0.03347 0.00137873 0.000283761 0.022249 0.0454372 0.0786297 0.162534 0.123096 -0.0468924 -0.0714279 -0.0270372 -0.00154109 0.0202701 -0.122753 -0.0743297 -0.122303 -0.16587 -0.0434231 0.0272613 0.0083491 0.0458929 0.0748756 0.00301258 -0.00542619
internal_weight=113669 56352 55014 57317 2678 337 2341 53661 50986 2675 1338 577 228 174 883 573 306 310 761 132 99 267 172 95 2541 1261 1280 752 235 1104
internal_count=113669 56352 55014 57317 2678 337 2341 53661 50986 2675 1338 577 228 174 883 573 306 310 761 132 99 267 172 95 2541 1261 1280 752 235 1104
is_linear=0
shrinkage=0.05


Tree=152
num_leaves=31
num_cat=0
split_feature=1 1 0 1 0 0 1 0 0 0 0 1 1 1 1 0 1 0 1 0 0 0 1 1 0 1 0 1 0 1
split_gain=179.674 241.915 845.059 471.775 318.55 823.766 687.046 360.749 259.448 233.273 1122.84 1156.1 1113.3 405.457 390.191 834.137 575.114 471.605 801.946 352.036 302.04 291.143 2741.09 1170.92 2331.86 688.313 676.599 1121.38 815.18 1820.56
threshold=0.059521606575995471 0.070954679831247813 4.209794181981672 0.073158175466684919 4.2103275741755049 4.2103868452367754 0.064067982905915782 4.2101662756017779 4.2095328946485546 4.2099435690630207 4.2096154240925623 0.048138544056856865 0.057693428552758039 0.05528260000441651 0.05597507404019271 4.2107734898061189 0.058289120215410169 4.210056713393997 0.057174585559229642 4.2098545553136661 4.2097613535868081 4.2114345719319877 0.051099459043624305 0.049987693604997809 4.2111121912057401 0.041217938180536672 4.2101933799811828 0.05528260000441651 4.210939725719931 0.054964433161141774
decision_type=2 2 2 2 2 2 2 2 2 2 2 2 2 2 2 2 2 2 2 2 2 2 2 2 2 2 2 2 2 2
left_child=9 2 8 -3 7 6 -6 -4 -2 10 -1 -12 13 20 21 16 17 18 -16 -15 -13 22 23 25 -25 -11 27 -24 -28 -30
right_child=1 3 4 -5 5 -7 -8 -9 -10 14 11 12 -14 19 15 -17 -18 -19 -20 -21 -22 -23 26 24 -26 -27 28 -29 29 -31
leaf_value=-0.002216253883684989 -0.002034994571466265 -0.036017435827265173 0.042366753988311565 0.00071472638868625967 0.038158158361911776 0.032949123379577248 -0.35164032853566685 0.13564013589460117 -0.065414366533202886 0.028922057540634195 -0.0437779151677457 -0.024151955544948579 0.012780736142533333 0.28310364085855416 0.22162279163797699 -0.0090613712424919522 -0.028877244440022196 -0.15545320162007892 -0.17560545890419574 0.11277515254048415 0.16086721866798234 -0.012638610995901026 -0.077643073042950692 -0.33074509095454563 0.27099456886450451 -0.022173486482510423 0.18018451735278301 0.31067380956981494 0.13411658387368836 -0.23397757770832289
leaf_weight=31242 2423 886 309 65310 20 1370 26 156 173 925 166 32 168 103 24 1524 292 251 27 43 71 5138 97 69 21 2293 301 23 142 44
leaf_count=31242 2423 886 309 65310 20 1370 26 156 173 925 166 32 168 103 24 1524 292 251 27 43 71 5138 97 69 21 2293 301 23 142 44
internal_value=-0.00056667 0.000983853 0.0122324 0.000223085 0.0377523 0.025961 -0.182163 0.0736585 -0.00625866 -0.00311528 -0.000933306 0.0678177 0.112242 0.179348 -0.00933151 -0.028651 -0.0789113 -0.127289 0.0113255 0.232938 0.103386 -0.0048116 0.00546048 -0.0124611 -0.190339 -0.0074863 0.103129 -0.00321567 0.129333 0.0470405
internal_weight=113669 70673 4477 66196 1881 1416 46 465 2596 42996 31825 583 417 249 11171 2118 594 302 51 146 103 9053 3915 3308 90 3218 607 120 487 186
internal_count=113669 70673 4477 66196 1881 1416 46 465 2596 42996 31825 583 417 249 11171 2118 594 302 51 146 103 9053 3915 3308 90 3218 607 120 487 186
is_linear=0
shrinkage=0.05


Tree=153
num_leaves=31
num_cat=0
split_feature=1 1 0 1 0 0 1 0 0 0 0 0 1 1 1 1 0 1 0 1 1 0 1 1 0 1 0 1 0 1
split_gain=162.155 218.328 762.666 425.777 287.491 743.449 620.059 325.576 237.315 218.853 210.529 1013.36 1043.38 1004.76 374.548 352.148 752.809 519.04 425.623 723.756 284.163 262.757 2473.83 1056.75 2104.51 621.202 610.63 1012.04 759.033 760.897
threshold=0.059521606575995471 0.070954679831247813 4.209794181981672 0.073158175466684919 4.2103275741755049 4.2103868452367754 0.064067982905915782 4.2101662756017779 4.2094031629545396 4.2128584026263836 4.2099435690630207 4.2096154240925623 0.048138544056856865 0.057693428552758039 0.052126693030748704 0.05597507404019271 4.2107734898061189 0.058289120215410169 4.210056713393997 0.057174585559229642 0.057693428552758039 4.2114345719319877 0.051099459043624305 0.049987693604997809 4.2111121912057401 0.041217938180536672 4.2101933799811828 0.05528260000441651 4.2099997046384123 0.053720187273594504
decision_type=2 2 2 2 2 2 2 2 2 2 2 2 2 2 2 2 2 2 2 2 2 2 2 2 2 2 2 2 2 2
left_child=10 2 8 9 7 6 -6 -4 -2 -3 11 -1 -13 14 -14 21 17 18 19 -17 -18 22 23 25 -25 -12 27 28 -24 -30
right_child=1 3 4 -5 5 -7 -8 -9 -10 -11 15 12 13 -15 -16 16 20 -19 -20 -21 -22 -23 26 24 -26 -27 -28 -29 29 -31
leaf_value=-0.0021054411534287719 -0.00071037601142385663 -0.050624849376754724 0.040248414686606733 0.00067899010044220206 0.036250244081020358 0.031301665313161205 -0.33405833152624281 0.12885812915479528 -0.049598742871572059 0.0034187949148307946 0.027475954747834319 -0.041589019647855538 0.056537173006550548 0.012141698039236613 0.20341320146126143 0.21054164444406831 -0.023672634945140311 -0.027433381864341768 -0.14768054096336178 -0.16682518069390898 0.022335468291889184 -0.012006679912019447 0.14580252143953529 -0.31420783080916476 0.25744482349781767 -0.021064813723521633 0.12286617436931035 0.29514011896174885 -0.30423567011952402 0.032142971301900934
leaf_weight=31242 2318 617 309 65310 20 1370 26 156 278 269 925 166 56 168 193 24 1025 292 251 27 499 5138 28 69 21 2293 487 23 40 29
leaf_count=31242 2318 617 309 65310 20 1370 26 156 278 269 925 166 56 168 193 24 1025 292 251 27 499 5138 28 69 21 2293 487 23 40 29
internal_value=-0.000538337 0.000934661 0.0116208 0.000211931 0.0358646 0.024663 -0.173055 0.0699755 -0.00594573 -0.0342166 -0.00295952 -0.000886641 0.0644269 0.10663 0.170381 -0.00886493 -0.0272185 -0.0749657 -0.120924 0.0107592 -0.0086083 -0.00457102 0.00518745 -0.0118381 -0.180822 -0.00711198 0.0979724 -0.00305489 -0.0737609 -0.162859
internal_weight=113669 70673 4477 66196 1881 1416 46 465 2596 886 42996 31825 583 417 249 11171 2118 594 302 51 1524 9053 3915 3308 90 3218 607 120 97 69
internal_count=113669 70673 4477 66196 1881 1416 46 465 2596 886 42996 31825 583 417 249 11171 2118 594 302 51 1524 9053 3915 3308 90 3218 607 120 97 69
is_linear=0
shrinkage=0.05


Tree=154
num_leaves=31
num_cat=0
split_feature=1 1 1 1 0 1 0 1 1 0 0 0 1 1 1 0 0 1 0 0 0 0 0 0 1 1 0 1 0 0
split_gain=147.646 957.392 788.508 477.699 596.025 2571.78 470.344 442.684 721.937 460.063 403.494 957.985 412.505 775.749 373.355 354.694 467.151 767.748 405.859 335.203 332.739 331.241 591.558 412.326 327.823 591.534 486.295 323.224 631.352 552.813
threshold=0.093442828743540748 0.10072043667280038 0.10561795215628932 0.088587236822054147 4.2123279581038835 0.091029350426950636 4.2056737378928934 0.11521755792358598 0.11971259412532488 4.2049753771465506 4.2103868452367754 4.2114709799813381 0.099292957765020493 0.097121003908435088 0.097121003908435088 4.2109709744446677 4.212433616505538 0.11793081682843709 4.2105579519131142 4.2128584026263836 4.2132364079176474 4.2115082209862642 4.21166595333648 4.2110771142248113 0.099292957765020493 0.097121003908435088 4.2131591191432927 0.10818485666414468 4.212598639045841 4.2099435690630207
decision_type=2 2 2 2 2 2 2 2 2 2 2 2 2 2 2 2 2 2 2 2 2 2 2 2 2 2 2 2 2 2
left_child=3 10 -3 -1 6 -6 -5 9 15 -4 14 12 13 -12 -2 18 21 19 -9 -18 -21 23 -23 -17 25 -13 -27 28 -11 -29
right_child=1 2 7 4 5 -7 -8 8 -10 27 11 24 -14 -15 -16 16 17 -19 -20 20 -22 22 -24 -25 -26 26 -28 29 -30 -31
leaf_value=-0.0012876535834099978 -0.039269837326560156 -0.037408291080420056 -0.069228805366681134 0.033389274676439734 -0.017037785412086285 0.37817618704090517 -0.039563473994920828 -0.03812577109106563 0.00098973349301134986 -0.00025120621612404343 0.21093355798229729 -0.02255744846428142 0.27506184622093482 -0.0016227510068323706 0.040168708290241613 -0.22562387559724895 -0.25469069717959925 0.043226219094411912 0.087913510551055285 0.03392485809880634 -0.15100665793621115 -0.35938438348472124 -0.11502542874815179 0.017552709827820461 -0.06284710779786111 0.18346675755456091 -0.041601504874415697 0.0043140759241809563 0.16214084821561026 0.071062091415985781
leaf_weight=54639 201 1353 134 247 289 48 2094 220 50103 1198 97 136 54 77 560 23 33 174 90 43 56 30 142 72 85 96 32 528 63 752
leaf_count=54639 201 1353 134 247 289 48 2094 220 50103 1198 97 136 54 77 560 23 33 174 90 43 56 30 142 72 85 96 32 528 63 752
internal_value=-0.00051142 0.00130596 0.000289596 -0.00229821 -0.0229164 0.0392538 -0.0318662 0.0012401 0.000199887 0.0210668 0.0430956 0.0746286 0.154337 0.116871 0.0191869 -0.0446174 -0.0679262 -0.025755 -0.00153372 -0.116685 -0.0706829 -0.116257 -0.157646 -0.0413216 0.0225551 0.0500521 0.1272 0.0258286 0.00786196 0.0435285
internal_weight=113669 56352 55014 57317 2678 337 2341 53661 50986 2675 1338 577 228 174 761 883 573 306 310 132 99 267 172 95 349 264 128 2541 1261 1280
internal_count=113669 56352 55014 57317 2678 337 2341 53661 50986 2675 1338 577 228 174 761 883 573 306 310 132 99 267 172 95 349 264 128 2541 1261 1280
is_linear=0
shrinkage=0.05


Tree=155
num_leaves=31
num_cat=0
split_feature=0 0 1 1 0 1 1 1 0 0 1 1 0 1 1 1 1 1 1 0 1 1 1 1 1 1 0 0 1 1
split_gain=141.465 659.988 375.337 289.096 774.778 765.427 1340.18 730.629 1137.48 609.156 614.705 739.169 573.414 564.21 622.454 638.48 559.434 712.034 951.914 722.554 1154.69 1387.31 605.686 1132.12 597.919 553.192 1269.82 539.227 482.29 992.991
threshold=4.2080529843511281 4.2079410597434483 0.47337442032806615 0.23346936377827318 4.2104702482203038 0.072205154621690457 0.073158175466684919 0.23797488331352729 4.2093042635543387 4.2107416079796964 0.46250386419151496 0.47337442032806615 4.2083814024886363 0.067099554831308708 0.068674339919785943 0.069757814832467555 0.075689531124609646 0.090298781256966984 0.13819718639271167 4.2103868452367754 0.080077080556547914 0.076851311962273003 0.22666625183359088 0.21968849704797191 0.087252154951501473 0.1300622843575869 4.2098853606104658 4.2094499233704212 0.59821005442195807 0.50662256577213383
decision_type=2 2 2 2 2 2 2 2 2 2 2 2 2 2 2 2 2 2 2 2 2 2 2 2 2 2 2 2 2 2
left_child=1 -1 -3 4 5 13 -7 8 -5 10 -9 12 -12 -2 -15 -16 -8 19 25 -18 21 -21 23 27 -22 -19 -27 -20 29 -13
right_child=3 2 -4 7 -6 6 16 9 -10 -11 11 28 -14 14 15 -17 17 18 22 20 24 -23 -24 -25 -26 26 -28 -29 -30 -31
leaf_value=-0.0016019911138720278 0.0007365824498517283 0.048861354385735467 -0.082124095892117541 0.33617522655389248 0.0039139889690708854 -0.31275117152776477 -0.077893941163744373 0.019790204090643582 0.046888647891341173 -0.013187705053828236 0.082790762324536138 0.039114656003505166 -0.10455170990321377 0.21462343247210391 -0.092357874953228503 0.089097269656468026 0.034305046907153046 -0.040036841615671191 -0.044788881130819531 -0.032860266197134148 0.17967479337345471 -0.60823976589366802 -0.069667127648709526 0.14601048512591258 -0.10950506971432612 -0.46914064151545365 -0.079436815769216171 0.0034617037792424006 0.023444345702560165 -0.030734454262236074
leaf_weight=57711 4201 64 376 39 27410 39 383 7454 264 3332 48 702 274 61 69 163 1008 2275 730 22 33 20 355 126 39 24 162 2800 1609 1849
leaf_count=57711 4201 64 376 39 27410 39 383 7454 264 3332 48 702 274 61 69 163 1008 2275 730 22 33 20 355 126 39 24 162 2800 1609 1849
internal_value=-0.000343812 -0.0020671 -0.0630717 0.00146208 -0.000791856 -0.0111026 -0.020363 0.0072406 0.0841236 0.00571483 0.0109916 -0.0036414 -0.0766249 0.00541535 0.0724989 0.03513 -0.0189335 -0.0159599 -0.0223346 0.0208114 -0.0985013 -0.306851 -0.00731429 -0.00125979 0.0230357 -0.0468151 -0.129721 -0.00651646 0.0020078 -0.0115129
internal_weight=113642 58151 440 55491 39920 12510 8016 15571 303 15268 11936 4482 322 4494 293 232 7977 7594 6472 1122 114 42 4011 3656 72 2461 186 3530 4160 2551
internal_count=113642 58151 440 55491 39920 12510 8016 15571 303 15268 11936 4482 322 4494 293 232 7977 7594 6472 1122 114 42 4011 3656 72 2461 186 3530 4160 2551
is_linear=0
shrinkage=0.05


Tree=156
num_leaves=31
num_cat=0
split_feature=0 0 1 1 0 1 1 1 0 0 1 1 1 1 1 0 1 1 1 0 1 1 1 1 1 0 0 1 0 1
split_gain=127.672 595.639 341.916 260.909 699.238 690.798 1209.51 659.393 1026.57 549.763 554.771 667.1 545.009 1883.61 677.984 814.869 658.915 561.765 576.228 524.212 504.889 643.658 809.289 700.618 754.03 773.417 732.108 649.733 1014.3 595.963
threshold=4.2080529843511281 4.2079410597434483 0.50662256577213383 0.23346936377827318 4.2104702482203038 0.072205154621690457 0.073158175466684919 0.23797488331352729 4.2093042635543387 4.2107416079796964 0.46250386419151496 0.47337442032806615 0.052126693030748704 0.057174585559229642 0.054609355798608074 4.2092001896398363 0.067099554831308708 0.068674339919785943 0.069757814832467555 4.2084723515306495 0.075689531124609646 0.089503271777466475 0.14214410725072932 0.14591470792853242 0.1503227300650993 4.2098241418237548 4.2094907304715852 0.085819128203325809 4.2103868452367754 0.087252154951501473
decision_type=2 2 2 2 2 2 2 2 2 2 2 2 2 2 2 2 2 2 2 2 2 2 2 2 2 2 2 2 2 2
left_child=1 -1 -3 4 5 12 -7 8 -5 10 -9 19 -2 14 -14 -16 -15 -18 -19 -12 -8 27 -23 26 25 -25 -24 28 -22 -29
right_child=3 2 -4 7 -6 6 20 9 -10 -11 11 -13 13 16 15 -17 17 18 -20 -21 21 22 23 24 -26 -27 -28 29 -30 -31
leaf_value=-0.0015218915729274178 -0.020251975494658937 0.02823420057538897 -0.081956149490195626 0.31936645752344378 0.0037182895949294972 -0.29711361168286737 -0.073999243999002193 0.018800693577538923 0.044544214272702283 -0.01252831811235789 0.052850854824381711 0.0019074077453730806 0.0094642016252404759 -0.010941846231464615 -0.084379881926071959 0.15585218870246242 0.20389226137614644 -0.0877399824667668 0.084642409693244047 -0.10518635699954758 0.017894062296407741 -0.041055069832796026 -0.14617229440937871 -0.40801801318707676 -0.0063879397330890916 -0.059807471816356365 0.16528890448400663 0.21715280147754168 -0.19903094334897167 0.035974523353700841
leaf_weight=57711 1437 88 352 39 27410 39 383 7454 264 3332 66 4160 152 2201 39 372 61 69 163 256 760 2830 23 23 3550 52 105 73 58 120
leaf_count=57711 1437 88 352 39 27410 39 383 7454 264 3332 66 4160 152 2201 39 372 61 69 163 256 760 2830 23 23 3550 52 105 73 58 120
internal_value=-0.000326622 -0.00196375 -0.0599181 0.00138898 -0.000752263 -0.0105475 -0.0193449 0.00687857 0.0799174 0.00542909 0.010442 -0.00345933 0.00514458 0.0170827 0.0996887 0.133056 -0.00156492 0.068874 0.0333735 -0.0727936 -0.0179868 -0.0151619 -0.0208665 -0.00564301 -0.00970251 -0.166592 0.109323 0.021983 0.00251307 0.104503
internal_weight=113642 58151 440 55491 39920 12510 8016 15571 303 15268 11936 4482 4494 3057 563 411 2494 293 232 322 7977 7594 6583 3753 3625 75 128 1011 818 193
internal_count=113642 58151 440 55491 39920 12510 8016 15571 303 15268 11936 4482 4494 3057 563 411 2494 293 232 322 7977 7594 6583 3753 3625 75 128 1011 818 193
is_linear=0
shrinkage=0.05


Tree=157
num_leaves=31
num_cat=0
split_feature=1 0 0 0 1 1 0 0 0 0 1 1 0 0 0 0 0 0 0 1 0 0 1 0 0 1 0 1 1 1
split_gain=118.41 152.273 110.062 106.361 188.097 127.138 124.879 110.059 229.37 135.178 94.4624 87.3097 193.024 230.741 202.897 222.401 642.284 209.684 192.958 196.476 186.165 223.589 172.183 356.166 173.34 171.083 253.188 267.422 214.065 568.978
threshold=-0.66979476814466532 2.955481300684514 2.6743727390994265 3.2769015374171824 -0.67126694340699067 -0.67024524724628454 3.1798972002998278 3.425455265970681 3.3505180837725921 3.4798280264228474 -0.67005597180591814 -0.66369999296714022 2.5172558643058736 2.6743727390994265 3.2339217085615384 3.4521320138615228 3.5079858025000532 3.3976557356948374 3.1486491245954151 -0.66377067496524145 3.6940139724464429 3.7022896494328408 -0.66391941515277819 3.7587056847616118 3.7587056847616118 -0.664127978980389 3.4798280264228474 -0.66442365959318073 -0.66442365959318073 -0.66476311403078769
decision_type=2 2 2 2 2 2 2 2 2 2 2 2 2 2 2 2 2 2 2 2 2 2 2 2 2 2 2 2 2 2
left_child=1 2 -1 5 7 6 -3 8 -5 -9 -6 12 -2 -14 18 17 25 -16 19 -15 -18 -22 24 -24 -23 26 28 -28 29 -17
right_child=11 3 -4 4 10 -7 -8 9 -10 -11 -12 -13 13 14 15 16 20 -19 -20 -21 21 22 23 -25 -26 -27 27 -29 -30 -31
leaf_value=-0.0058403278301869125 -0.072732043584187819 0.0019356224685907364 0.03221213114081007 0.0027337335050106049 -0.018499359791807328 -0.061654230723778403 -0.04280711031385831 -0.08933841394526619 0.18184196367634065 0.030867104148361049 0.017545577062851783 -0.00030986041184635321 0.10900721454194613 0.010516277235329257 0.01705165797798899 -0.14294660021974281 0.028067253821949668 0.064975647786632187 -0.04673814070071803 -0.091025607144603365 -0.12484609504592502 0.059099415237283605 -0.1124260133739268 0.011807785201363448 -0.00063204350752253983 -0.029682482647436177 -0.26760232657726324 -0.067617635187343691 -0.13454967259683392 0.22091056619371688
leaf_weight=448 75 352 330 39 1491 225 280 28 33 142 207 105576 56 568 796 22 1117 320 302 52 36 175 89 164 397 201 35 32 33 21
leaf_count=448 75 352 330 39 1491 225 280 28 33 142 207 105576 56 568 796 22 1117 320 302 52 36 175 89 164 397 201 35 32 33 21
internal_value=-0.000310291 -0.0092657 0.0103002 -0.014708 -0.00822761 -0.0293779 -0.0178871 0.0330126 0.084825 0.0110685 -0.0141052 -1.9417e-05 0.00680843 0.00815932 0.00686403 0.0124497 0.00363343 0.0307933 -0.0139642 0.00199986 0.0145999 -0.00287157 0.00245096 -0.031895 0.0176424 -0.059424 -0.101229 -0.172087 -0.0387611 0.0347511
internal_weight=113642 3575 778 2797 1940 857 632 242 72 170 1698 110067 4491 4416 4360 3438 2322 1116 922 620 1978 861 825 253 572 344 143 67 76 43
internal_count=113642 3575 778 2797 1940 857 632 242 72 170 1698 110067 4491 4416 4360 3438 2322 1116 922 620 1978 861 825 253 572 344 143 67 76 43
is_linear=0
shrinkage=0.05


Tree=158
num_leaves=31
num_cat=0
split_feature=0 0 1 1 1 0 1 1 0 0 1 1 1 1 1 0 1 1 1 1 0 1 1 1 1 1 0 0 0 1
split_gain=115.221 537.565 311.242 248.051 672.627 1562.53 656.197 428.329 967.219 631.062 623.445 1091.58 491.871 1699.96 611.881 735.419 594.671 506.993 520.046 486.729 719.773 455.663 587.01 785.975 632.307 680.512 698.009 660.727 605.156 973.947
threshold=4.2080529843511281 4.2079410597434483 0.47337442032806615 0.59821005442195807 0.50662256577213383 4.2090870767876725 0.52999857268208184 0.23346936377827318 4.2097280195538902 4.2104702482203038 0.072205154621690457 0.073158175466684919 0.052126693030748704 0.057174585559229642 0.054609355798608074 4.2092001896398363 0.067099554831308708 0.068674339919785943 0.069757814832467555 0.23797488331352729 4.2093042635543387 0.075689531124609646 0.090298781256966984 0.14214410725072932 0.14591470792853242 0.1503227300650993 4.2098241418237548 4.2094907304715852 4.2103868452367754 0.080077080556547914
decision_type=2 2 2 2 2 2 2 2 2 2 2 2 2 2 2 2 2 2 2 2 2 2 2 2 2 2 2 2 2 2
left_child=1 -1 -3 4 7 -6 -7 9 19 10 12 -12 -2 14 -14 -16 -15 -18 -19 20 -9 -13 28 -24 27 26 -26 -25 -23 -30
right_child=3 2 -4 -5 5 6 -8 8 -10 -11 11 21 13 16 15 -17 17 18 -20 -21 -22 22 23 24 25 -27 -28 -29 29 -31
leaf_value=-0.0014302619140425384 -0.019223884892894283 0.045022071432322265 -0.074256259438512412 0.019371155487061181 -0.063015315471000741 -0.037690674228880588 0.067081830210004731 0.30341362708654163 -0.002352323439983187 0.0035478680192605493 -0.28224243613389821 -0.070283788726051094 0.0090064842155889464 -0.010379260897936629 -0.080145394037931403 0.1480750717704625 0.19371313755629493 -0.083337489072827328 0.080425779256352622 0.024276193307725725 0.030097544488925782 0.031347878714875571 -0.040647412459518445 -0.13884819175886073 -0.38760164405988612 -0.0060530502119767286 -0.056801598805647641 0.15703994924113865 -0.28154093875061897 0.021428824329955711
leaf_weight=57711 1437 64 376 1843 1197 224 449 39 6725 27410 39 383 152 2201 39 372 61 69 163 5031 63 1008 2719 23 23 3550 52 105 42 72
leaf_count=57711 1437 64 376 1843 1197 224 449 39 6725 27410 39 383 152 2201 39 372 61 69 163 5031 63 1008 2719 23 23 3550 52 105 42 72
internal_value=-0.000294776 -0.00185002 -0.0569067 0.00133502 0.000715418 -0.0287445 0.0322096 0.00177939 0.0101234 -0.000699157 -0.0100046 -0.0183621 0.00490284 0.0162441 0.0947198 0.126419 -0.00147119 0.0654458 0.0317203 0.0264685 0.134601 -0.017072 -0.0143883 -0.0201764 -0.00534537 -0.00920189 -0.158247 0.103873 0.0189989 -0.0901916
internal_weight=113642 58151 440 55491 53648 1870 673 51778 11858 39920 12510 8016 4494 3057 563 411 2494 293 232 5133 102 7977 7594 6472 3753 3625 75 128 1122 114
internal_count=113642 58151 440 55491 53648 1870 673 51778 11858 39920 12510 8016 4494 3057 563 411 2494 293 232 5133 102 7977 7594 6472 3753 3625 75 128 1122 114
is_linear=0
shrinkage=0.05


Tree=159
num_leaves=31
num_cat=0
split_feature=1 0 0 0 1 1 0 0 0 0 1 1 0 0 0 0 0 0 0 1 0 0 0 1 1 1 1 0 0 1
split_gain=105.444 137.426 99.331 95.9908 169.757 114.742 112.703 99.3284 207.007 121.998 85.2523 80.2276 174.204 208.243 183.115 200.717 579.662 189.24 174.145 177.32 168.014 201.789 169.138 219.423 224.853 194.991 155.395 321.44 156.439 154.402
threshold=-0.66979476814466532 2.955481300684514 2.6743727390994265 3.2769015374171824 -0.67126694340699067 -0.67024524724628454 3.1798972002998278 3.425455265970681 3.3505180837725921 3.4798280264228474 -0.67005597180591814 -0.66369999296714022 2.5172558643058736 2.6743727390994265 3.2339217085615384 3.4521320138615228 3.5079858025000532 3.3976557356948374 3.1486491245954151 -0.66377067496524145 3.6940139724464429 3.7022896494328408 3.6723921289788319 -0.66442365959318073 -0.664127978980389 -0.66377067496524145 -0.66391941515277819 3.7587056847616118 3.7587056847616118 -0.664127978980389
decision_type=2 2 2 2 2 2 2 2 2 2 2 2 2 2 2 2 2 2 2 2 2 2 2 2 2 2 2 2 2 2
left_child=1 2 -1 5 7 6 -3 8 -5 -9 -6 12 -2 -14 18 17 29 -16 19 -15 22 -22 25 -24 -25 -18 28 -28 -23 -17
right_child=11 3 -4 4 10 -7 -8 9 -10 -11 -12 -13 13 14 15 16 20 -19 -20 -21 21 26 23 24 -26 -27 27 -29 -30 -31
leaf_value=-0.0054767956258729104 -0.069023934960365296 0.0019103533080355687 0.030673038083495519 0.0026685632956333651 -0.01750287957174677 -0.058500005635950307 -0.040595239049621992 -0.084799980159316751 0.17282137993836044 0.029395261092085234 0.016739810312139818 -0.00028396641976956484 0.10362836685297745 0.010061976232264243 0.016270590317494064 -0.096095648693519983 0.01301570337296791 0.061798378515522924 -0.044329722007946271 -0.086402813918315446 -0.11853228188637231 0.05621596263349056 0.22084810398519039 -0.071556580525178173 0.11101278973122437 0.082943815019513881 -0.10673319841368814 0.011288912058240031 -0.00052892840854467011 -0.028126841881752608
leaf_weight=448 75 352 330 39 1491 225 280 28 33 142 207 105576 56 568 796 143 907 320 302 52 36 175 24 26 48 112 89 164 397 201
leaf_count=448 75 352 330 39 1491 225 280 28 33 142 207 105576 56 568 796 143 907 320 302 52 36 175 24 26 48 112 89 164 397 201
internal_value=-0.000280037 -0.0087309 0.00985668 -0.0139011 -0.00774471 -0.0278375 -0.0169212 0.0314335 0.0806553 0.0105866 -0.0133284 -5.55158e-06 0.00653952 0.00782287 0.00659234 0.0118988 0.00352328 0.0293252 -0.0131945 0.00197138 0.0139415 -0.00265648 0.0267354 0.0894745 0.0468668 0.0207016 0.00239992 -0.0302287 0.0168318 -0.0563813
internal_weight=113642 3575 778 2797 1940 857 632 242 72 170 1698 110067 4491 4416 4360 3438 2322 1116 922 620 1978 861 1117 98 74 1019 825 253 572 344
internal_count=113642 3575 778 2797 1940 857 632 242 72 170 1698 110067 4491 4416 4360 3438 2322 1116 922 620 1978 861 1117 98 74 1019 825 253 572 344
is_linear=0
shrinkage=0.05


Tree=160
num_leaves=31
num_cat=0
split_feature=0 1 1 0 1 0 1 0 0 0 1 1 1 1 0 1 1 1 1 0 1 1 0 0 0 0 1 0 1 1
split_gain=120.379 290.912 943.673 606.855 747.787 2009.12 443.919 701.685 376.467 1104.9 659.268 1921.6 426.929 432.294 623.646 1232.28 1116.92 370.666 363.537 602.025 526.428 361.38 351.565 1065.12 374.237 310.147 574.688 307.371 687.343 524.483
threshold=4.2112514892550612 0.053051794850801269 0.05597507404019271 4.2133169568797095 0.054190096393135871 4.2121755439463309 0.054964433161141774 4.2114709799813381 4.2127176275912257 4.2126569965574676 0.049987693604997809 0.048138544056856865 0.051099459043624305 0.035526590940496004 4.2131591191432927 0.034309320840942674 0.034309320840942674 0.04217983979072621 0.040214803383255775 4.2112886141682795 0.041217938180536672 0.040214803383255775 4.2117077052705172 4.2115481711037113 4.2114709799813381 4.212433616505538 0.04882569966417271 4.2120315195525455 0.039298419216266339 0.035526590940496004
decision_type=2 2 2 2 2 2 2 2 2 2 2 2 2 2 2 2 2 2 2 2 2 2 2 2 2 2 2 2 2 2
left_child=-1 8 3 4 5 -3 -6 -8 9 10 11 17 13 14 15 -10 -16 18 19 -2 22 -11 23 24 -20 26 -13 -21 29 -29
right_child=1 2 -4 -5 6 -7 7 -9 12 21 -12 25 -14 -15 16 -17 -18 -19 20 27 -22 -23 -24 -25 -26 -27 -28 28 -30 -31
leaf_value=-0.0009113084598719438 0.22794492235407235 0.17879816050408409 0.0041117798446470618 -0.0062794739391008898 -0.16372988082173856 -0.14065726715149265 -0.34219040681015361 -0.051359048306695014 -0.02344311452225635 -0.3722660651803017 0.080957529342008963 -0.037118395737239289 -0.016094273993226351 0.069315016055009976 0.0044110900194374563 0.46143458366394041 -0.31880371570587163 0.045480062809252444 -0.090633174803173344 0.034593136645920168 0.0098631575613674274 -0.12005526361872956 -0.035141304926946761 -0.33153304815292362 0.16075001597404481 -0.044237353262447182 -0.34309364745491433 -0.14481242024453311 -0.16789212101960885 0.054886180341961882
leaf_weight=92543 34 96 15401 796 177 101 22 362 38 20 288 21 305 813 194 20 31 562 57 559 497 49 256 45 20 21 57 41 68 166
leaf_count=92543 34 96 15401 796 177 101 22 362 38 20 288 21 305 813 194 20 31 562 57 559 497 49 256 45 20 21 57 41 68 166
internal_value=-0.000134013 0.0032724 0.000364786 -0.03677 -0.0687891 0.0150164 -0.0982181 -0.0680213 0.0151173 0.00440539 0.00946929 0.00090497 0.0362277 0.0507881 -0.00243573 0.143756 -0.0401207 0.0101694 -0.00121597 0.0217106 -0.0239592 -0.19316 -0.0684292 -0.138279 -0.0253388 -0.214796 -0.260716 0.013303 -0.0299741 0.0153324
internal_weight=113660 21117 16955 1554 758 197 561 384 4162 2761 2692 2404 1401 1096 283 58 225 2305 1743 868 875 69 378 122 77 99 78 834 275 207
internal_count=113660 21117 16955 1554 758 197 561 384 4162 2761 2692 2404 1401 1096 283 58 225 2305 1743 868 875 69 378 122 77 99 78 834 275 207
is_linear=0
shrinkage=0.05


Tree=161
num_leaves=31
num_cat=0
split_feature=0 1 1 0 1 0 1 0 0 0 1 1 1 1 0 1 1 1 1 0 0 1 0 1 0 1 1 1 0 1
split_gain=108.642 262.548 851.665 547.686 674.878 1813.24 400.637 633.271 339.761 997.169 594.99 1734.24 385.304 390.145 562.84 1112.13 1008.02 339.797 326.146 305.123 280.619 424.589 279.908 518.656 296.716 267.855 815.688 771.282 371.795 529.259
threshold=4.2112514892550612 0.053051794850801269 0.05597507404019271 4.2133169568797095 0.054190096393135871 4.2121755439463309 0.054964433161141774 4.2114709799813381 4.2127176275912257 4.2126569965574676 0.049987693604997809 0.048138544056856865 0.051099459043624305 0.035526590940496004 4.2131591191432927 0.034309320840942674 0.034309320840942674 0.042549652699083902 0.040214803383255775 4.2115891265843155 4.2119832905866774 0.051099459043624305 4.212433616505538 0.04882569966417271 4.2118841380027527 0.069757814832467555 0.072205154621690457 0.06305828206581815 4.2114709799813381 0.067099554831308708
decision_type=2 2 2 2 2 2 2 2 2 2 2 2 2 2 2 2 2 2 2 2 2 2 2 2 2 2 2 2 2 2
left_child=-1 8 3 4 5 -3 -6 -8 9 10 11 17 13 14 15 -10 -16 -2 -11 -12 -21 -22 23 -13 -25 27 -27 -4 29 -29
right_child=1 2 25 -5 6 -7 7 -9 12 18 19 22 -14 -15 16 -17 -18 -19 -20 20 21 -23 -24 24 -26 26 -28 28 -30 -31
leaf_value=-0.00086574305653367399 0.0010107840981289729 0.16985825645776156 0.0006939843219798405 -0.005965499617288067 -0.15554338478309626 -0.13362440681177201 -0.32508087476546116 -0.04879109671298229 -0.022270958556940681 -0.35365275681018832 0.17129743225646743 -0.035262473424275714 -0.015289560169225834 0.065849265098505347 0.0041905351981674274 0.4383628392219544 -0.30286352634429936 0.052266527099922723 -0.11405249674405371 -0.026046309471130371 0.21798010137346058 0.032154113975996823 -0.042025514585631238 -0.2177147145072619 -0.4461881282152953 -0.061248158275173048 0.0038326243680770842 0.33568702836831416 0.056580560790129408 0.030547090150691847
leaf_weight=92543 1916 96 1345 796 177 101 22 362 38 20 66 21 305 813 194 20 31 389 49 80 45 97 21 30 27 500 12983 30 516 27
leaf_count=92543 1916 96 1345 796 177 101 22 362 38 20 66 21 305 813 194 20 31 389 49 80 45 97 21 30 27 500 12983 30 516 27
internal_value=-0.000127313 0.00310878 0.000346547 -0.0349315 -0.0653496 0.0142656 -0.0933072 -0.0646202 0.0143615 0.00418512 0.00899582 0.000859722 0.0344163 0.0482487 -0.00231394 0.136568 -0.0381147 0.00966089 -0.183502 0.0769097 0.0488484 0.0910426 -0.204056 -0.24768 -0.325939 0.00390619 0.00141919 0.0213891 0.0699668 0.191147
internal_weight=113660 21117 16955 1554 758 197 561 384 4162 2761 2692 2404 1401 1096 283 58 225 2305 69 288 222 142 99 78 57 15401 13483 1918 573 57
internal_count=113660 21117 16955 1554 758 197 561 384 4162 2761 2692 2404 1401 1096 283 58 225 2305 69 288 222 142 99 78 57 15401 13483 1918 573 57
is_linear=0
shrinkage=0.05


Tree=162
num_leaves=31
num_cat=0
split_feature=1 0 0 1 1 0 0 1 1 1 0 0 0 0 0 0 0 0 0 1 0 0 0 1 0 0 0 0 0 0
split_gain=101.144 322.379 235.351 128.772 297.58 1182.9 612.496 482.09 426.104 615.832 579.546 447.845 893.637 405.819 389.858 410.813 439.316 322.668 298.999 249.388 231.338 289.844 340.642 335.041 422.334 336.584 216.285 297.61 271.838 216.156
threshold=0.99518812659106171 4.0016850225900411 4.1763048044315134 0.67611158993753573 0.56918043419434328 4.2075194183444795 4.2094031629545396 0.59821005442195807 0.59821005442195807 0.66046176821179381 4.2090870767876725 4.2079410597434483 4.2084723515306495 4.2081656876842208 4.2074246467047258 4.2064204226126582 4.2065496251831069 4.2092521302304364 4.2076228545418601 0.64469578816960282 4.2066285382127502 4.2069679798942632 4.2070967715774277 0.66046176821179381 4.2068496107325712 4.2067386580003294 4.2086262929321903 4.2085508141781736 4.2083814024886363 4.2095328946485546
decision_type=2 2 2 2 2 2 2 2 2 2 2 2 2 2 2 2 2 2 2 2 2 2 2 2 2 2 2 2 2 2
left_child=3 -2 -3 4 -1 7 8 -6 10 11 13 -10 -13 -7 15 -9 -17 -12 -11 -18 -21 23 -23 24 -22 -25 27 28 -15 -5
right_child=1 2 -4 29 5 6 -8 14 9 18 17 12 -14 26 -16 16 19 -19 -20 20 21 22 -24 25 -26 -27 -28 -29 -30 -31
leaf_value=-7.2758335494232923e-05 0.12425280660390854 -0.0175265086548669 -0.11295110133243724 0.0067819284036238874 0.10177735896560097 -0.049396959683740999 0.042914880081369546 0.10044441469894944 -0.062542845510468362 0.064205733997126424 0.24356473224237563 0.071651829041231171 -0.043566597462887623 -0.20189190874626109 0.11500386917088407 -0.13416266206539038 -0.026631029067007275 -0.037052987161136808 -0.12199755127828367 0.18013412326574327 -0.0021384181799712003 0.1785235562460854 0.018556368703904907 -0.12352586073557968 -0.29370451232661371 0.1099022072878607 -0.088093094619503931 -0.3125300237248021 -0.05784801642100016 -0.03531558816690767
leaf_weight=100222 34 336 80 9535 177 263 209 93 314 24 20 313 364 77 83 66 370 21 212 25 27 47 114 23 23 47 138 31 57 315
leaf_count=100222 34 336 80 9535 177 263 209 93 314 24 20 313 364 77 83 66 370 21 212 25 27 47 114 23 23 47 138 31 57 315
internal_value=-0.000120947 -0.0237787 -0.0358774 -2.69097e-05 -0.000547482 -0.0157093 -0.0381838 0.0262226 -0.0474257 -0.0304745 -0.0816911 -0.0131884 0.00970278 -0.0948404 0.0116549 0.00138188 -0.0110343 0.0998337 -0.103062 0.000987091 0.0343815 0.0214142 0.0652549 -0.0374053 -0.136259 0.0332044 -0.134285 -0.172918 -0.14062 0.00543566
internal_weight=113660 450 416 113210 103360 3138 2043 1095 1834 1227 607 991 677 566 918 835 742 41 236 676 306 281 161 120 50 70 303 165 134 9850
internal_count=113660 450 416 113210 103360 3138 2043 1095 1834 1227 607 991 677 566 918 835 742 41 236 676 306 281 161 120 50 70 303 165 134 9850
is_linear=0
shrinkage=0.05


Tree=163
num_leaves=31
num_cat=0
split_feature=0 1 0 0 0 0 1 1 1 0 0 0 1 0 0 1 0 0 0 0 1 0 1 0 0 0 0 0 1 0
split_gain=100.007 267.652 300.538 757.68 447.975 782.466 438.164 1413.44 452.261 449.856 319.304 601.704 296.229 574.919 886.749 893.668 564.352 1081.47 322.126 643.401 307.147 946.336 288.855 391.601 306.035 252.117 201.742 245.729 172.012 844.436
threshold=4.2107734898061189 0.040214803383255775 4.2120315195525455 4.2121265642130519 4.2121755439463309 4.2122251150174828 0.026335236696960137 0.035526590940496004 0.039298419216266339 4.2112514892550612 4.2110433703874595 4.2115891265843155 0.035526590940496004 4.213483268661812 4.2132364079176474 0.038659770375086507 4.2128584026263836 4.2130078604632875 4.212433616505538 4.2126569965574676 0.033651016964345741 4.2133936808360657 0.037513468545582969 4.2112150699723587 4.2114709799813381 4.2128584026263836 4.2117908053851538 4.2115481711037113 0.041493268284224075 4.2108410464115407
decision_type=2 2 2 2 2 2 2 2 2 2 2 2 2 2 2 2 2 2 2 2 2 2 2 2 2 2 2 2 2 2
left_child=-1 2 6 -4 -5 -6 -2 9 10 -8 -9 22 16 14 15 18 -7 -18 -14 -20 -19 -22 23 -12 -24 -21 27 -10 29 -3
right_child=1 28 3 4 5 12 7 8 26 -11 11 -13 13 -15 -16 -17 17 20 19 25 21 -23 24 -25 -26 -27 -28 -29 -30 -31
leaf_value=-0.00095001105259658178 -0.025005653728730978 0.27728552947873658 -0.18404784053564072 0.20799342570826412 -0.28272067360256031 -0.18686900375918911 0.1754121245099948 0.10149930135108705 0.09180574110108064 0.47897874955897751 0.053134903040799236 0.060383335544318753 0.026586710731938204 0.18028775545266959 -0.2895989076657729 -0.068705065037522994 0.36003198659047486 0.0046633701218236788 0.36594524998818678 -0.027929576237996419 0.12343342065811158 -0.33034581917303579 -0.067761264607052216 -0.18955263241248974 0.099207437910684731 0.18267391920089723 -0.032906705513596535 0.23816640368766256 0.0019912874345302868 -0.030050541045598678
leaf_weight=86299 200 23 53 28 23 44 26 86 141 23 22 189 53 65 22 105 20 202 31 27 20 27 83 68 41 30 24 36 24858 791
leaf_count=86299 200 23 53 28 23 44 26 86 141 23 22 189 53 65 22 105 20 202 31 27 20 27 83 68 41 30 24 36 24858 791
internal_value=-0.0001149 0.00251911 0.021799 -0.00180073 0.0120574 0.00385676 0.0406486 0.058417 0.0399898 0.317903 0.014037 -0.0046274 0.01406 0.0468859 0.014531 0.0417296 -0.0208635 0.00628986 0.123968 0.182618 -0.0221232 -0.137248 -0.0620434 -0.130229 -0.0125539 0.0829144 0.103129 0.121574 0.00125066 -0.0213666
internal_weight=113660 27361 1689 750 697 669 939 739 690 49 489 403 646 333 268 246 313 269 141 88 249 47 214 90 124 57 201 177 25672 814
internal_count=113660 27361 1689 750 697 669 939 739 690 49 489 403 646 333 268 246 313 269 141 88 249 47 214 90 124 57 201 177 25672 814
is_linear=0
shrinkage=0.05


Tree=164
num_leaves=31
num_cat=0
split_feature=0 1 1 0 1 0 1 0 0 0 1 1 1 1 0 1 1 1 1 0 1 0 0 0 1 0 0 1 0 0
split_gain=92.923 237.358 769.729 494.287 609.077 1636.44 361.575 571.527 300.907 884.258 535.545 1566.71 345.629 345.597 468.448 983.413 849.868 306.383 302.621 531.618 461.406 317.287 961.268 337.749 284.913 275.374 258.073 453.757 262.324 252.617
threshold=4.2112514892550612 0.053051794850801269 0.05597507404019271 4.2133169568797095 0.054190096393135871 4.2121755439463309 0.054964433161141774 4.2114709799813381 4.2127176275912257 4.2126569965574676 0.049987693604997809 0.048138544056856865 0.051099459043624305 0.035526590940496004 4.2131591191432927 0.034309320840942674 0.034309320840942674 0.04217983979072621 0.040214803383255775 4.2112886141682795 0.041217938180536672 4.2117077052705172 4.2115481711037113 4.2114709799813381 0.040214803383255775 4.2115891265843155 4.2122251150174828 0.051099459043624305 4.212078499839305 4.212433616505538
decision_type=2 2 2 2 2 2 2 2 2 2 2 2 2 2 2 2 2 2 2 2 2 2 2 2 2 2 2 2 2 2
left_child=-1 8 3 4 5 -3 -6 -8 9 10 11 17 13 14 15 -10 -16 18 19 -2 21 22 23 -20 -11 -12 28 -28 -27 -13
right_child=1 2 -4 -5 6 -7 7 -9 12 24 25 29 -14 -15 16 -17 -18 -19 20 -21 -22 -23 -24 -25 -26 26 27 -29 -30 -31
leaf_value=-0.00079207822883149205 0.21354909908464728 0.16126941702095793 0.0036413883095033957 -0.0057631506858950472 -0.147862138721229 -0.12703911233508941 -0.30892275980758399 -0.046447467695000633 -0.024693435705021808 -0.33176774799823766 0.16263664292566704 -0.23539185417004124 -0.014621010356750645 0.062122417406750632 0.0041525797284755507 0.40846347093582153 -0.27778651829688783 0.041285708371352647 -0.084645891202646387 0.0118485141429398 0.0097457426774429853 -0.031928612160845658 -0.3135007659263081 0.15416814610362053 -0.10782458316914889 0.036752928532275957 0.26512093236369472 0.033767261967730167 -0.13945753706826106 -0.04002015817733038
leaf_weight=92543 34 96 15401 796 177 101 22 362 38 20 66 78 305 813 194 20 31 562 57 834 497 256 45 20 49 97 31 67 27 21
leaf_count=92543 34 96 15401 796 177 101 22 362 38 20 66 78 305 813 194 20 31 562 57 834 497 256 45 20 49 97 31 67 27 21
internal_value=-0.000109155 0.00288368 0.000257304 -0.0332808 -0.0621781 0.0134564 -0.0887378 -0.0614851 0.0135829 0.00400613 0.00853629 0.000817318 0.0324563 0.0455572 -0.00203132 0.124671 -0.0346924 0.00918257 -0.00116853 0.0197492 -0.0219189 -0.0635521 -0.12991 -0.0226163 -0.172736 0.0729682 0.0463101 0.106951 -0.00161548 -0.193949
internal_weight=113660 21117 16955 1554 758 197 561 384 4162 2761 2692 2404 1401 1096 283 58 225 2305 1743 868 875 378 122 77 69 288 222 98 124 99
internal_count=113660 21117 16955 1554 758 197 561 384 4162 2761 2692 2404 1401 1096 283 58 225 2305 1743 868 875 378 122 77 69 288 222 98 124 99
is_linear=0
shrinkage=0.05


Tree=165
num_leaves=31
num_cat=0
split_feature=1 1 0 1 1 0 1 1 0 0 0 1 0 1 1 0 1 0 1 0 0 1 0 1 0 1 1 0 0 1
split_gain=95.7403 131.816 215.525 198.36 409.69 133.97 186.105 113.128 233.038 108.658 99.1541 271.249 107.925 667.622 86.2105 272.896 180.108 403.784 262.555 254.7 241.696 228.577 273.523 475.486 569.94 371.109 483.377 628.953 519.605 256.5
threshold=-0.67005597180591814 -0.66401739011758709 3.7899177110824094 -0.66926218500895385 -0.66476311403078769 3.8240175911680279 -0.664127978980389 -0.66425039543226838 3.8701868380452269 2.5172558643058736 3.1798972002998278 -0.00035974781911036661 3.2339217085615384 -0.0011725711818398666 0.99518812659106171 4.0016850225900411 0.9942354902712599 4.0016850225900411 0.9899572276429659 4.1763048044315134 4.1763048044315134 0.80403983572463045 4.163209113926416 0.95832438602939451 4.1959841330863972 0.90581773459918347 0.95832438602939451 4.1317818897369714 4.1108919008022484 0.97366692785173814
decision_type=2 2 2 2 2 2 2 2 2 2 2 2 2 2 2 2 2 2 2 2 2 2 2 2 2 2 2 2 2 2
left_child=-1 2 -2 -4 -5 -6 7 8 -7 -3 11 -11 13 -12 16 -16 18 -18 21 -19 -20 -14 25 -24 -25 -23 28 -28 -27 -26
right_child=1 9 3 4 5 6 -8 -9 -10 10 12 -13 14 -15 15 -17 17 19 20 -21 -22 22 23 24 29 26 27 -29 -30 -31
leaf_value=-0.0078577132162437526 0.0070715552809833106 0.067446577729138188 -0.077993101454698122 0.20369821233881846 0.098341861078816081 -0.11046270040365368 -0.084448343201687467 0.11806728397096906 0.079158559233643289 -0.007440822829838334 0.011051969277753454 -0.17632639747268211 0.00049835969481317854 0.27522198800742625 0.12444689512252807 -0.031723692842223795 0.092400074252935005 0.0014196282812005924 -0.025885158692218746 0.17425298568877309 0.070819345220704294 0.19890926865970388 0.013408186330970434 -0.08243686775921992 -0.014662014930669605 0.2385440928595407 0.023140680837631225 0.15432325186621812 -0.016060554261689317 0.10078787686717179
leaf_weight=3117 2851 61 26 45 62 26 38 35 43 2538 552 24 97018 25 30 414 171 686 1297 22 68 34 3069 304 145 21 250 144 438 72
leaf_count=3117 2851 61 26 45 62 26 38 35 43 2538 552 24 97018 25 30 414 171 686 1297 22 68 34 3069 304 145 21 250 144 438 72
internal_value=0.000784183 0.00102794 0.011149 0.0534215 0.0671435 0.0370211 0.0102472 0.0448475 0.00770707 0.000733302 0.000695384 -0.00902289 0.000933053 0.0224978 0.00081362 -0.0211716 0.000907716 0.0234446 0.000715125 0.00679016 -0.0210676 0.00100808 0.0120539 0.00591077 -0.0382535 0.0369172 0.0304603 0.0710856 -0.00441198 0.0236439
internal_weight=113626 110509 3126 275 249 204 142 104 69 107383 107322 2562 104760 577 104183 444 103739 879 102860 708 1365 101495 4477 3590 521 887 853 394 459 217
internal_count=113626 110509 3126 275 249 204 142 104 69 107383 107322 2562 104760 577 104183 444 103739 879 102860 708 1365 101495 4477 3590 521 887 853 394 459 217
is_linear=0
shrinkage=0.05


Tree=166
num_leaves=31
num_cat=0
split_feature=1 1 0 1 1 0 1 1 0 0 0 1 0 1 0 0 1 1 1 0 1 0 1 0 0 1 0 1 0 1
split_gain=86.4056 118.964 194.512 179.02 369.745 120.908 167.96 102.098 210.317 98.0637 89.4865 244.803 97.4027 602.528 84.5479 92.3181 82.7968 87.0112 77.8051 246.289 162.548 364.415 236.956 229.867 218.131 206.291 246.855 429.126 514.371 334.926
threshold=-0.67005597180591814 -0.66401739011758709 3.7899177110824094 -0.66926218500895385 -0.66476311403078769 3.8240175911680279 -0.664127978980389 -0.66425039543226838 3.8701868380452269 2.5172558643058736 3.1798972002998278 -0.00035974781911036661 3.2339217085615384 -0.0011725711818398666 2.955481300684514 2.6743727390994265 -0.662047967150724 -0.66280767692497322 0.99518812659106171 4.0016850225900411 0.9942354902712599 4.0016850225900411 0.9899572276429659 4.1763048044315134 4.1763048044315134 0.80403983572463045 4.163209113926416 0.95832438602939451 4.1959841330863972 0.90581773459918347
decision_type=2 2 2 2 2 2 2 2 2 2 2 2 2 2 2 2 2 2 2 2 2 2 2 2 2 2 2 2 2 2
left_child=14 2 -2 -4 -5 -6 7 8 -7 -3 11 -11 13 16 15 -1 17 -12 20 -20 22 -22 25 -23 -24 -14 29 -28 -29 -27
right_child=1 9 3 4 5 6 -8 -9 -10 10 12 -13 18 -15 -16 -17 -18 -19 19 -21 21 23 24 -25 -26 26 27 28 -30 -31
leaf_value=-0.0078332089338001322 0.0067179782399143309 0.064074248437326953 -0.074093447568324908 0.19351330988936954 0.093424766919305249 -0.10493955337084258 -0.080225927578775502 0.11216390132904053 0.07520062698181286 -0.0070687814406688067 0.016178807658808574 -0.16751007546360297 0.0004734418504058851 0.26146088726818562 -0.011654756545041792 0.03047147758493355 0.07397456260675446 -0.032583276408258831 0.11822455162803332 -0.03013751251254105 0.087780069995519017 0.0013486414952285088 -0.024590903984450248 0.16554033146663147 0.067278375694363873 0.18896380461314147 0.012737775276810765 -0.078315023776437898 0.022461743841660189 0.028937268963275788
leaf_weight=364 2851 61 26 45 62 26 38 35 43 2538 385 24 97018 25 2476 277 47 120 30 414 171 686 1297 22 68 34 3069 304 217 853
leaf_count=364 2851 61 26 45 62 26 38 35 43 2538 385 24 97018 25 2476 277 47 120 30 414 171 686 1297 22 68 34 3069 304 217 853
internal_value=0.000744974 0.000976538 0.0105916 0.0507504 0.0637863 0.03517 0.00973486 0.0426051 0.00732172 0.000696637 0.000660614 -0.00857174 0.0008864 0.0213729 -0.00746483 0.00871967 0.0104994 0.00459178 0.000772939 -0.020113 0.00086233 0.0222724 0.000679368 0.00645064 -0.0200143 0.000957676 0.0114512 0.00561523 -0.0363408 0.0350713
internal_weight=113626 110509 3126 275 249 204 142 104 69 107383 107322 2562 104760 577 3117 641 552 505 104183 444 103739 879 102860 708 1365 101495 4477 3590 521 887
internal_count=113626 110509 3126 275 249 204 142 104 69 107383 107322 2562 104760 577 3117 641 552 505 104183 444 103739 879 102860 708 1365 101495 4477 3590 521 887
is_linear=0
shrinkage=0.05


Tree=167
num_leaves=31
num_cat=0
split_feature=1 1 0 1 1 0 1 1 0 0 0 1 0 1 0 0 1 1 0 0 0 1 0 1 1 0 1 0 1 0
split_gain=77.9811 107.365 175.547 161.565 333.695 109.12 151.584 92.1432 189.811 88.5025 80.7616 220.934 87.9059 543.782 76.3045 83.3171 74.7241 78.5276 74.5143 413.581 238.464 172.657 236.239 160.489 89.4755 343.161 531.221 273.891 567.656 582.785
threshold=-0.67005597180591814 -0.66401739011758709 3.7899177110824094 -0.66926218500895385 -0.66476311403078769 3.8240175911680279 -0.664127978980389 -0.66425039543226838 3.8701868380452269 2.5172558643058736 3.1798972002998278 -0.00035974781911036661 3.2339217085615384 -0.0011725711818398666 2.955481300684514 2.6743727390994265 -0.662047967150724 -0.66280767692497322 3.4521320138615228 3.4656563857364762 3.3829345773626645 -0.664127978980389 3.425455265970681 -0.66442365959318073 -0.66476311403078769 2.955481300684514 -0.66442365959318073 3.3329922903862736 -0.66979476814466532 3.3505180837725921
decision_type=2 2 2 2 2 2 2 2 2 2 2 2 2 2 2 2 2 2 2 2 2 2 2 2 2 2 2 2 2 2
left_child=14 2 18 -4 -5 -6 7 8 -7 -3 11 -11 13 16 15 -1 17 -12 20 23 24 22 -22 -20 27 26 -26 -2 -29 -30
right_child=1 9 3 4 5 6 -8 -9 -10 10 12 -13 -14 -15 -16 -17 -18 -19 19 -21 21 -23 -24 -25 25 -27 -28 28 29 -31
leaf_value=-0.0074415428461609319 0.0043926801770955487 0.060870534804512245 -0.070388773312935457 0.18383763284267238 0.088753526333358979 -0.099692584001100981 -0.076214637254413811 0.10655572056770324 0.071440595890893493 -0.0067153419803540311 0.01536986613428438 -0.15913456914325555 0.00073429199629354396 0.24838784229755403 -0.011072019450381543 0.028947904697932059 0.070275834408846313 -0.030954113807529212 -0.056525448424508795 0.0035517839944178213 0.082307293467027587 0.14607333921371621 -0.035995636924878879 -0.22204979892682145 0.33847132205963137 0.005079225856194595 0.044320733574303717 0.11157394439602893 -0.37268665419972463 -0.046806346438140335
leaf_weight=364 746 61 26 45 62 26 38 35 43 2538 385 24 104183 25 2476 277 47 120 32 1119 114 47 67 27 20 532 66 24 23 34
leaf_count=364 746 61 26 45 62 26 38 35 43 2538 385 24 104183 25 2476 277 47 120 32 1119 114 47 67 27 20 532 66 24 23 34
internal_value=0.000707725 0.000927712 0.010062 0.0482129 0.060597 0.0334115 0.00924812 0.0404749 0.00695563 0.000661805 0.000627584 -0.00814316 0.00084208 0.0203043 -0.00709159 0.00828369 0.0099744 0.00436219 0.00638208 -0.00325103 0.013165 0.0606876 0.0385156 -0.132274 0.00566661 0.0200595 0.112728 -0.00508887 -0.0924128 -0.178302
internal_weight=113626 110509 3126 275 249 204 142 104 69 107383 107322 2562 104760 577 3117 641 552 505 2851 1178 1673 228 181 59 1445 618 86 827 81 57
internal_count=113626 110509 3126 275 249 204 142 104 69 107383 107322 2562 104760 577 3117 641 552 505 2851 1178 1673 228 181 59 1445 618 86 827 81 57
is_linear=0
shrinkage=0.05


Tree=168
num_leaves=31
num_cat=0
split_feature=1 1 0 1 0 1 0 0 0 1 1 0 1 0 1 0 0 0 0 0 1 0 1 1 0 1 0 0 1 1
split_gain=70.5935 127.026 202.542 176.945 112.155 367.933 217.755 246.703 203.404 409.37 217.632 110.824 261.525 246.927 109.723 106.203 103.018 146.976 254.965 280.288 596.14 525.963 385.064 266.003 173.743 347.88 100.345 98.4805 136.804 93.0543
threshold=-0.66979476814466532 -0.66401739011758709 3.7899177110824094 -0.66476311403078769 2.5172558643058736 -0.66926218500895385 2.6743727390994265 2.7880469424112762 2.955481300684514 -0.66926218500895385 -0.66442365959318073 3.0674868398523891 -0.66926218500895385 3.1121988692531684 -0.66425039543226838 2.955481300684514 3.2339217085615384 3.425455265970681 3.3829345773626645 3.3329922903862736 -0.66476311403078769 3.3505180837725921 -0.66476311403078769 -0.66926218500895385 3.5517692714646878 -0.664127978980389 3.2962372605943853 3.8240175911680279 -0.664127978980389 -0.66442365959318073
decision_type=2 2 2 2 2 2 2 2 2 2 2 2 2 2 2 2 2 2 2 2 2 2 2 2 2 2 2 2 2 2
left_child=15 2 4 -4 5 -2 -6 -8 9 -9 -11 12 -10 -13 -14 -1 -15 18 19 22 21 -21 23 26 25 -19 -18 -5 -29 -22
right_child=1 -3 3 27 6 -7 7 8 11 10 -12 13 14 16 -16 -17 17 24 -20 20 29 -23 -24 -25 -26 -27 -28 28 -30 -31
leaf_value=0.010209797891474515 0.034008020410935084 0.00062871500056207205 0.13138633859262133 0.084315843814082692 0.1262616533260697 -0.18920533259709676 -0.10162553676203186 -0.05489113613581046 0.083353191614151001 0.22620853728208787 0.05174343518235467 0.1079630119390175 -0.13282350477050334 -0.024586475234226798 -0.017863147375839099 -0.010768458823769055 0.0027505840873345735 -0.047919372840218077 0.095101955667382387 -0.35405232984086743 0.1291383689358121 -0.044466029612950105 -0.0020537419142303884 0.20828565138027721 0.014849293478905705 0.064578489755648519 0.13991734325885771 0.038451145436220732 -0.072403904403510841 0.0091331155811037335
leaf_weight=769 48 107383 57 62 39 30 51 39 31 39 33 61 51 244 35 2800 40 342 122 23 21 34 182 46 726 86 20 104 38 70
leaf_count=769 48 107383 57 62 39 30 51 39 31 39 33 61 51 244 35 2800 40 342 122 23 21 34 182 46 726 86 20 104 38 70
internal_value=0.000672339 0.000896768 0.0116613 0.0535026 0.00713555 -0.0518433 0.00910572 0.0071157 0.00958599 0.0755758 0.146245 0.00615353 -0.0411561 0.00889782 -0.0860373 -0.00624835 0.00580836 0.0101403 0.0312085 0.0133301 -0.0425934 -0.169387 0.0420685 0.117826 -4.68703e-05 -0.0253147 0.0484728 0.0317409 0.00878571 0.0368266
internal_weight=113626 110057 2674 261 2413 78 2335 2296 2245 111 72 2134 117 2017 86 3569 1956 1712 558 436 148 57 288 106 1154 428 60 204 142 91
internal_count=113626 110057 2674 261 2413 78 2335 2296 2245 111 72 2134 117 2017 86 3569 1956 1712 558 436 148 57 288 106 1154 428 60 204 142 91
is_linear=0
shrinkage=0.05


Tree=169
num_leaves=31
num_cat=0
split_feature=1 0 1 0 1 0 0 1 0 1 0 1 0 1 0 1 0 1 1 0 0 0 1 0 1 0 0 0 0 0
split_gain=70.0002 222.275 147.094 328.884 213.171 207.455 196.863 187.053 222.786 387.286 464.22 304.437 567.63 434.08 468.944 231.492 170.182 322.941 153.409 147.597 136.668 133.029 124.57 116.08 109.468 467.608 216.37 311.541 188.034 306.177
threshold=0.99518812659106171 4.0016850225900411 0.9942354902712599 4.0016850225900411 0.9899572276429659 4.1763048044315134 4.1763048044315134 0.80403983572463045 4.163209113926416 0.95832438602939451 4.1959841330863972 0.95832438602939451 4.1317818897369714 0.90581773459918347 4.1108919008022484 0.97366692785173814 4.0844980415780485 0.97366692785173814 0.99458090913164654 4.1108919008022484 4.0511569599221975 4.1108919008022484 0.99350906400522165 4.2045120608299937 0.88866561193202009 4.2078315369189232 4.2080529843511281 4.2081656876842208 4.2080529843511281 4.2143146377585605
decision_type=2 2 2 2 2 2 2 2 2 2 2 2 2 2 2 2 2 2 2 2 2 2 2 2 2 2 2 2 2 2
left_child=2 -2 4 18 7 21 20 -1 11 24 -11 13 16 -9 -15 23 -13 -18 -4 -19 -6 -5 -8 -12 25 -10 -27 -28 -26 -30
right_child=1 -3 3 5 6 -7 22 8 9 10 15 12 -14 14 -16 -17 17 19 -20 -21 -22 -23 -24 -25 28 26 27 -29 29 -31
leaf_value=0.00037759127869104283 0.11224517136812212 -0.028698790877841523 0.039437781792619954 0.018361232082514351 -0.0063904603547756253 0.15719517212022435 0.015464804702334934 0.17944746832637226 0.029965077282628195 -0.07446742313914001 -0.053243423643566316 0.11499152302742005 0.14509207326660142 0.22510186717623759 -0.016772538549415596 0.094557250022060349 -0.065103321895003327 0.0044330986879639704 0.13442964144522632 0.11828844075853176 -0.038889932596836901 -0.027058243199204846 0.15850577725340492 0.037377469278261313 -0.0043893103187212278 -0.13183718472220271 0.15701147575270047 -0.044216957956162935 0.18620654174259732 -0.0010556311250246805
leaf_weight=106461 30 414 92 427 617 22 45 34 1549 304 84 40 144 21 438 72 96 59 79 55 680 259 23 61 1196 56 22 153 35 58
leaf_count=106461 30 414 92 427 617 22 45 34 1549 304 84 40 144 21 438 72 96 59 79 55 680 259 23 61 1196 56 22 153 35 58
internal_value=0.000638722 -0.0191756 0.000716451 0.0210906 0.000556982 0.00605996 -0.0190817 0.000798619 0.0108105 0.00526632 -0.0345919 0.0332496 0.0660163 0.00706284 -0.00570639 0.0212705 0.0204686 0.00246428 0.0833229 0.0593633 -0.0234295 0.00121306 0.0638463 -0.0151202 0.0120327 0.0200686 -0.0462936 -0.0189197 0.000935909 0.0694194
internal_weight=113626 444 113182 879 112303 708 1365 110938 4477 3590 521 887 394 493 459 217 250 210 171 114 1297 686 68 145 3069 1780 231 175 1289 93
internal_count=113626 444 113182 879 112303 708 1365 110938 4477 3590 521 887 394 493 459 217 250 210 171 114 1297 686 68 145 3069 1780 231 175 1289 93
is_linear=0
shrinkage=0.05


Tree=170
num_leaves=31
num_cat=0
split_feature=1 1 0 1 1 0 0 0 1 1 0 1 0 0 0 1 1 0 0 0 0 1 0 0 0 0 0 1 1 0
split_gain=99.7943 189.578 527.759 500.301 418.302 394.101 724.411 475.827 335.935 857.624 554.275 436.169 586.682 905.588 431.233 414.461 534.766 370.635 1319.9 369.774 358.482 331.106 2077.84 376.827 611.185 547.873 304.223 782.614 470.713 307.682
threshold=0.82659308966095224 0.44135527888097464 4.2109052100318509 0.35835823550598178 0.78217850835714009 4.2077310619281354 4.2061357214711323 4.2115481711037113 0.30238758275585748 0.30878179165240022 4.2092001896398363 0.29651250649177335 4.2090309300640696 4.2094907304715852 4.204831364457017 0.28594241921769475 0.27970993060822436 4.2095328946485546 4.2084723515306495 4.2057210055941399 4.209794181981672 0.27368111193524619 4.2117908053851538 4.2106800729713258 4.2090309300640696 4.210056713393997 4.2086262929321903 0.39186529923390212 0.41943572418293468 4.2083814024886363
decision_type=2 2 2 2 2 2 2 2 2 2 2 2 2 2 2 2 2 2 2 2 2 2 2 2 2 2 2 2 2 2
left_child=1 3 -3 8 -4 6 -5 26 11 14 -11 15 19 -14 -10 16 21 18 -18 -13 -12 -1 23 24 -23 -26 27 29 -29 -7
right_child=-2 2 4 5 -6 7 -8 -9 9 10 20 12 13 -15 -16 -17 17 -19 -20 -21 -22 22 -24 -25 25 -27 -28 28 -30 -31
leaf_value=0.00083080376793564278 0.0064976434957123158 -0.0045435172382957958 -0.13462312089078213 0.0083753564460172982 0.062048886146615537 0.29592896469614727 -0.11288120037298913 -0.064655913451784536 0.0073755418226398809 -0.031382588995769865 0.046871092034979314 0.0022514690035828075 0.35519946947179992 0.061581107038039741 -0.10735214923489234 -0.033160773405840303 0.033006442530313505 0.026519641238077325 0.39956420371026707 -0.21487393949342815 -0.0019603557076948584 -0.005861010819085335 0.41078657582402234 0.005451014602468128 -0.24468549731476555 -0.074270207934009222 0.02502074549621934 -0.0054341844584711871 0.11740382996592987 0.11195065111238907
leaf_weight=85481 6699 11434 132 929 34 44 142 133 108 1248 521 133 29 278 339 903 96 323 33 23 1349 114 24 126 87 103 2356 230 118 47
leaf_count=85481 6699 11434 132 929 34 44 142 133 108 1248 521 133 29 278 339 903 96 323 33 23 1349 114 24 126 87 103 2356 230 118 47
internal_value=0.000577645 0.000206721 -0.00582855 0.000941209 -0.0943409 0.0182515 -0.00770161 0.0277445 0.000183158 -0.0148628 -0.00557734 0.000794407 0.0491958 0.089317 -0.0796327 0.000537678 0.000889927 0.0551329 0.126777 -0.0297606 0.0116446 0.00060462 -0.0419822 -0.067253 -0.0973869 -0.152302 0.0321414 0.0703561 0.0362178 0.200907
internal_weight=113616 106917 11600 95317 166 3999 1071 2928 91318 3565 3118 87753 463 307 447 87290 86387 452 129 156 1870 85935 454 430 304 190 2795 439 348 91
internal_count=113616 106917 11600 95317 166 3999 1071 2928 91318 3565 3118 87753 463 307 447 87290 86387 452 129 156 1870 85935 454 430 304 190 2795 439 348 91
is_linear=0
shrinkage=0.05


Tree=171
num_leaves=31
num_cat=0
split_feature=1 1 0 1 1 0 0 0 1 1 0 1 0 0 0 1 1 0 0 0 1 0 0 0 0 1 0 0 0 0
split_gain=90.0644 171.094 476.302 451.522 377.517 355.676 653.781 429.434 303.181 774.006 500.233 393.643 529.48 817.294 389.188 374.051 482.627 352.745 333.721 323.53 298.823 1875.25 340.087 551.595 494.455 302.114 530.803 597.928 275.124 274.562
threshold=0.82659308966095224 0.44135527888097464 4.2109052100318509 0.35835823550598178 0.78217850835714009 4.2077310619281354 4.2061357214711323 4.2115481711037113 0.30238758275585748 0.30878179165240022 4.2092001896398363 0.29651250649177335 4.2090309300640696 4.2094907304715852 4.204831364457017 0.28594241921769475 0.27970993060822436 4.2118841380027527 4.2057210055941399 4.209794181981672 0.27368111193524619 4.2117908053851538 4.2106800729713258 4.2090309300640696 4.210056713393997 0.26948431542544993 4.2087076272842721 4.2107110260850016 4.2118347381042174 4.2086262929321903
decision_type=2 2 2 2 2 2 2 2 2 2 2 2 2 2 2 2 2 2 2 2 2 2 2 2 2 2 2 2 2 2
left_child=1 3 -3 8 -4 6 -5 29 11 14 -11 15 18 -14 -10 16 20 -18 -13 -12 25 22 23 -22 -25 -1 -27 -28 -15 -7
right_child=-2 2 4 5 -6 7 -8 -9 9 10 19 12 13 28 -16 -17 17 -19 -20 -21 21 -23 -24 24 -26 26 27 -29 -30 -31
leaf_value=0.00057254027233199719 0.0061727609566855938 -0.0043163410444247152 -0.12789196419021623 0.0079565898207923803 0.058946443896959813 0.066838330985365152 -0.10723714023553046 -0.061423115656340038 0.007006762752792349 -0.029813459402589032 0.044527536946314887 0.0021388910612777658 0.33743950231321929 0.076757228922631066 -0.1019845425638928 -0.031502734505440444 0.066698273574628292 -0.083849210655966469 -0.20413025138170823 -0.0018623358398134661 -0.005567960457451511 0.39024724473711103 0.005178464405120365 -0.23245122003229871 -0.070556698189777084 -0.011204932691481222 0.17596458908919571 0.010934858150070621 -0.077028800072995104 0.02376970774857539
leaf_weight=85029 6699 11434 132 929 34 439 142 133 108 1248 521 133 29 245 339 903 409 43 23 1349 114 24 126 87 103 232 115 105 33 2356
leaf_count=85029 6699 11434 132 929 34 439 142 133 108 1248 521 133 29 245 339 903 409 43 23 1349 114 24 126 87 103 232 115 105 33 2356
internal_value=0.000548763 0.000196386 -0.00553712 0.000894149 -0.0896239 0.0173389 -0.00731653 0.0263573 0.000174 -0.0141197 -0.00529847 0.000754687 0.0467361 0.0848512 -0.0756511 0.000510795 0.000845431 0.0523763 -0.0282726 0.0110623 0.000574389 -0.0398831 -0.0638904 -0.0925176 -0.144687 0.000789264 0.0415587 0.0972004 0.0585021 0.0305343
internal_weight=113616 106917 11600 95317 166 3999 1071 2928 91318 3565 3118 87753 463 307 447 87290 86387 452 156 1870 85935 454 430 304 190 85481 452 220 278 2795
internal_count=113616 106917 11600 95317 166 3999 1071 2928 91318 3565 3118 87753 463 307 447 87290 86387 452 156 1870 85935 454 430 304 190 85481 452 220 278 2795
is_linear=0
shrinkage=0.05


Tree=172
num_leaves=31
num_cat=0
split_feature=1 1 0 1 1 0 0 0 1 1 0 1 0 0 0 1 1 0 0 0 0 1 0 0 0 0 1 0 0 0
split_gain=81.2831 154.412 429.863 407.499 340.71 320.997 590.037 387.564 273.621 698.54 451.46 355.263 477.856 737.607 351.242 337.581 435.571 327.497 1191.21 301.183 291.986 269.688 1692.41 306.928 497.814 446.246 272.658 479.05 539.63 254.494
threshold=0.82659308966095224 0.44135527888097464 4.2109052100318509 0.35835823550598178 0.78217850835714009 4.2077310619281354 4.2061357214711323 4.2115481711037113 0.30238758275585748 0.30878179165240022 4.2092001896398363 0.29651250649177335 4.2090309300640696 4.2094907304715852 4.204831364457017 0.28594241921769475 0.27970993060822436 4.2095328946485546 4.2084723515306495 4.2057210055941399 4.209794181981672 0.27368111193524619 4.2117908053851538 4.2106800729713258 4.2090309300640696 4.210056713393997 0.26948431542544993 4.2087076272842721 4.2107110260850016 4.2096908238533937
decision_type=2 2 2 2 2 2 2 2 2 2 2 2 2 2 2 2 2 2 2 2 2 2 2 2 2 2 2 2 2 2
left_child=1 3 -3 8 -4 6 -5 -7 11 14 -11 15 19 -14 -10 16 21 18 -18 -13 -12 26 23 24 -23 -26 -1 -28 -29 -17
right_child=-2 2 4 5 -6 7 -8 -9 9 10 20 12 13 -15 -16 29 17 -19 -20 -21 -22 22 -24 -25 25 -27 27 28 -30 -31
leaf_value=0.00054391313454245013 0.0058641227074679265 -0.0041005240747825572 -0.12149736393863958 0.007558761140887011 0.05599912320527331 0.029007615860087599 -0.10187528194780922 -0.058351960853862586 0.0066564258015542124 -0.028322787254523391 0.042301160380719752 0.0020319490406410139 0.32056752361100299 0.055576949377658127 -0.096885314629382976 0.002372852014889429 0.028021206210056944 0.022860842630203711 0.37625107945817893 -0.19392373795094697 -0.0017692218754879628 -0.0052895637392474902 0.37073488390694065 0.0049195418400423867 -0.22082866120269928 -0.067028864002922212 -0.010644684894138882 0.16716636238862639 0.010388115572610074 -0.05174088866496545
leaf_weight=85029 6699 11434 132 929 34 2795 142 133 108 1248 521 133 29 278 339 364 96 323 33 23 1349 114 24 126 87 103 232 115 105 539
leaf_count=85029 6699 11434 132 929 34 2795 142 133 108 1248 521 133 29 278 339 364 96 323 33 23 1349 114 24 126 87 103 232 115 105 539
internal_value=0.000521325 0.000186566 -0.00526027 0.000849441 -0.0851427 0.0164719 -0.0069507 0.0250394 0.0001653 -0.0134137 -0.00503355 0.000716953 0.0443993 0.0806086 -0.0718685 0.000485255 0.000803159 0.0497575 0.117103 -0.026859 0.0105092 0.00054567 -0.0378889 -0.0606958 -0.0878917 -0.137453 0.000749801 0.0394808 0.0923404 -0.0299276
internal_weight=113616 106917 11600 95317 166 3999 1071 2928 91318 3565 3118 87753 463 307 447 87290 86387 452 129 156 1870 85935 454 430 304 190 85481 452 220 903
internal_count=113616 106917 11600 95317 166 3999 1071 2928 91318 3565 3118 87753 463 307 447 87290 86387 452 129 156 1870 85935 454 430 304 190 85481 452 220 903
is_linear=0
shrinkage=0.05


Tree=173
num_leaves=31
num_cat=0
split_feature=1 1 0 1 1 0 0 0 0 0 0 1 1 0 1 1 0 1 0 0 0 1 1 0 0 0 0 1 0 0
split_gain=73.358 139.357 387.951 367.768 307.49 289.7 532.509 349.777 251.304 249.769 247.792 706.309 424.818 277.683 246.943 630.433 407.443 320.624 431.265 665.691 316.996 304.667 393.102 311.77 271.818 263.517 248.3 243.393 1527.4 277.003
threshold=0.82659308966095224 0.44135527888097464 4.2109052100318509 0.35835823550598178 0.78217850835714009 4.2077310619281354 4.2061357214711323 4.2115481711037113 4.2029580716161297 4.2118841380027527 4.2086262929321903 0.39186529923390212 0.41943572418293468 4.2083814024886363 0.30238758275585748 0.30878179165240022 4.2092001896398363 0.29651250649177335 4.2090309300640696 4.2094907304715852 4.204831364457017 0.28594241921769475 0.27970993060822436 4.2118841380027527 4.2057210055941399 4.209794181981672 4.2118347381042174 0.27368111193524619 4.2117908053851538 4.2106800729713258
decision_type=2 2 2 2 2 2 2 2 2 2 2 2 2 2 2 2 2 2 2 2 2 2 2 2 2 2 2 2 2 2
left_child=1 3 -3 14 -4 6 8 10 -5 -9 11 13 -13 -7 17 20 -17 21 24 -20 -16 22 27 -24 -19 -18 -21 -1 29 -29
right_child=-2 2 4 5 -6 7 -8 9 -10 -11 -12 12 -14 -15 15 16 25 18 19 26 -22 -23 23 -25 -26 -27 -28 28 -30 -31
leaf_value=0.00071231049972819043 0.0055709161309925488 -0.0038954980841874724 -0.11542249649602597 -0.10675574806721316 0.053199164492680751 0.27634021761742505 -0.096781518816305201 -0.090015761955324916 0.013116362825930455 0.080329641020270418 0.021130841691857315 -0.0099547706897694464 0.1067413416138645 0.10156081765890122 0.0063236033095529793 -0.02690664803600297 0.040186101765749042 0.0019303523228132635 0.30453914660831982 0.070140520671800696 -0.092041048225136285 -0.028431218846856822 0.060734098384835393 -0.08079979336538981 -0.18422754562419397 -0.0016807573283432237 -0.075956209184545473 -0.083497115387581297 0.35219815125068032 0.0046735653565043497
leaf_weight=85481 6699 11434 132 46 34 44 142 106 883 27 2356 230 118 47 108 1248 521 133 29 245 339 903 409 43 23 1349 33 304 24 126
leaf_count=85481 6699 11434 132 46 34 44 142 106 883 27 2356 230 118 47 108 1248 521 133 29 245 339 903 409 43 23 1349 33 304 24 126
internal_value=0.000495259 0.000177238 -0.00499725 0.000806969 -0.0808855 0.0156483 -0.00660317 0.0237875 0.00718082 -0.0554344 0.0275572 0.062046 0.0296146 0.18607 0.000157035 -0.012743 -0.00478187 0.000681105 0.0421793 0.0765782 -0.0682751 0.000460992 0.000763001 0.0472696 -0.025516 0.00998375 0.0527981 0.000518386 -0.0359945 -0.0576611
internal_weight=113616 106917 11600 95317 166 3999 1071 2928 929 133 2795 439 348 91 91318 3565 3118 87753 463 307 447 87290 86387 452 156 1870 278 85935 454 430
internal_count=113616 106917 11600 95317 166 3999 1071 2928 929 133 2795 439 348 91 91318 3565 3118 87753 463 307 447 87290 86387 452 156 1870 278 85935 454 430
is_linear=0
shrinkage=0.05


Tree=174
num_leaves=31
num_cat=0
split_feature=1 1 0 0 0 1 0 0 1 0 1 1 0 0 0 0 1 0 0 0 0 0 1 1 0 1 0 0 0 1
split_gain=66.2056 127.69 410.849 243.78 814.89 116.34 1179.64 680.439 1093.17 336.914 689.286 422.186 449.908 366.59 386.283 524.457 354.619 323.166 297.891 265.046 356.958 268.709 232.804 331.91 265.52 273.271 271.806 263.874 295.356 504.394
threshold=0.82659308966095224 0.76175444319795671 4.2053661078374942 4.2094031629545396 4.210939725719931 0.66046176821179381 4.2101662756017779 4.2062499956048134 0.70837183041219554 4.2079410597434483 0.67611158993753573 0.69194094421133112 4.2082787309598624 4.2083814024886363 4.2085508141781736 4.2087076272842721 0.67611158993753573 4.2089699472680069 4.2081656876842208 4.2057210055941399 4.2053251092588484 4.2058187572993146 0.44135527888097464 0.35835823550598178 4.2035116318896408 0.38248090967220355 4.2115481711037113 4.2109052100318509 4.2093042635543387 0.54357157459813754
decision_type=2 2 2 2 2 2 2 2 2 2 2 2 2 2 2 2 2 2 2 2 2 2 2 2 2 2 2 2 2 2
left_child=1 5 -3 -4 -5 22 7 8 -7 16 13 18 -13 -11 -15 -16 -9 -14 -12 20 -10 -21 23 -1 25 -25 -26 28 -24 -30
right_child=-2 2 3 4 -6 6 -8 9 19 10 11 12 17 14 15 -17 -18 -19 -20 21 -22 -23 27 24 26 -27 -28 -29 29 -31
leaf_value=0.00014918370184579017 0.0052923697181719445 0.081834894123643934 -0.017535658746366856 -0.30039012556662786 0.038127024844288829 0.27353318626842194 -0.33830246372769279 0.044308333256238203 0.10830441042780876 0.040471466510730275 0.27952506305842567 -0.031185288561843567 0.11111039045140031 -0.2742824481001922 0.13565729539065313 -0.14963028479975707 -0.017740208396428835 0.00016406713519245386 0.097515248626470569 0.23855930729990915 -0.13141370392192833 0.044058172365893489 -0.011866597752293255 0.042330997028763882 0.020089645201690133 -0.092355131356230191 -0.052662647033768488 -0.083832407220707922 -0.0053791687992081044 0.062094046304616894
leaf_weight=91318 6699 101 1171 32 40 62 24 277 24 59 29 161 191 28 24 49 1365 100 100 21 44 115 6113 57 3698 111 133 114 968 388
leaf_count=91318 6699 101 1171 32 40 62 24 277 24 59 29 161 191 28 24 49 1365 100 100 21 44 115 6113 57 3698 111 133 114 968 388
internal_value=0.000470496 0.000168376 -0.0151461 -0.0230263 -0.112325 0.000363337 0.0106616 0.0138233 0.0896714 0.00535679 0.0333431 0.0586496 0.0358798 -0.0585513 -0.116396 -0.0558371 -0.00727282 0.0729845 0.138432 0.0337919 -0.0468073 0.0740914 9.58215e-05 0.000766621 0.0148659 -0.0466581 0.0175639 -0.00833601 -0.0071837 0.0139273
internal_weight=113616 106917 1344 1243 72 105573 2673 2649 266 2383 741 581 452 160 101 73 1642 291 129 204 68 136 102900 95317 3999 168 3831 7583 7469 1356
internal_count=113616 106917 1344 1243 72 105573 2673 2649 266 2383 741 581 452 160 101 73 1642 291 129 204 68 136 102900 95317 3999 168 3831 7583 7469 1356
is_linear=0
shrinkage=0.05


Tree=175
num_leaves=31
num_cat=0
split_feature=1 1 0 1 0 0 0 0 1 1 0 1 1 1 0 0 1 0 1 1 1 0 0 1 0 0 0 0 0 0
split_gain=151.105 271.294 498.521 330.412 355.279 324.281 324.173 484.814 404.512 627.538 391.638 325.505 267.788 357.515 274.237 251.283 228.997 244.051 198.521 170.306 668.481 565.45 334.755 294.914 321.836 314.29 281.933 441.871 247.999 179.598
threshold=0.9899572276429659 0.35835823550598178 4.163209113926416 0.95832438602939451 4.1881520144172528 4.2103868452367754 4.2093042635543387 4.2092001896398363 0.52999857268208184 0.61379160706171965 4.2099997046384123 0.59821005442195807 0.90581773459918347 0.94133524972883265 4.1317818897369714 4.2094031629545396 0.4013054117227623 4.2099997046384123 0.97366692785173814 0.30238758275585748 0.30878179165240022 4.2092001896398363 4.204831364457017 0.29651250649177335 4.2090309300640696 4.2057210055941399 4.209794181981672 4.2094499233704212 4.2098241418237548 4.2098853606104658
decision_type=2 2 2 2 2 2 2 2 2 2 2 2 2 2 2 2 2 2 2 2 2 2 2 2 2 2 2 2 2 2
left_child=1 19 12 5 -5 6 7 -4 15 10 11 -10 -3 14 -14 -8 -17 -18 -6 23 22 -22 -21 -1 25 -25 27 -23 -26 -28
right_child=-2 2 3 4 18 -7 8 -9 9 -11 -12 -13 13 -15 -16 16 17 -19 -20 20 21 26 -24 24 28 -27 29 -29 -30 -31
leaf_value=-0.0010777125263319045 -0.012123570226336996 0.16662473889385784 0.0049705977401750014 -0.093104786155277119 -0.041105328928413142 -0.018525298973856314 0.068616930913151339 -0.062901166663244509 0.115451628115119 -0.0034903438143104454 -0.021298723295331001 0.32520421482622625 0.15082619708517325 0.057126514717178833 -0.030215936821776552 0.032502135556695386 -0.024746274570894219 0.027591939947497608 0.037858787837297951 0.0056052655218677095 -0.029716304039346088 -0.0059291851577028395 -0.09518929220339932 0.0087726180093320276 0.14531696980135353 -0.19958603069895792 -0.073469899408519265 0.084745742470948002 0.042223141939617327 0.0057372295208876472
leaf_weight=87430 2701 41 14419 179 175 1408 178 268 246 216 50 20 23 590 231 532 694 328 146 110 1260 244 328 131 79 21 76 299 223 1227
leaf_count=87430 2701 41 14419 179 175 1408 178 268 246 216 50 20 23 590 231 532 694 328 146 110 1260 244 328 131 79 21 76 299 223 1227
internal_value=-0.00043843 -0.000154532 0.00516061 0.00343951 -0.0366636 0.0045317 0.00644688 0.00373211 0.0240581 0.0621924 0.107089 0.131222 0.0418366 0.0357746 -0.0138224 0.0123448 0.00589921 -0.00794888 -0.00519019 -0.00130234 -0.0120485 -0.00389389 -0.0698756 -0.000868994 0.0393253 -0.0200138 0.0137314 0.0440005 0.0691914 0.00111732
internal_weight=113873 111172 19744 18859 500 18359 16951 14687 2264 532 316 266 885 844 254 1732 1554 1022 321 91428 3544 3106 438 87884 454 152 1846 543 302 1303
internal_count=113873 111172 19744 18859 500 18359 16951 14687 2264 532 316 266 885 844 254 1732 1554 1022 321 91428 3544 3106 438 87884 454 152 1846 543 302 1303
is_linear=0
shrinkage=0.05


Tree=176
num_leaves=31
num_cat=0
split_feature=1 1 0 1 0 0 1 0 0 1 0 1 1 0 0 1 1 0 0 1 1 0 0 0 0 0 0 1 0 0
split_gain=136.372 244.843 449.915 298.197 320.64 292.664 309.808 382.658 703.668 401.865 336.743 241.679 322.657 247.498 191.328 462.383 472.953 349.006 495.119 294.843 1106.02 531.124 725.595 1330.78 540.821 446.387 486.025 317.525 326.729 350.463
threshold=0.9899572276429659 0.35835823550598178 4.163209113926416 0.95832438602939451 4.1881520144172528 4.2103868452367754 0.4013054117227623 4.2077310619281354 4.2086262929321903 0.39186529923390212 4.2047591896279792 0.90581773459918347 0.94133524972883265 4.1317818897369714 4.2054927870493648 0.41943572418293468 0.44135527888097464 4.2069679798942632 4.2091428143259337 0.48363323162759736 0.49456154115686563 4.2092001896398363 4.2070967715774277 4.2077310619281354 4.2083814024886363 4.2092521302304364 4.208849531058557 0.69194094421133112 4.2089088136697255 4.2092001896398363
decision_type=2 2 2 2 2 2 2 2 2 2 2 2 2 2 2 2 2 2 2 2 2 2 2 2 2 2 2 2 2 2
left_child=1 -1 11 5 -5 6 7 10 -9 -10 -4 -3 13 -13 -8 -16 17 -17 -19 -18 21 22 -21 -24 -25 26 -22 28 -28 -30
right_child=-2 2 3 4 -6 -7 14 8 9 -11 -12 12 -14 -15 15 16 19 18 -20 20 25 -23 23 24 -26 -27 27 -29 29 -31
leaf_value=-0.0012372259445919114 -0.011517392464364153 0.15829349985209906 0.016884905377470481 -0.088449548093300301 -0.0049306778771065849 -0.017599034758627983 0.017903657104729191 0.14833820104295165 0.013378245121491668 0.098247401428936218 -0.067989567698875694 0.14328487852345342 0.054270192619602566 -0.028705136858539666 -0.040436686288679191 -0.078849628738438093 -0.019928846773159471 0.12181083698341551 0.019551437520768811 -0.04130847641182217 0.0017554241623642893 -0.003169031951414502 0.47724797604605557 -0.02064332386235828 0.18786650908490021 0.037045031939242787 -0.14005386687587112 0.040866152420832025 -0.023428762772147293 -0.15576684258044943
leaf_weight=91428 2701 41 441 179 321 1408 2097 141 777 170 159 23 590 231 622 48 1395 204 282 44 8821 92 32 46 96 823 98 97 409 57
leaf_count=91428 2701 41 441 179 321 1408 2097 141 777 170 159 23 590 231 622 48 1395 204 282 44 8821 92 32 46 96 823 98 97 409 57
internal_value=-0.000416509 -0.000146805 0.00490258 0.00326753 -0.0348304 0.00430511 0.00612454 0.0264506 0.0441293 0.0286135 -0.00560683 0.0397448 0.0339859 -0.0131312 0.00387659 0.00164245 0.00372896 0.0497718 0.0624751 0.00168176 0.00452178 0.0975755 0.140092 0.185963 0.120321 0.0017225 -0.00134336 -0.0426964 -0.057068 -0.039616
internal_weight=113873 111172 19744 18859 500 18359 16951 1688 1088 947 600 885 844 254 15263 13166 12544 534 486 12010 10615 310 218 174 142 10305 9482 661 564 466
internal_count=113873 111172 19744 18859 500 18359 16951 1688 1088 947 600 885 844 254 15263 13166 12544 534 486 12010 10615 310 218 174 142 10305 9482 661 564 466
is_linear=0
shrinkage=0.05


Tree=177
num_leaves=31
num_cat=0
split_feature=1 1 0 1 0 0 0 0 1 1 0 1 0 1 0 1 1 0 1 0 0 0 0 1 0 1 0 1 1 0
split_gain=123.076 220.971 406.048 269.123 289.377 264.298 297.243 420.589 363.051 553.715 318.006 293.769 226.74 257.84 220.427 218.115 291.198 223.367 179.165 170.753 167.331 218.467 161.661 195.711 289.521 158.752 239.809 192.083 188.782 157.796
threshold=0.9899572276429659 0.35835823550598178 4.163209113926416 0.95832438602939451 4.1881520144172528 4.2103275741755049 4.2093042635543387 4.2092001896398363 0.52999857268208184 0.61379160706171965 4.2099997046384123 0.59821005442195807 4.2094031629545396 0.46250386419151496 4.2102471159256956 0.90581773459918347 0.94133524972883265 4.1317818897369714 0.97366692785173814 4.2101381887050549 4.2096908238533937 4.209794181981672 4.1481006113486876 0.97366692785173814 4.1108919008022484 0.47337442032806615 4.2093540619516814 0.41943572418293468 0.49456154115686563 4.2094907304715852
decision_type=2 2 2 2 2 2 2 2 2 2 2 2 2 2 2 2 2 2 2 2 2 2 2 2 2 2 2 2 2 2
left_child=1 -1 15 5 -5 6 7 -4 12 10 11 20 25 -14 29 -3 17 -17 -6 -12 -10 -22 23 -18 -25 26 -8 -28 -27 -15
right_child=-2 2 3 4 18 -7 8 -9 9 -11 19 -13 13 14 -16 16 22 -19 -20 -21 21 -23 -24 24 -26 28 27 -29 -30 -31
leaf_value=-0.0011753649213364096 -0.010941521969190442 0.15037882538830363 0.0044623002932363291 -0.084027066960015107 -0.038803528325898312 -0.01613279425072435 -0.026655780513371741 -0.058754201759514749 0.075676407088111686 -0.0030049463502293183 -0.10018668229933139 0.30709175363183028 0.018299667072471885 0.04339691406151034 0.11915728341167171 0.1361206407132356 0.014632487966139852 -0.027269882608801772 0.036212378883198518 0.089913685690789003 0.25714829064284767 0.099816899480330845 0.10503744069127399 0.019451447195476958 0.14933251917543935 0.25994378216564656 0.17763748977235275 -0.0080089742148464378 0.058813632386071346 -0.04930334416036182
leaf_weight=91428 2701 41 14419 179 175 1485 70 268 153 213 27 20 1062 53 24 23 304 231 146 21 36 57 114 90 82 20 38 22 28 343
leaf_count=91428 2701 41 14419 179 175 1485 70 268 153 213 27 20 1062 53 24 23 304 231 146 21 36 57 114 90 82 20 38 22 28 343
internal_value=-0.000395684 -0.000139465 0.00465745 0.00310415 -0.0330889 0.00408986 0.00586956 0.00330876 0.0230668 0.0592226 0.101434 0.122809 0.0115884 0.00518422 -0.0279791 0.0377575 0.0322866 -0.0124747 -0.00468414 -0.0170178 0.107827 0.160719 0.0515567 0.0387483 0.0813715 0.0649089 0.0362163 0.109567 0.142618 -0.0368965
internal_weight=113873 111172 19744 18859 500 18359 16874 14687 2187 527 314 266 1660 1482 420 885 844 254 321 48 246 93 590 476 172 178 130 60 48 396
internal_count=113873 111172 19744 18859 500 18359 16874 14687 2187 527 314 266 1660 1482 420 885 844 254 321 48 246 93 590 476 172 178 130 60 48 396
is_linear=0
shrinkage=0.05


Tree=178
num_leaves=31
num_cat=0
split_feature=1 1 0 1 0 1 0 0 0 1 0 1 0 1 0 1 1 0 0 1 0 1 1 1 0 0 1 1 0 0
split_gain=111.076 199.426 366.459 247.047 278.095 297.497 308.873 669.519 303.911 283.296 264.538 845.795 375.94 353.071 236.708 440.027 324.877 345.611 439.893 262.985 257.88 223.379 196.849 262.806 201.589 193.258 753.24 738.376 494.223 587.292
threshold=0.9899572276429659 0.35835823550598178 4.163209113926416 0.94133524972883265 4.2108729930055508 0.4013054117227623 4.2077310619281354 4.2086262929321903 4.2047591896279792 0.39186529923390212 4.1763048044315134 0.95832438602939451 4.2042867923315663 0.97366692785173814 4.2054927870493648 0.41943572418293468 0.44135527888097464 4.2097613535868081 4.2069679798942632 0.41943572418293468 4.2082787309598624 0.45112986590810861 0.90581773459918347 0.94133524972883265 4.1317818897369714 4.2068496107325712 0.52999857268208184 0.59821005442195807 4.2075194183444795 4.2074246467047258
decision_type=2 2 2 2 2 2 2 2 2 2 2 2 2 2 2 2 2 2 2 2 2 2 2 2 2 2 2 2 2 2
left_child=1 -1 22 4 5 6 8 -8 -4 -9 11 -5 13 -12 19 20 17 18 -17 -7 -16 -18 -3 24 -24 26 -23 -28 29 -27
right_child=-2 2 3 10 -6 14 7 9 -10 -11 12 -13 -14 -15 15 16 21 -19 -20 -21 -22 25 23 -25 -26 28 27 -29 -30 -31
leaf_value=-0.0011165965305131183 -0.010394445315257109 0.14285988800409363 0.015817545308169749 0.23195488315362198 -0.025550720642863369 0.094216276718689526 0.1406981779962567 0.013800076379783845 -0.064813206275433022 0.078740707348447805 -0.096332970893326542 -0.069166846265052928 0.024936511665582656 -0.0087706465255185436 -0.08727106091125103 -0.075130260743511229 -0.03861634676929477 -0.010862879483808768 0.086449468129336141 0.014939968084032279 -0.019247205643779013 -0.09182695710739594 0.12931462163510529 0.048978847779207316 -0.025906390803200858 0.014210347210102482 0.15342839688559373 -0.0059277024975678445 -0.0010363461346239856 0.080952555380045588
leaf_weight=91428 2701 41 441 39 757 111 141 950 159 204 277 58 180 197 191 48 344 227 344 1818 515 252 23 590 231 1918 75 2361 6854 398
leaf_count=91428 2701 41 441 39 757 111 141 950 159 204 277 58 180 197 191 48 344 227 344 1818 515 252 23 590 231 1918 75 2361 6854 398
internal_value=-0.000375899 -0.000132492 0.00442458 0.00294895 0.00411437 0.00540862 0.0241065 0.0378468 -0.0055496 0.02528 -0.0251517 0.0519027 -0.0365802 -0.059941 0.00311614 0.000779497 0.00289567 0.0382334 0.0666642 0.0195017 -0.0376503 0.001103 0.0358696 0.0306723 -0.0118509 0.00225526 -0.00953444 -0.00102142 0.00571117 0.0256799
internal_weight=113873 111172 19744 18859 18108 17351 1895 1295 600 1154 751 97 654 474 15456 13527 12821 619 392 1929 706 12202 885 844 254 11858 2688 2436 9170 2316
internal_count=113873 111172 19744 18859 18108 17351 1895 1295 600 1154 751 97 654 474 15456 13527 12821 619 392 1929 706 12202 885 844 254 11858 2688 2436 9170 2316
is_linear=0
shrinkage=0.05


end of trees

feature_importances:
c_rate=2994
voltage=2376

parameters:
[boosting: gbdt]
[objective: regression]
[metric: rmse]
[tree_learner: serial]
[device_type: cpu]
[data_sample_strategy: bagging]
[data: ]
[valid: ]
[num_iterations: 500]
[learning_rate: 0.05]
[num_leaves: 31]
[num_threads: 0]
[seed: 42]
[deterministic: 0]
[force_col_wise: 0]
[force_row_wise: 0]
[histogram_pool_size: -1]
[max_depth: -1]
[min_data_in_leaf: 20]
[min_sum_hessian_in_leaf: 0.001]
[bagging_fraction: 0.8]
[pos_bagging_fraction: 1]
[neg_bagging_fraction: 1]
[bagging_freq: 5]
[bagging_seed: 400]
[bagging_by_query: 0]
[feature_fraction: 0.9]
[feature_fraction_bynode: 1]
[feature_fraction_seed: 30056]
[extra_trees: 0]
[extra_seed: 12879]
[early_stopping_round: 0]
[early_stopping_min_delta: 0]
[first_metric_only: 0]
[max_delta_step: 0]
[lambda_l1: 0]
[lambda_l2: 0]
[linear_lambda: 0]
[min_gain_to_split: 0]
[drop_rate: 0.1]
[max_drop: 50]
[skip_drop: 0.5]
[xgboost_dart_mode: 0]
[uniform_drop: 0]
[drop_seed: 17869]
[top_rate: 0.2]
[other_rate: 0.1]
[min_data_per_group: 100]
[max_cat_threshold: 32]
[cat_l2: 10]
[cat_smooth: 10]
[max_cat_to_onehot: 4]
[top_k: 20]
[monotone_constraints: ]
[monotone_constraints_method: basic]
[monotone_penalty: 0]
[feature_contri: ]
[forcedsplits_filename: ]
[refit_decay_rate: 0.9]
[cegb_tradeoff: 1]
[cegb_penalty_split: 0]
[cegb_penalty_feature_lazy: ]
[cegb_penalty_feature_coupled: ]
[path_smooth: 0]
[interaction_constraints: ]
[verbosity: -1]
[saved_feature_importance_type: 0]
[use_quantized_grad: 0]
[num_grad_quant_bins: 4]
[quant_train_renew_leaf: 0]
[stochastic_rounding: 1]
[linear_tree: 0]
[max_bin: 255]
[max_bin_by_feature: ]
[min_data_in_bin: 3]
[bin_construct_sample_cnt: 200000]
[data_random_seed: 175]
[is_enable_sparse: 1]
[enable_bundle: 1]
[use_missing: 1]
[zero_as_missing: 0]
[feature_pre_filter: 1]
[pre_partition: 0]
[two_round: 0]
[header: 0]
[label_column: ]
[weight_column: ]
[group_column: ]
[ignore_column: ]
[categorical_feature: ]
[forcedbins_filename: ]
[precise_float_parser: 0]
[parser_config_file: ]
[objective_seed: 16083]
[num_class: 1]
[is_unbalance: 0]
[scale_pos_weight: 1]
[sigmoid: 1]
[boost_from_average: 1]
[reg_sqrt: 0]
[alpha: 0.9]
[fair_c: 1]
[poisson_max_delta_step: 0.7]
[tweedie_variance_power: 1.5]
[lambdarank_truncation_level: 30]
[lambdarank_norm: 1]
[label_gain: ]
[lambdarank_position_bias_regularization: 0]
[eval_at: ]
[multi_error_top_k: 1]
[auc_mu_weights: ]
[num_machines: 1]
[local_listen_port: 12400]
[time_out: 120]
[machine_list_filename: ]
[machines: ]
[gpu_platform_id: -1]
[gpu_device_id: -1]
[gpu_use_dp: 0]
[num_gpu: 1]

end of parameters

pandas_categorical:[]
